Question ID,Model,Model Load Time (s),Prefill Time (ms),Decode Time (ms),Total Compute Time (ms),Latency (s),Input Tokens,Output Tokens,Total Tokens,Correct,Model Response,Ground Truth,Question,Avg GPU+CPU Power (W),Max GPU+CPU Power (W),Avg Board Power (W),Max GPU Temp (C),Total Energy (J),Energy per Input Token (J),Energy per Output Token (J),Energy per Total Token (J),RAM Used (MB),RAM Free (MB),Swap Used (MB),KV Active Tokens,KV Active Ratio,Prompt Cache Entries,Prompt Cache Size (MB),Prompt Cache Limit (MB)
0,Qwen2.5-VL-3B,62.29,2588.97,157.73,2746.70,2.788,124,2,126,1,Urban,urban,Is it a rural or an urban area,1.80,3.99,7.10,53.6,19.11,0.1541,9.5526,0.1516,5312,2295,399,125,0.0038,0,0.000,4096
1,Qwen2.5-VL-3B,,109.50,73.37,182.87,0.199,121,2,123,1,Yes,yes,Is there a water area?,3.82,3.84,10.24,53.4,1.03,0.0085,0.5125,0.0083,5591,2016,399,122,0.0037,0,0.000,4096
2,Qwen2.5-VL-3B,,117.42,233.54,350.96,0.367,122,4,126,0,100,5524,What is the amount of buildings?,4.16,4.30,10.76,53.8,3.22,0.0264,0.8047,0.0255,5596,2011,399,127,0.0039,0,0.000,4096
3,Qwen2.5-VL-3B,,117.68,72.98,190.66,0.206,126,2,128,0,0,82,What is the number of commercial buildings in the image?,4.28,4.34,11.05,53.7,2.20,0.0175,1.1008,0.0172,5605,2002,399,127,0.0039,0,0.000,4096
4,Qwen2.5-VL-3B,,116.94,72.99,189.94,0.205,122,2,124,1,Yes,yes,Is there a small water area?,3.88,4.11,10.28,53.7,2.05,0.0168,1.0246,0.0165,5608,1999,399,123,0.0038,0,0.000,4096
5,Qwen2.5-VL-3B,,117.16,280.27,397.43,0.413,123,5,128,0,1000,5380,What is the amount of residential buildings?,3.90,4.22,10.31,53.8,4.13,0.0336,0.8262,0.0323,5608,1999,399,130,0.0040,0,0.000,4096
6,Qwen2.5-VL-3B,,106.47,72.91,179.38,0.196,120,2,122,1,Yes,yes,Is a building present?,4.23,4.54,10.85,53.8,1.09,0.0091,0.5434,0.0089,5611,1996,399,121,0.0037,0,0.000,4096
7,Qwen2.5-VL-3B,,106.37,72.91,179.28,0.196,121,2,123,1,Yes,yes,Is there a residential building?,4.05,4.11,10.54,53.5,1.06,0.0087,0.5276,0.0086,5614,1993,399,122,0.0037,0,0.000,4096
8,Qwen2.5-VL-3B,,117.64,144.12,261.76,0.278,125,3,128,0,10,1064,What is the amount of roads in the image?,4.25,4.26,10.75,53.7,2.15,0.0172,0.7180,0.0168,5616,1991,399,128,0.0039,0,0.000,4096
9,Qwen2.5-VL-3B,,117.50,73.03,190.54,0.206,124,2,126,0,Yes,no,Are there more water areas than commercial buildings?,4.25,4.30,10.88,53.7,2.18,0.0175,1.0879,0.0173,5618,1989,399,125,0.0038,0,0.000,4096
10,Qwen2.5-VL-3B,,106.39,72.98,179.37,0.194,120,2,122,1,Yes,yes,Is there a road?,3.80,3.80,10.12,53.5,1.01,0.0084,0.5066,0.0083,5618,1989,399,121,0.0037,0,0.000,4096
11,Qwen2.5-VL-3B,,116.93,72.99,189.93,0.205,122,2,124,1,Yes,yes,Are there less roads than buildings?,4.12,4.26,10.64,53.9,2.12,0.0174,1.0610,0.0171,5618,1989,399,123,0.0038,0,0.000,4096
12,Qwen2.5-VL-3B,,117.46,72.95,190.41,0.205,124,2,126,1,Yes,yes,Is there a commercial building in the image?,3.80,3.99,10.06,53.8,2.00,0.0162,1.0021,0.0159,5618,1989,399,125,0.0038,0,0.000,4096
13,Qwen2.5-VL-3B,,117.25,212.72,329.97,0.345,123,4,127,0,100,258,What is the amount of grass areas?,3.78,4.22,10.06,53.8,3.01,0.0245,0.7522,0.0237,5618,1989,399,128,0.0039,0,0.000,4096
14,Qwen2.5-VL-3B,,116.95,72.94,189.89,0.205,122,2,124,1,Yes,yes,Are there more buildings than roads?,3.98,3.99,10.40,53.9,2.08,0.0171,1.0415,0.0168,5624,1983,399,123,0.0038,0,0.000,4096
15,Qwen2.5-VL-3B,,117.07,73.09,190.17,0.205,122,2,124,0,1,44,How many village greens are there?,3.68,3.72,9.87,53.8,1.98,0.0162,0.9894,0.0160,5624,1983,399,123,0.0038,0,0.000,4096
16,Qwen2.5-VL-3B,,117.28,73.00,190.28,0.206,123,2,125,1,Yes,yes,Are there less grass areas than buildings?,3.52,3.56,9.65,53.8,1.94,0.0157,0.9684,0.0155,5627,1980,399,124,0.0038,0,0.000,4096
17,Qwen2.5-VL-3B,,117.19,212.75,329.94,0.345,123,4,127,0,100,19,How many medium residential buildings are there?,3.59,3.92,9.66,53.9,2.89,0.0235,0.7229,0.0228,5627,1980,399,128,0.0039,0,0.000,4096
18,Qwen2.5-VL-3B,,117.67,73.04,190.72,0.206,125,2,127,1,Yes,yes,Is a circular grass area present in the image?,4.02,4.22,10.46,53.9,2.09,0.0167,1.0426,0.0164,5627,1980,399,126,0.0038,0,0.000,4096
19,Qwen2.5-VL-3B,,117.28,73.02,190.30,0.204,123,2,125,0,1,27,What is the amount of pitchs?,3.83,4.22,10.13,53.8,2.01,0.0163,1.0028,0.0160,5627,1980,399,124,0.0038,0,0.000,4096
20,Qwen2.5-VL-3B,,106.81,72.95,179.75,0.195,121,2,123,1,Yes,yes,Is there a village green?,3.40,3.40,9.44,53.0,0.95,0.0078,0.4728,0.0077,5627,1980,399,122,0.0037,0,0.000,4096
21,Qwen2.5-VL-3B,,117.47,72.93,190.40,0.206,125,2,127,1,Yes,yes,Is a large commercial building present in the image?,3.86,3.88,10.22,53.7,2.05,0.0164,1.0237,0.0161,5627,1980,399,126,0.0038,0,0.000,4096
22,Qwen2.5-VL-3B,,117.19,72.98,190.17,0.205,123,2,125,0,1,42,What is the number of water areas?,3.60,3.64,9.80,53.5,1.96,0.0160,0.9823,0.0157,5627,1980,399,124,0.0038,0,0.000,4096
23,Qwen2.5-VL-3B,,118.61,73.01,191.62,0.207,128,2,130,1,No,no,Is the number of buildings equal to the number of water areas?,3.51,3.56,9.58,53.8,1.92,0.0150,0.9605,0.0148,5627,1980,399,129,0.0039,0,0.000,4096
24,Qwen2.5-VL-3B,,106.37,72.93,179.30,0.194,121,2,123,1,Yes,yes,Is there a small road?,3.42,3.48,9.40,53.6,0.94,0.0078,0.4708,0.0077,5627,1980,399,122,0.0037,0,0.000,4096
25,Qwen2.5-VL-3B,,105.81,72.96,178.77,0.194,121,2,123,0,Yes,no,Is there a rectangular road?,3.84,3.84,10.08,54.0,1.01,0.0083,0.5046,0.0082,5627,1980,399,122,0.0037,0,0.000,4096
26,Qwen2.5-VL-3B,,116.89,73.08,189.97,0.205,122,2,124,0,2,1064,How many small roads are there?,4.20,4.38,10.62,54.2,2.11,0.0173,1.0572,0.0171,5627,1980,399,123,0.0038,0,0.000,4096
27,Qwen2.5-VL-3B,,118.81,73.11,191.92,0.207,129,2,131,1,No,no,Is the number of residential buildings equal to the number of medium roads?,3.89,4.11,10.13,53.9,2.02,0.0157,1.0103,0.0154,5623,1984,398,130,0.0040,0,0.000,4096
28,Qwen2.5-VL-3B,,117.43,72.98,190.41,0.204,124,2,126,1,Yes,yes,Are there more roads than rectangular water areas?,3.72,3.96,9.81,53.9,1.96,0.0158,0.9779,0.0155,5623,1984,398,125,0.0038,0,0.000,4096
29,Qwen2.5-VL-3B,,117.20,72.99,190.20,0.205,123,2,125,0,0,2,How many circular residential buildings are there?,3.63,3.88,9.69,53.9,1.93,0.0157,0.9654,0.0154,5623,1984,398,124,0.0038,0,0.000,4096
30,Qwen2.5-VL-3B,,106.86,73.03,179.89,0.195,121,2,123,1,Yes,yes,Is there a grass area?,3.42,3.44,9.44,53.8,0.95,0.0078,0.4728,0.0077,5623,1984,398,122,0.0037,0,0.000,4096
31,Qwen2.5-VL-3B,,116.93,72.98,189.91,0.205,122,2,124,0,1,117,What is the amount of forests?,3.90,4.11,10.21,54.1,2.04,0.0167,1.0177,0.0164,5623,1984,398,123,0.0038,0,0.000,4096
32,Qwen2.5-VL-3B,,117.13,72.94,190.06,0.205,123,2,125,0,1,19,How many rectangular commercial buildings are there?,3.72,3.92,9.88,54.0,1.97,0.0160,0.9833,0.0157,5623,1984,398,124,0.0038,0,0.000,4096
33,Qwen2.5-VL-3B,,106.42,73.00,179.41,0.194,120,2,122,1,Yes,yes,Is a forest present?,3.48,3.48,9.54,53.8,0.96,0.0080,0.4778,0.0078,5623,1984,398,121,0.0037,0,0.000,4096
34,Qwen2.5-VL-3B,,117.22,72.97,190.19,0.205,123,2,125,0,4,498,How many farmlands are there?,3.93,4.11,10.30,54.1,2.05,0.0167,1.0266,0.0164,5623,1984,398,124,0.0038,0,0.000,4096
35,Qwen2.5-VL-3B,,118.04,73.00,191.04,0.206,126,2,128,0,Yes,no,Are there less buildings than grass areas in the image?,3.72,3.88,9.96,53.9,1.98,0.0157,0.9913,0.0155,5623,1984,398,127,0.0039,0,0.000,4096
36,Qwen2.5-VL-3B,,116.88,72.99,189.86,0.205,122,2,124,1,Yes,yes,Is a rectangular water area present?,3.61,3.84,9.77,53.9,1.94,0.0159,0.9721,0.0157,5623,1984,398,123,0.0038,0,0.000,4096
37,Qwen2.5-VL-3B,,117.44,144.53,261.97,0.277,124,3,127,0,10,104,What is the number of small grass areas?,3.59,3.84,9.64,53.9,1.92,0.0155,0.6397,0.0151,5623,1984,398,127,0.0039,0,0.000,4096
38,Qwen2.5-VL-3B,,106.74,72.96,179.70,0.195,121,2,123,0,No,yes,Is there a circular parking?,3.99,4.11,10.36,54.2,1.04,0.0086,0.5186,0.0084,5623,1984,398,122,0.0037,0,0.000,4096
39,Qwen2.5-VL-3B,,117.19,72.96,190.16,0.205,123,2,125,1,Yes,yes,Are there less roads than residential buildings?,4.16,4.26,10.59,54.3,2.11,0.0172,1.0559,0.0169,5623,1984,398,124,0.0038,0,0.000,4096
40,Qwen2.5-VL-3B,,117.50,73.13,190.63,0.205,124,2,126,0,1,3,What is the amount of square grass areas?,3.95,4.23,10.23,54.1,2.03,0.0164,1.0153,0.0161,5623,1984,398,125,0.0038,0,0.000,4096
41,Qwen2.5-VL-3B,,117.24,73.11,190.35,0.206,123,2,125,1,No,no,Are there more commercial buildings than roads?,4.14,4.34,10.38,54.1,2.07,0.0168,1.0341,0.0165,5624,1983,397,124,0.0038,0,0.000,4096
42,Qwen2.5-VL-3B,,106.76,73.05,179.81,0.195,121,2,123,1,Yes,yes,Is a small building present?,3.93,4.07,10.05,53.7,1.01,0.0083,0.5031,0.0082,5628,1979,394,122,0.0037,0,0.000,4096
43,Qwen2.5-VL-3B,,106.14,72.97,179.12,0.194,120,2,122,0,No,yes,Is there a parking?,3.99,4.03,10.32,54.0,1.03,0.0086,0.5165,0.0085,5628,1979,394,121,0.0037,0,0.000,4096
44,Qwen2.5-VL-3B,,117.19,73.05,190.24,0.205,123,2,125,0,1,2,How many large commercial buildings are there?,4.21,4.31,10.67,54.4,2.13,0.0173,1.0650,0.0170,5628,1979,394,124,0.0038,0,0.000,4096
45,Qwen2.5-VL-3B,,117.43,73.08,190.51,0.205,124,2,126,0,No,yes,Are there more commercial buildings than residential areas?,3.88,3.99,10.22,54.3,2.03,0.0164,1.0147,0.0161,5628,1979,394,125,0.0038,0,0.000,4096
46,Qwen2.5-VL-3B,,106.39,72.92,179.32,0.194,126,2,128,0,Yes,no,Are there more commercial buildings than forests in the image?,3.58,3.72,9.82,54.0,0.98,0.0078,0.4917,0.0077,5628,1979,394,127,0.0039,0,0.000,4096
47,Qwen2.5-VL-3B,,117.15,73.04,190.19,0.205,123,2,125,1,0,0,What is the amount of circular roads?,3.84,3.99,10.24,54.4,2.04,0.0166,1.0221,0.0164,5628,1979,394,124,0.0038,0,0.000,4096
48,Qwen2.5-VL-3B,,118.51,72.99,191.50,0.207,128,2,130,1,No,no,Is the number of residential buildings equal to the number of roads?,3.73,3.84,9.93,54.1,1.97,0.0154,0.9853,0.0152,5628,1979,393,129,0.0039,0,0.000,4096
49,Qwen2.5-VL-3B,,106.40,72.96,179.36,0.195,121,2,123,0,Yes,no,Is there a square road?,3.58,3.76,9.64,53.7,0.97,0.0080,0.4827,0.0078,5628,1979,393,122,0.0037,0,0.000,4096
50,Qwen2.5-VL-3B,,117.68,72.98,190.66,0.206,125,2,127,1,Yes,yes,Are there less commercial buildings than farmlands?,3.86,4.03,10.03,54.1,2.00,0.0160,1.0018,0.0158,5628,1979,393,126,0.0038,0,0.000,4096
51,Qwen2.5-VL-3B,,117.65,73.00,190.65,0.206,125,2,127,1,Yes,yes,Is there a small residential building in the image?,3.74,3.92,9.86,54.3,1.96,0.0156,0.9779,0.0154,5628,1979,393,126,0.0038,0,0.000,4096
52,Qwen2.5-VL-3B,,117.20,73.03,190.23,0.205,123,2,125,0,No,yes,Are there less grass areas than roads?,3.60,3.76,9.72,54.4,1.93,0.0157,0.9634,0.0154,5628,1979,393,124,0.0038,0,0.000,4096
53,Qwen2.5-VL-3B,,106.72,73.00,179.71,0.195,121,2,123,0,Yes,no,Is a large road present?,3.48,3.68,9.58,53.7,0.96,0.0079,0.4797,0.0078,5628,1979,393,122,0.0037,0,0.000,4096
54,Qwen2.5-VL-3B,,118.05,73.13,191.18,0.206,127,2,129,1,No,no,Is the number of buildings equal to the number of roads?,3.72,3.92,10.03,54.3,2.00,0.0158,1.0012,0.0155,5628,1979,393,128,0.0039,0,0.000,4096
55,Qwen2.5-VL-3B,,117.43,72.97,190.40,0.206,124,2,126,0,1,72,What is the number of small commercial buildings?,3.69,3.92,9.95,54.1,1.97,0.0159,0.9853,0.0156,5628,1979,393,125,0.0038,0,0.000,4096
56,Qwen2.5-VL-3B,,106.72,281.04,387.75,0.403,124,5,129,0,1000,2,What is the amount of square residential buildings?,3.82,4.34,10.17,54.3,4.03,0.0325,0.8068,0.0313,5628,1979,393,131,0.0040,0,0.000,4096
57,Qwen2.5-VL-3B,,117.50,73.04,190.54,0.205,124,2,126,1,Yes,yes,Are there less parkings than residential buildings?,3.94,4.15,10.40,54.1,2.07,0.0167,1.0326,0.0164,5628,1979,393,125,0.0038,0,0.000,4096
58,Qwen2.5-VL-3B,,117.45,72.99,190.43,0.205,124,2,126,1,Yes,yes,Is there a farmland in the image?,3.70,3.84,9.91,54.1,1.96,0.0158,0.9824,0.0156,5628,1979,393,125,0.0038,0,0.000,4096
59,Qwen2.5-VL-3B,,105.83,72.55,178.38,0.193,121,2,123,1,Yes,yes,Is there a orchard?,3.52,3.68,9.66,53.8,0.97,0.0080,0.4837,0.0079,5628,1979,393,122,0.0037,0,0.000,4096
60,Qwen2.5-VL-3B,,106.13,72.50,178.64,0.194,122,2,124,1,Yes,yes,Is there a rectangular residential building?,3.68,3.68,9.98,54.1,1.00,0.0082,0.4996,0.0081,5628,1979,393,123,0.0038,0,0.000,4096
61,Qwen2.5-VL-3B,,117.40,72.57,189.97,0.205,124,2,126,1,Yes,yes,Are there less commercial buildings than grass areas?,3.98,4.11,10.43,54.4,2.08,0.0168,1.0415,0.0165,5628,1979,393,125,0.0038,0,0.000,4096
62,Qwen2.5-VL-3B,,105.85,72.59,178.44,0.194,124,2,126,1,No,no,Are there less commercial buildings than water areas?,3.84,4.07,10.11,53.8,1.01,0.0082,0.5061,0.0080,5628,1979,393,125,0.0038,0,0.000,4096
63,Qwen2.5-VL-3B,,117.36,72.88,190.24,0.205,124,2,126,1,Yes,yes,Is there a residential area in the image?,3.93,4.07,10.28,54.3,2.06,0.0166,1.0276,0.0163,5628,1979,393,125,0.0038,0,0.000,4096
64,Qwen2.5-VL-3B,,118.50,72.96,191.46,0.207,129,2,131,1,No,no,Is the number of commercial buildings equal to the number of water areas?,3.78,4.03,10.09,54.2,2.00,0.0155,0.9988,0.0152,5628,1979,393,130,0.0040,0,0.000,4096
65,Qwen2.5-VL-3B,,117.48,72.94,190.43,0.206,124,2,126,1,0,0,What is the amount of square commercial buildings?,3.61,3.80,9.84,54.1,1.95,0.0157,0.9744,0.0155,5628,1979,393,125,0.0038,0,0.000,4096
66,Qwen2.5-VL-3B,,116.98,73.11,190.08,0.205,122,2,124,0,1,0,How many medium roads are there?,3.56,3.76,9.62,54.3,1.90,0.0156,0.9516,0.0153,5628,1979,393,123,0.0038,0,0.000,4096
67,Qwen2.5-VL-3B,,117.12,72.97,190.09,0.205,123,2,125,1,Yes,yes,Are there more buildings than water areas?,3.53,3.72,9.56,54.2,1.89,0.0154,0.9466,0.0151,5628,1979,393,124,0.0038,0,0.000,4096
68,Qwen2.5-VL-3B,,117.00,73.10,190.09,0.205,124,2,126,1,Yes,yes,Are there less medium grass areas than roads?,3.49,3.68,9.56,54.3,1.89,0.0153,0.9466,0.0150,5628,1979,393,125,0.0038,0,0.000,4096
69,Qwen2.5-VL-3B,,116.90,72.91,189.81,0.205,122,2,124,0,1,11,How many orchards are there?,3.51,3.68,9.50,54.3,1.88,0.0154,0.9396,0.0152,5629,1978,393,123,0.0038,0,0.000,4096
70,Qwen2.5-VL-3B,,117.73,73.19,190.93,0.206,125,2,127,1,Yes,yes,Is there a medium residential building in the image?,3.47,3.64,9.50,54.2,1.88,0.0150,0.9397,0.0148,5629,1978,393,126,0.0038,0,0.000,4096
71,Qwen2.5-VL-3B,,118.33,73.17,191.50,0.207,128,2,130,1,No,no,Is the number of roads equal to the number of water areas?,3.47,3.64,9.55,54.0,1.89,0.0148,0.9446,0.0145,5629,1978,393,129,0.0039,0,0.000,4096
72,Qwen2.5-VL-3B,,117.74,72.97,190.71,0.206,125,2,127,0,Yes,no,Are there more medium water areas than commercial buildings?,3.48,3.68,9.51,54.1,1.88,0.0150,0.9406,0.0148,5629,1978,393,126,0.0038,0,0.000,4096
73,Qwen2.5-VL-3B,,116.89,72.93,189.82,0.205,124,2,126,1,Yes,yes,Are there less grass areas than residential buildings?,3.48,3.68,9.50,54.0,1.88,0.0152,0.9396,0.0149,5629,1978,393,125,0.0038,0,0.000,4096
74,Qwen2.5-VL-3B,,117.50,73.01,190.51,0.205,124,2,126,1,1,1,What is the amount of square water areas?,3.45,3.64,9.50,54.5,1.88,0.0152,0.9397,0.0149,5629,1978,393,125,0.0038,0,0.000,4096
75,Qwen2.5-VL-3B,,106.13,72.94,179.07,0.194,124,2,126,0,2,3,What is the amount of circular grass areas?,3.40,3.64,9.50,54.0,0.95,0.0077,0.4758,0.0076,5629,1978,393,125,0.0038,0,0.000,4096
76,Qwen2.5-VL-3B,,106.67,72.89,179.56,0.195,121,2,123,1,Yes,yes,Is there a large building?,3.56,3.60,9.72,54.1,0.97,0.0080,0.4867,0.0079,5629,1978,393,122,0.0037,0,0.000,4096
77,Qwen2.5-VL-3B,,106.69,72.90,179.59,0.195,122,2,124,1,Yes,yes,Is a circular water area present?,3.84,3.84,10.28,54.2,1.03,0.0084,0.5145,0.0083,5629,1978,393,123,0.0038,0,0.000,4096
78,Qwen2.5-VL-3B,,118.01,72.96,190.97,0.206,126,2,128,0,1,3,What is the amount of large buildings in the image?,4.06,4.15,10.65,54.4,2.13,0.0169,1.0664,0.0167,5629,1978,393,127,0.0039,0,0.000,4096
79,Qwen2.5-VL-3B,,117.73,72.96,190.69,0.206,125,2,127,0,Yes,no,Is there a square farmland in the image?,3.89,4.26,10.27,54.1,2.03,0.0163,1.0166,0.0160,5629,1978,393,126,0.0038,0,0.000,4096
80,Qwen2.5-VL-3B,,117.48,72.93,190.41,0.205,124,2,126,1,No,no,Are there less residential buildings than water areas?,3.72,4.03,9.86,54.1,1.95,0.0157,0.9760,0.0155,5629,1978,393,125,0.0038,0,0.000,4096
81,Qwen2.5-VL-3B,,106.69,72.90,179.59,0.195,124,2,126,1,Yes,yes,Are there less circular residential buildings than roads?,3.58,3.88,9.74,54.0,0.98,0.0079,0.4877,0.0077,5629,1978,393,125,0.0038,0,0.000,4096
82,Qwen2.5-VL-3B,,118.79,72.99,191.78,0.206,129,2,131,1,No,no,Is the number of commercial buildings equal to the number of pitchs?,3.69,3.84,9.96,54.5,2.00,0.0155,0.9993,0.0153,5629,1978,393,130,0.0040,0,0.000,4096
83,Qwen2.5-VL-3B,,118.10,72.99,191.09,0.206,126,2,128,1,Yes,yes,Are there less commercial buildings than roads in the image?,3.73,4.11,9.98,54.4,1.98,0.0157,0.9879,0.0154,5629,1978,393,127,0.0039,0,0.000,4096
84,Qwen2.5-VL-3B,,118.84,73.02,191.86,0.207,129,2,131,0,No,yes,Is there a commercial building at the bottom of the  circular forest?,3.62,3.96,9.83,54.4,1.94,0.0151,0.9724,0.0148,5633,1974,393,130,0.0040,0,0.000,4096
85,Qwen2.5-VL-3B,,117.46,72.98,190.44,0.206,124,2,126,1,Yes,yes,Are there less small grass areas than buildings?,3.39,3.52,9.31,54.1,1.86,0.0150,0.9296,0.0148,5633,1974,393,125,0.0038,0,0.000,4096
86,Qwen2.5-VL-3B,,117.21,73.03,190.25,0.205,125,2,127,1,No,no,Are there more water areas than small grass areas?,3.35,3.48,9.31,54.0,1.86,0.0149,0.9297,0.0146,5633,1974,393,126,0.0038,0,0.000,4096
87,Qwen2.5-VL-3B,,116.92,73.00,189.91,0.205,122,2,124,1,Yes,yes,Is there a small commercial building?,3.35,3.48,9.30,54.1,1.86,0.0152,0.9287,0.0150,5633,1974,393,123,0.0038,0,0.000,4096
88,Qwen2.5-VL-3B,,118.60,73.04,191.63,0.207,129,2,131,1,No,no,Is the number of water areas equal to the number of rectangular buildings?,3.35,3.48,9.23,54.1,1.84,0.0143,0.9217,0.0141,5633,1974,393,130,0.0040,0,0.000,4096
89,Qwen2.5-VL-3B,,106.75,72.98,179.74,0.194,122,2,124,1,Yes,yes,Is there a square water area?,3.24,3.24,9.17,53.7,0.92,0.0075,0.4589,0.0074,5633,1974,393,123,0.0038,0,0.000,4096
90,Qwen2.5-VL-3B,,105.83,72.92,178.75,0.193,122,2,124,0,Yes,no,Is there a square village green?,3.74,3.76,10.08,54.4,1.01,0.0083,0.5046,0.0081,5633,1974,393,123,0.0038,0,0.000,4096
91,Qwen2.5-VL-3B,,117.43,72.98,190.41,0.205,124,2,126,0,No,yes,Are there less circular buildings than water areas?,4.06,4.22,10.69,54.7,2.13,0.0172,1.0664,0.0169,5633,1974,393,125,0.0038,0,0.000,4096
92,Qwen2.5-VL-3B,,116.96,72.99,189.95,0.205,122,2,124,1,Yes,yes,Is there a rectangular commercial building?,3.76,3.99,10.12,54.6,2.02,0.0165,1.0081,0.0163,5633,1974,393,123,0.0038,0,0.000,4096
93,Qwen2.5-VL-3B,,118.27,73.01,191.28,0.205,128,2,130,1,No,no,Is the number of forests equal to the number of water areas?,3.64,3.92,9.84,54.6,1.96,0.0153,0.9813,0.0151,5633,1974,393,129,0.0039,0,0.000,4096
94,Qwen2.5-VL-3B,,106.32,72.88,179.20,0.194,121,2,123,0,No,yes,Is a circular building present?,3.42,3.48,9.46,54.0,0.95,0.0078,0.4738,0.0077,5633,1974,393,122,0.0037,0,0.000,4096
95,Qwen2.5-VL-3B,,118.25,72.91,191.16,0.206,128,2,130,1,No,no,Is the number of roads equal to the number of commercial buildings?,3.89,4.07,10.33,54.5,2.06,0.0161,1.0290,0.0158,5633,1974,393,129,0.0039,0,0.000,4096
96,Qwen2.5-VL-3B,,105.50,73.04,178.54,0.193,127,2,129,1,No,no,Is the number of roads equal to the number of forests?,3.56,3.56,9.76,54.4,0.98,0.0077,0.4887,0.0076,5633,1974,393,128,0.0039,0,0.000,4096
97,Qwen2.5-VL-3B,,117.18,73.03,190.20,0.205,123,2,125,0,Yes,no,Are there less forests than commercial buildings?,3.95,4.11,10.46,54.8,2.09,0.0170,1.0429,0.0167,5633,1974,393,124,0.0038,0,0.000,4096
98,Qwen2.5-VL-3B,,117.00,73.01,190.01,0.205,124,2,126,1,Yes,yes,Are there more grass areas than square buildings?,3.70,3.92,9.99,54.7,1.99,0.0160,0.9942,0.0158,5633,1974,393,125,0.0038,0,0.000,4096
99,Qwen2.5-VL-3B,,106.75,72.94,179.69,0.195,121,2,123,1,Yes,yes,Is there a square building?,3.46,3.48,9.58,54.0,0.96,0.0079,0.4797,0.0078,5633,1974,393,122,0.0037,0,0.000,4096
100,Qwen2.5-VL-3B,,593.84,144.89,738.73,0.764,124,3,127,1,Rural,rural,Is it a rural or an urban area,4.27,4.74,10.88,54.8,7.63,0.0615,2.5419,0.0600,5633,1974,393,127,0.0039,1,4.292,4096
101,Qwen2.5-VL-3B,,118.00,72.95,190.94,0.206,126,2,128,0,0,5,What is the number of commercial buildings in the image?,4.49,4.50,11.13,54.3,2.23,0.0177,1.1156,0.0174,5640,1967,393,127,0.0039,1,4.292,4096
102,Qwen2.5-VL-3B,,106.69,72.99,179.68,0.194,121,2,123,0,No,yes,Is there a residential building?,3.88,3.88,10.16,53.8,1.02,0.0084,0.5086,0.0083,5640,1967,393,122,0.0037,1,4.292,4096
103,Qwen2.5-VL-3B,,106.12,72.95,179.07,0.194,120,2,122,1,Yes,yes,Is a road present?,4.13,4.15,10.58,54.3,1.06,0.0088,0.5295,0.0087,5640,1967,393,121,0.0037,1,4.292,4096
104,Qwen2.5-VL-3B,,105.77,72.89,178.66,0.193,120,2,122,1,Yes,yes,Is a building present?,4.21,4.26,10.83,54.8,1.08,0.0090,0.5423,0.0089,5640,1967,393,121,0.0037,1,4.292,4096
105,Qwen2.5-VL-3B,,116.91,72.98,189.89,0.204,122,2,124,0,2,202,How many small roads are there?,4.36,4.42,11.04,55.0,2.20,0.0180,1.0998,0.0177,5640,1967,393,123,0.0038,1,4.292,4096
106,Qwen2.5-VL-3B,,106.70,72.90,179.60,0.194,121,2,123,1,Yes,yes,Is a farmland present?,3.80,3.80,10.14,54.2,1.02,0.0084,0.5076,0.0083,5640,1967,393,122,0.0037,1,4.292,4096
107,Qwen2.5-VL-3B,,106.13,72.99,179.12,0.193,121,2,123,1,Yes,yes,Is a grass area present?,4.09,4.15,10.54,54.9,1.06,0.0087,0.5276,0.0086,5640,1967,393,122,0.0037,1,4.292,4096
108,Qwen2.5-VL-3B,,117.68,73.02,190.70,0.205,125,2,127,1,Yes,yes,Are there less commercial buildings than farmlands?,4.25,4.34,10.92,54.8,2.18,0.0174,1.0878,0.0171,5640,1967,393,126,0.0038,1,4.292,4096
109,Qwen2.5-VL-3B,,106.72,72.92,179.64,0.194,121,2,123,0,1,202,How many roads are there?,3.80,3.84,10.12,54.2,1.01,0.0084,0.5066,0.0082,5640,1967,393,122,0.0037,1,4.292,4096
110,Qwen2.5-VL-3B,,118.78,72.99,191.77,0.207,129,2,131,1,No,no,Is the number of residential buildings equal to the number of water areas?,4.10,4.22,10.59,54.7,2.11,0.0164,1.0561,0.0161,5640,1967,393,130,0.0040,1,4.292,4096
111,Qwen2.5-VL-3B,,106.36,72.91,179.27,0.194,121,2,123,1,Yes,yes,Is there a rectangular building?,3.72,3.76,9.90,54.2,0.99,0.0082,0.4956,0.0081,5640,1967,393,122,0.0037,1,4.292,4096
112,Qwen2.5-VL-3B,,117.36,73.05,190.40,0.205,124,2,126,1,Yes,yes,Are there more water areas than commercial buildings?,4.02,4.19,10.51,54.6,2.09,0.0169,1.0474,0.0166,5640,1967,393,125,0.0038,1,4.292,4096
113,Qwen2.5-VL-3B,,106.38,72.98,179.36,0.194,120,2,122,1,Yes,yes,Is a forest present?,3.70,3.76,9.98,54.2,1.00,0.0083,0.4996,0.0082,5640,1967,393,121,0.0037,1,4.292,4096
114,Qwen2.5-VL-3B,,117.65,72.94,190.59,0.205,125,2,127,0,0,230,What is the amount of buildings in the image?,3.98,4.15,10.47,54.8,2.09,0.0167,1.0445,0.0164,5640,1967,393,126,0.0038,1,4.292,4096
115,Qwen2.5-VL-3B,,106.39,72.94,179.33,0.194,123,2,125,0,0,224,What is the number of residential buildings?,3.68,3.76,9.90,54.2,0.99,0.0081,0.4956,0.0079,5640,1967,393,124,0.0038,1,4.292,4096
116,Qwen2.5-VL-3B,,117.44,72.97,190.40,0.205,124,2,126,0,No,yes,Are there more buildings than farmlands?,3.98,4.15,10.40,55.1,2.08,0.0168,1.0385,0.0165,5640,1967,393,125,0.0038,1,4.292,4096
117,Qwen2.5-VL-3B,,106.38,73.02,179.41,0.194,123,2,125,0,Yes,no,Are there more grass areas than buildings?,3.70,3.80,9.90,54.4,0.99,0.0081,0.4956,0.0079,5640,1967,393,124,0.0038,1,4.292,4096
118,Qwen2.5-VL-3B,,106.69,72.97,179.67,0.194,121,2,123,0,No,yes,Is a water area present?,3.94,3.96,10.22,54.7,1.02,0.0085,0.5117,0.0083,5640,1967,393,122,0.0037,1,4.292,4096
119,Qwen2.5-VL-3B,,135.13,73.11,208.24,0.223,132,2,134,1,No,no,Is the number of water areas equal to the number of commercial buildings in the image?,4.12,4.22,10.59,54.8,2.11,0.0160,1.0572,0.0158,5640,1967,393,133,0.0041,1,4.292,4096
120,Qwen2.5-VL-3B,,106.33,73.02,179.36,0.194,121,2,123,0,No,yes,Is there a commercial building?,3.93,4.07,10.27,54.3,1.03,0.0085,0.5141,0.0084,5631,1976,393,122,0.0037,1,4.292,4096
121,Qwen2.5-VL-3B,,116.97,144.71,261.68,0.277,122,3,125,0,20,90,What is the amount of forests?,4.11,4.22,10.48,55.1,2.09,0.0172,0.6981,0.0168,5632,1975,393,125,0.0038,1,4.292,4096
122,Qwen2.5-VL-3B,,117.50,73.04,190.54,0.205,124,2,126,1,No,no,Are there less residential buildings than water areas?,4.34,4.50,10.85,55.1,2.16,0.0174,1.0799,0.0171,5633,1974,393,125,0.0038,1,4.292,4096
123,Qwen2.5-VL-3B,,117.16,72.95,190.11,0.204,123,2,125,0,0,14,What is the number of water areas?,3.94,4.07,10.22,55.0,2.03,0.0165,1.0147,0.0162,5633,1974,393,124,0.0038,1,4.292,4096
124,Qwen2.5-VL-3B,,118.25,72.98,191.23,0.206,127,2,129,1,No,no,Is the number of buildings equal to the number of roads?,3.69,3.80,9.88,54.9,1.96,0.0155,0.9813,0.0152,5633,1974,393,128,0.0039,1,4.292,4096
125,Qwen2.5-VL-3B,,117.66,73.03,190.69,0.205,129,2,131,1,No,no,Is the number of grass areas equal to the number of water areas?,3.59,3.72,9.69,54.8,1.92,0.0149,0.9624,0.0147,5633,1974,393,130,0.0040,1,4.292,4096
126,Qwen2.5-VL-3B,,117.10,72.97,190.07,0.204,123,2,125,1,No,no,Are there more water areas than roads?,3.52,3.68,9.66,54.6,1.92,0.0156,0.9584,0.0153,5633,1974,393,124,0.0038,1,4.292,4096
127,Qwen2.5-VL-3B,,117.16,72.97,190.12,0.204,123,2,125,0,0,5,What is the amount of orchards?,3.53,3.68,9.60,54.5,1.91,0.0155,0.9535,0.0153,5633,1974,393,124,0.0038,1,4.292,4096
128,Qwen2.5-VL-3B,,117.12,73.00,190.12,0.205,123,2,125,1,Yes,yes,Are there more roads than water areas?,3.51,3.68,9.56,54.6,1.90,0.0154,0.9495,0.0152,5633,1974,393,124,0.0038,1,4.292,4096
129,Qwen2.5-VL-3B,,106.69,72.90,179.60,0.194,124,2,126,1,No,no,Are there more small commercial buildings than forests?,3.44,3.56,9.40,54.1,0.94,0.0076,0.4708,0.0075,5633,1974,393,125,0.0038,1,4.292,4096
130,Qwen2.5-VL-3B,,118.77,73.00,191.76,0.206,129,2,131,1,No,no,Is the number of water areas equal to the number of circular roads?,3.81,3.99,9.97,54.8,1.99,0.0154,0.9948,0.0152,5633,1974,393,130,0.0040,1,4.292,4096
131,Qwen2.5-VL-3B,,117.40,72.96,190.36,0.205,124,2,126,1,0,0,What is the amount of square residential buildings?,3.73,3.84,9.84,54.8,1.95,0.0157,0.9764,0.0155,5633,1974,393,125,0.0038,1,4.292,4096
132,Qwen2.5-VL-3B,,118.55,72.93,191.47,0.206,128,2,130,1,No,no,Is the number of grass areas equal to the number of buildings?,3.64,3.76,9.69,54.8,1.92,0.0150,0.9625,0.0148,5633,1974,393,129,0.0039,1,4.292,4096
133,Qwen2.5-VL-3B,,106.71,72.96,179.67,0.194,122,2,124,1,Yes,yes,Is a rectangular farmland present?,3.50,3.64,9.56,54.5,0.96,0.0078,0.4787,0.0077,5633,1974,393,123,0.0038,1,4.292,4096
134,Qwen2.5-VL-3B,,116.90,73.00,189.90,0.204,122,2,124,0,1,126,How many grass areas are there?,3.78,3.96,10.11,54.8,2.02,0.0165,1.0092,0.0163,5633,1974,393,123,0.0038,1,4.292,4096
135,Qwen2.5-VL-3B,,106.39,73.01,179.39,0.194,122,2,124,0,1,63,How many large forests are there?,3.62,3.80,9.94,54.2,1.00,0.0082,0.4976,0.0080,5634,1973,393,123,0.0038,1,4.292,4096
136,Qwen2.5-VL-3B,,117.64,73.02,190.66,0.205,125,2,127,0,1,77,What is the amount of large farmlands?,3.86,4.03,10.28,54.8,2.05,0.0164,1.0266,0.0162,5634,1973,393,126,0.0038,1,4.292,4096
137,Qwen2.5-VL-3B,,117.23,73.00,190.24,0.205,123,2,125,0,1,76,How many large grass areas are there?,3.82,3.99,10.22,54.7,2.03,0.0165,1.0147,0.0162,5634,1973,393,124,0.0038,1,4.292,4096
138,Qwen2.5-VL-3B,,117.30,73.00,190.30,0.205,123,2,125,1,Yes,yes,Are there less water areas than forests?,3.68,3.84,9.92,54.9,1.97,0.0160,0.9833,0.0157,5637,1970,390,124,0.0038,1,4.292,4096
139,Qwen2.5-VL-3B,,106.13,72.97,179.10,0.194,122,2,124,0,Yes,no,Are there less roads than forests?,3.50,3.68,9.68,54.1,0.97,0.0079,0.4847,0.0078,5637,1970,390,123,0.0038,1,4.292,4096
140,Qwen2.5-VL-3B,,116.88,73.00,189.88,0.203,122,2,124,1,Yes,yes,Is there a medium commercial building?,3.78,3.96,10.03,54.9,2.00,0.0164,1.0012,0.0161,5637,1970,390,123,0.0038,1,4.292,4096
141,Qwen2.5-VL-3B,,117.45,144.50,261.96,0.277,124,3,127,0,10,78,What is the number of farmlands?,3.74,3.92,9.89,55.0,1.96,0.0158,0.6533,0.0154,5637,1970,390,127,0.0039,1,4.292,4096
142,Qwen2.5-VL-3B,,116.87,73.09,189.96,0.205,127,2,129,0,0,217,What is the number of small residential buildings in the image?,4.09,4.15,10.47,55.0,2.09,0.0164,1.0432,0.0162,5637,1970,390,128,0.0039,1,4.292,4096
143,Qwen2.5-VL-3B,,118.50,72.99,191.49,0.206,128,2,130,1,No,no,Is the number of residential buildings equal to the number of roads?,3.82,4.07,10.14,54.7,2.01,0.0157,1.0047,0.0155,5637,1970,390,129,0.0039,1,4.292,4096
144,Qwen2.5-VL-3B,,117.43,72.95,190.38,0.205,124,2,126,1,0,0,What is the amount of square commercial buildings?,3.68,3.88,9.83,54.6,1.95,0.0157,0.9750,0.0155,5637,1970,390,125,0.0038,1,4.292,4096
145,Qwen2.5-VL-3B,,106.31,72.96,179.26,0.194,123,2,125,0,1,0,What is the number of medium roads?,3.58,3.80,9.58,54.2,0.96,0.0078,0.4798,0.0077,5637,1970,390,124,0.0038,1,4.292,4096
146,Qwen2.5-VL-3B,,116.99,73.15,190.14,0.205,122,2,124,1,No,no,Is a square residential building present?,3.78,3.96,10.01,55.1,2.00,0.0164,1.0002,0.0161,5637,1970,390,123,0.0038,1,4.292,4096
147,Qwen2.5-VL-3B,,132.93,72.99,205.91,0.220,131,2,133,1,No,no,Is the number of circular commercial buildings equal to the number of farmlands?,3.74,3.99,9.87,54.9,1.96,0.0149,0.9779,0.0147,5637,1970,390,132,0.0040,1,4.292,4096
148,Qwen2.5-VL-3B,,133.63,144.68,278.31,0.293,132,3,135,0,10,1,What is the amount of medium farmlands on the left of a  building?,3.72,3.92,9.91,54.9,1.96,0.0149,0.6549,0.0146,5637,1970,390,135,0.0041,1,4.292,4096
149,Qwen2.5-VL-3B,,118.83,73.00,191.84,0.206,129,2,131,1,No,no,Is the number of roads equal to the number of square residential buildings?,4.12,4.22,10.54,55.0,2.11,0.0163,1.0535,0.0161,5637,1970,390,130,0.0040,1,4.292,4096
150,Qwen2.5-VL-3B,,106.76,72.94,179.70,0.194,121,2,123,0,0,1,How many commercials are there?,3.85,4.07,10.15,54.4,1.02,0.0084,0.5081,0.0083,5637,1970,390,122,0.0037,1,4.292,4096
151,Qwen2.5-VL-3B,,117.09,73.17,190.26,0.205,123,2,125,0,No,yes,Are there more residential buildings than roads?,3.97,4.11,10.28,54.9,2.05,0.0167,1.0267,0.0164,5637,1970,390,124,0.0038,1,4.292,4096
152,Qwen2.5-VL-3B,,117.21,73.00,190.21,0.205,123,2,125,1,0,0,How many large residential buildings are there?,3.82,4.07,9.98,54.7,1.98,0.0161,0.9888,0.0158,5637,1970,390,124,0.0038,1,4.292,4096
153,Qwen2.5-VL-3B,,117.15,72.89,190.03,0.205,123,2,125,1,No,no,Are there more commercial buildings than forests?,3.68,3.88,9.70,54.7,1.92,0.0156,0.9611,0.0154,5637,1970,390,124,0.0038,1,4.292,4096
154,Qwen2.5-VL-3B,,117.10,72.92,190.02,0.204,123,2,125,0,0,7,How many medium residential buildings are there?,3.60,3.76,9.60,54.6,1.90,0.0155,0.9515,0.0152,5637,1970,390,124,0.0038,1,4.292,4096
155,Qwen2.5-VL-3B,,117.42,72.90,190.32,0.205,124,2,126,1,Yes,yes,Are there more residential buildings than water areas?,3.55,3.68,9.60,54.9,1.90,0.0153,0.9515,0.0151,5637,1970,390,125,0.0038,1,4.292,4096
156,Qwen2.5-VL-3B,,106.78,72.98,179.77,0.194,121,2,123,1,No,no,Is a circular building present?,3.50,3.68,9.44,54.6,0.95,0.0078,0.4728,0.0077,5637,1970,390,122,0.0037,1,4.292,4096
157,Qwen2.5-VL-3B,,116.84,72.92,189.76,0.204,122,2,124,0,Yes,no,Are there less buildings than roads?,3.77,3.96,9.88,55.1,1.97,0.0162,0.9872,0.0159,5637,1970,390,123,0.0038,1,4.292,4096
158,Qwen2.5-VL-3B,,117.33,72.93,190.26,0.205,124,2,126,0,0,9,What is the number of rectangular water areas?,3.72,3.92,9.83,54.9,1.95,0.0157,0.9734,0.0155,5637,1970,390,125,0.0038,1,4.292,4096
159,Qwen2.5-VL-3B,,116.97,72.98,189.94,0.204,122,2,124,0,0,1,How many large buildings are there?,3.59,3.76,9.71,54.8,1.92,0.0158,0.9615,0.0155,5637,1970,390,123,0.0038,1,4.292,4096
160,Qwen2.5-VL-3B,,117.70,72.94,190.64,0.205,125,2,127,0,No,yes,Is a rectangular residential building present in the image?,3.52,3.68,9.67,54.7,1.92,0.0153,0.9585,0.0151,5637,1970,390,126,0.0038,1,4.292,4096
161,Qwen2.5-VL-3B,,117.69,72.94,190.63,0.205,125,2,127,0,Yes,no,Are there more circular grass areas than commercial buildings?,3.51,3.64,9.63,54.7,1.91,0.0153,0.9535,0.0150,5637,1970,390,126,0.0038,1,4.292,4096
162,Qwen2.5-VL-3B,,106.81,72.98,179.79,0.194,123,2,125,0,Yes,no,Are there less residential buildings than roads?,3.48,3.68,9.50,54.2,0.95,0.0077,0.4758,0.0076,5637,1970,390,124,0.0038,1,4.292,4096
163,Qwen2.5-VL-3B,,117.06,72.95,190.01,0.205,123,2,125,0,0,2,How many small commercial buildings are there?,3.74,3.92,9.97,55.1,1.99,0.0162,0.9963,0.0159,5637,1970,390,124,0.0038,1,4.292,4096
164,Qwen2.5-VL-3B,,117.68,73.20,190.87,0.205,125,2,127,1,Yes,yes,Are there less square residential buildings than residential buildings?,3.70,3.92,9.95,54.9,1.97,0.0158,0.9853,0.0155,5637,1970,390,126,0.0038,1,4.292,4096
165,Qwen2.5-VL-3B,,117.17,73.07,190.23,0.205,123,2,125,0,0,2,How many circular grass areas are there?,3.57,3.76,9.75,54.9,1.93,0.0157,0.9654,0.0154,5637,1970,390,124,0.0038,1,4.292,4096
166,Qwen2.5-VL-3B,,118.81,73.09,191.90,0.206,129,2,131,1,No,no,Is the number of commercial buildings equal to the number of water areas?,3.56,3.72,9.58,54.9,1.90,0.0147,0.9486,0.0145,5637,1970,390,130,0.0040,1,4.292,4096
167,Qwen2.5-VL-3B,,143.15,72.95,216.10,0.231,131,2,133,0,0,14,What is the number of water areas on the right of a  residential building?,3.46,3.68,9.40,54.8,1.86,0.0142,0.9297,0.0140,5637,1970,390,132,0.0040,1,4.292,4096
168,Qwen2.5-VL-3B,,118.25,72.97,191.23,0.206,127,2,129,1,No,no,Is the number of buildings equal to the number of forests?,3.61,3.80,9.72,55.0,1.92,0.0152,0.9625,0.0149,5637,1970,390,128,0.0039,1,4.292,4096
169,Qwen2.5-VL-3B,,133.93,73.03,206.95,0.222,137,2,139,1,No,no,Is the number of residential buildings equal to the number of water areas on the right of a  residential building?,3.56,3.76,9.60,54.6,1.90,0.0139,0.9506,0.0137,5637,1970,390,138,0.0042,1,4.292,4096
170,Qwen2.5-VL-3B,,117.18,73.00,190.18,0.204,123,2,125,1,Yes,yes,Are there less medium buildings than roads?,3.69,3.88,9.69,54.7,1.92,0.0156,0.9605,0.0154,5637,1970,390,124,0.0038,1,4.292,4096
171,Qwen2.5-VL-3B,,118.86,72.97,191.82,0.206,129,2,131,1,No,no,Is the number of water areas equal to the number of residential buildings?,3.60,3.76,9.60,54.7,1.90,0.0148,0.9515,0.0145,5637,1970,390,130,0.0040,1,4.292,4096
172,Qwen2.5-VL-3B,,106.30,72.99,179.29,0.193,121,2,123,1,No,no,Is there a circular road?,3.50,3.68,9.50,54.6,0.95,0.0079,0.4758,0.0077,5637,1970,390,122,0.0037,1,4.292,4096
173,Qwen2.5-VL-3B,,116.92,73.13,190.05,0.205,122,2,124,0,1,130,How many rectangular buildings are there?,3.74,3.92,9.89,54.9,1.97,0.0162,0.9874,0.0159,5637,1970,390,123,0.0038,1,4.292,4096
174,Qwen2.5-VL-3B,,132.97,72.92,205.88,0.220,130,2,132,1,No,no,Is the number of commercial buildings equal to the number of farmlands?,3.69,3.92,9.80,54.8,1.94,0.0149,0.9714,0.0147,5637,1970,390,131,0.0040,1,4.292,4096
175,Qwen2.5-VL-3B,,116.99,72.98,189.97,0.204,122,2,124,0,No,yes,Are there more buildings than roads?,3.70,3.88,9.84,54.9,1.95,0.0160,0.9754,0.0157,5637,1970,390,123,0.0038,1,4.292,4096
176,Qwen2.5-VL-3B,,116.95,72.98,189.92,0.204,125,2,127,1,No,no,Are there more commercial buildings than farmlands?,3.59,3.72,9.63,54.9,1.91,0.0153,0.9545,0.0150,5637,1970,390,126,0.0038,1,4.292,4096
177,Qwen2.5-VL-3B,,133.45,72.92,206.37,0.221,131,2,133,0,0,5,What is the number of commercial buildings at the top of a  water area?,3.57,3.68,9.50,54.8,1.88,0.0144,0.9416,0.0142,5637,1970,390,132,0.0040,1,4.292,4096
178,Qwen2.5-VL-3B,,117.19,72.96,190.15,0.204,123,2,125,0,0,2,How many large water areas are there?,3.65,3.76,9.73,54.7,1.93,0.0157,0.9664,0.0155,5637,1970,390,124,0.0038,1,4.292,4096
179,Qwen2.5-VL-3B,,117.48,72.97,190.45,0.205,124,2,126,1,No,no,Are there more commercial buildings than water areas?,3.61,3.76,9.58,55.2,1.90,0.0153,0.9506,0.0151,5637,1970,390,125,0.0038,1,4.292,4096
180,Qwen2.5-VL-3B,,118.53,72.95,191.48,0.206,128,2,130,1,No,no,Is the number of buildings equal to the number of large roads?,3.57,3.72,9.55,55.1,1.90,0.0148,0.9475,0.0146,5637,1970,390,129,0.0039,1,4.292,4096
181,Qwen2.5-VL-3B,,118.81,73.03,191.83,0.206,133,2,135,1,No,no,Is the number of farmlands equal to the number of residential buildings in the image?,3.57,3.72,9.52,55.1,1.89,0.0142,0.9459,0.0140,5637,1970,390,134,0.0041,1,4.292,4096
182,Qwen2.5-VL-3B,,106.77,72.97,179.74,0.194,122,2,124,1,No,no,Is there a circular commercial building?,3.50,3.64,9.42,54.4,0.94,0.0077,0.4718,0.0076,5638,1969,390,123,0.0038,1,4.292,4096
183,Qwen2.5-VL-3B,,116.87,72.99,189.86,0.204,122,2,124,1,0,0,How many circular roads are there?,3.81,3.99,9.91,55.1,1.98,0.0162,0.9892,0.0160,5638,1969,390,123,0.0038,1,4.292,4096
184,Qwen2.5-VL-3B,,117.42,72.94,190.37,0.205,124,2,126,0,0,3,What is the amount of medium commercial buildings?,3.70,3.84,9.81,54.8,1.95,0.0157,0.9733,0.0154,5638,1969,390,125,0.0038,1,4.292,4096
185,Qwen2.5-VL-3B,,116.91,72.91,189.82,0.204,122,2,124,1,0,0,How many circular buildings are there?,3.61,3.72,9.64,54.8,1.91,0.0157,0.9565,0.0154,5638,1969,390,123,0.0038,1,4.292,4096
186,Qwen2.5-VL-3B,,133.74,73.08,206.81,0.221,132,2,134,1,No,no,Are there more water areas on the left of a  farmland than water areas?,3.56,3.68,9.48,55.0,1.88,0.0143,0.9406,0.0140,5638,1969,390,133,0.0041,1,4.292,4096
187,Qwen2.5-VL-3B,,116.83,72.94,189.77,0.204,122,2,124,1,0,0,How many square buildings are there?,3.68,3.80,9.71,55.1,1.93,0.0158,0.9635,0.0155,5638,1969,390,123,0.0038,1,4.292,4096
188,Qwen2.5-VL-3B,,116.92,72.98,189.90,0.204,122,2,124,1,No,no,Is a square commercial building present?,3.59,3.72,9.55,55.1,1.90,0.0155,0.9476,0.0153,5638,1969,390,123,0.0038,1,4.292,4096
189,Qwen2.5-VL-3B,,118.30,72.97,191.28,0.206,128,2,130,1,No,no,Is the number of roads equal to the number of water areas?,3.55,3.72,9.54,55.1,1.89,0.0148,0.9465,0.0146,5638,1969,390,129,0.0039,1,4.292,4096
190,Qwen2.5-VL-3B,,106.77,72.95,179.71,0.194,122,2,124,1,Yes,yes,Is there a medium grass area?,3.46,3.60,9.40,54.8,0.94,0.0077,0.4708,0.0076,5638,1969,390,123,0.0038,1,4.292,4096
191,Qwen2.5-VL-3B,,117.16,72.95,190.12,0.205,123,2,125,1,0,0,How many circular residential buildings are there?,3.81,3.99,9.92,55.1,1.98,0.0161,0.9903,0.0158,5638,1969,390,124,0.0038,1,4.292,4096
192,Qwen2.5-VL-3B,,106.73,73.01,179.74,0.194,121,2,123,0,Yes,no,Is a medium road present?,3.68,3.84,9.68,54.6,0.97,0.0080,0.4847,0.0079,5638,1969,390,122,0.0037,1,4.292,4096
193,Qwen2.5-VL-3B,,117.39,72.96,190.35,0.205,124,2,126,1,No,no,Are there less grass areas than circular roads?,3.89,4.03,10.08,55.0,2.01,0.0162,1.0061,0.0160,5638,1969,390,125,0.0038,1,4.292,4096
194,Qwen2.5-VL-3B,,133.33,72.99,206.32,0.221,131,2,133,0,0,10,What is the amount of water areas at the top of a  commercial building?,3.74,3.88,9.91,55.0,1.97,0.0150,0.9833,0.0148,5638,1969,390,132,0.0040,1,4.292,4096
195,Qwen2.5-VL-3B,,133.32,72.98,206.31,0.221,131,2,133,0,No,yes,Are there more water areas than commercial buildings at the bottom of a  forest?,3.76,3.88,9.88,55.2,1.96,0.0150,0.9813,0.0148,5638,1969,390,132,0.0040,1,4.292,4096
196,Qwen2.5-VL-3B,,118.54,72.92,191.45,0.206,128,2,130,0,Yes,no,Is there a forest at the bottom of a  large road?,3.77,3.88,9.83,55.2,1.95,0.0153,0.9764,0.0150,5639,1968,390,129,0.0039,1,4.292,4096
197,Qwen2.5-VL-3B,,117.66,72.95,190.61,0.205,125,2,127,1,No,no,Are there less rectangular grass areas than water areas?,3.61,3.76,9.66,55.2,1.92,0.0154,0.9595,0.0151,5639,1968,390,126,0.0038,1,4.292,4096
198,Qwen2.5-VL-3B,,117.46,72.95,190.41,0.205,124,2,126,1,0,0,What is the amount of circular commercial buildings?,3.57,3.72,9.55,55.1,1.90,0.0153,0.9485,0.0151,5639,1968,390,125,0.0038,1,4.292,4096
199,Qwen2.5-VL-3B,,117.19,72.95,190.13,0.204,123,2,125,0,No,yes,Are there more buildings than grass areas?,3.52,3.72,9.51,55.1,1.89,0.0154,0.9445,0.0151,5639,1968,390,124,0.0038,1,4.292,4096
200,Qwen2.5-VL-3B,,592.68,144.78,737.46,0.757,124,3,127,1,Rural,rural,Is it a rural or an urban area,4.05,4.66,10.30,55.3,7.21,0.0582,2.4037,0.0568,5639,1968,390,127,0.0039,2,8.655,4096
201,Qwen2.5-VL-3B,,116.90,73.03,189.93,0.204,123,2,125,1,Yes,yes,Is there a forest in the image?,4.42,4.62,10.92,55.2,2.17,0.0177,1.0859,0.0174,5643,1964,390,124,0.0038,2,8.655,4096
202,Qwen2.5-VL-3B,,116.89,72.98,189.88,0.204,122,2,124,0,1,13,What is the number of forests?,3.95,4.07,10.19,55.0,2.03,0.0166,1.0137,0.0163,5643,1964,390,123,0.0038,2,8.655,4096
203,Qwen2.5-VL-3B,,106.81,72.95,179.76,0.194,121,2,123,0,No,yes,Is a water area present?,3.64,3.72,9.68,55.1,0.97,0.0080,0.4847,0.0079,5643,1964,390,122,0.0037,2,8.655,4096
204,Qwen2.5-VL-3B,,116.86,72.91,189.76,0.204,122,2,124,0,0,30,What is the amount of roads?,3.95,4.11,10.22,55.3,2.04,0.0167,1.0194,0.0164,5643,1964,390,123,0.0038,2,8.655,4096
205,Qwen2.5-VL-3B,,117.07,72.99,190.06,0.204,122,2,124,0,Yes,no,Is there a circular nature reserve?,3.76,3.92,9.88,55.3,1.96,0.0161,0.9824,0.0158,5643,1964,390,123,0.0038,2,8.655,4096
206,Qwen2.5-VL-3B,,116.94,72.96,189.89,0.204,122,2,124,1,1,1,How many water areas are there?,3.65,3.84,9.68,55.2,1.92,0.0158,0.9625,0.0155,5643,1964,390,123,0.0038,2,8.655,4096
207,Qwen2.5-VL-3B,,118.27,72.97,191.24,0.205,127,2,129,0,1,0,What is the amount of medium water areas in the image?,3.60,3.80,9.55,55.2,1.90,0.0150,0.9495,0.0147,5643,1964,390,128,0.0039,2,8.655,4096
208,Qwen2.5-VL-3B,,117.21,72.99,190.20,0.204,123,2,125,0,Yes,no,Are there less roads than water areas?,3.57,3.76,9.52,55.0,1.89,0.0154,0.9466,0.0151,5643,1964,390,124,0.0038,2,8.655,4096
209,Qwen2.5-VL-3B,,106.41,72.98,179.39,0.193,120,2,122,1,Yes,yes,Is there a road?,3.42,3.48,9.36,54.7,0.94,0.0078,0.4688,0.0077,5643,1964,390,121,0.0037,2,8.655,4096
210,Qwen2.5-VL-3B,,117.66,72.98,190.64,0.205,125,2,127,1,3,3,How many grass areas are there in the image?,3.88,4.07,10.06,55.1,2.01,0.0161,1.0037,0.0158,5643,1964,390,126,0.0038,2,8.655,4096
211,Qwen2.5-VL-3B,,117.50,73.00,190.49,0.204,124,2,126,1,Yes,yes,Are there more nature reserves than water areas?,3.76,3.92,9.84,55.0,1.96,0.0158,0.9783,0.0155,5643,1964,390,125,0.0038,2,8.655,4096
212,Qwen2.5-VL-3B,,118.34,73.02,191.36,0.205,127,2,129,1,Yes,yes,Is a road at the top of a  forest present?,3.65,3.84,9.64,55.2,1.92,0.0151,0.9585,0.0149,5643,1964,390,128,0.0039,2,8.655,4096
213,Qwen2.5-VL-3B,,116.97,72.99,189.96,0.203,124,2,126,1,Yes,yes,Is a small forest present in the image?,3.59,3.76,9.55,55.1,1.90,0.0153,0.9485,0.0151,5643,1964,390,125,0.0038,2,8.655,4096
214,Qwen2.5-VL-3B,,117.18,72.98,190.17,0.204,123,2,125,0,Yes,no,Are there more water areas than roads?,3.55,3.76,9.54,55.2,1.90,0.0154,0.9475,0.0152,5643,1964,390,124,0.0038,2,8.655,4096
215,Qwen2.5-VL-3B,,106.76,72.96,179.72,0.194,121,2,123,1,No,no,Is there a circular road?,3.42,3.48,9.38,54.7,0.94,0.0078,0.4698,0.0076,5643,1964,390,122,0.0037,2,8.655,4096
216,Qwen2.5-VL-3B,,117.12,72.98,190.10,0.204,123,2,125,0,1,0,How many large water areas are there?,3.84,4.03,10.04,55.1,2.00,0.0163,1.0012,0.0160,5643,1964,390,124,0.0038,2,8.655,4096
217,Qwen2.5-VL-3B,,118.51,72.90,191.41,0.205,128,2,130,1,Yes,yes,Is a water area at the top of a  forest present?,3.72,3.88,9.85,55.1,1.96,0.0153,0.9793,0.0151,5643,1964,390,129,0.0039,2,8.655,4096
218,Qwen2.5-VL-3B,,116.90,73.02,189.92,0.204,122,2,124,0,1,3,How many nature reserves are there?,3.61,3.80,9.65,55.0,1.92,0.0157,0.9595,0.0155,5643,1964,390,123,0.0038,2,8.655,4096
219,Qwen2.5-VL-3B,,133.34,72.96,206.30,0.220,131,2,133,1,No,no,Is the number of water areas equal to the number of forests in the image?,3.55,3.72,9.58,55.0,1.91,0.0145,0.9525,0.0143,5643,1964,390,132,0.0040,2,8.655,4096
220,Qwen2.5-VL-3B,,132.94,73.09,206.03,0.220,130,2,132,0,0,1,What is the amount of water areas on the left of a  road?,3.66,3.84,9.67,55.1,1.92,0.0148,0.9625,0.0146,5643,1964,390,131,0.0040,2,8.655,4096
221,Qwen2.5-VL-3B,,117.13,72.98,190.12,0.204,123,2,125,1,Yes,yes,Are there more forests than water areas?,3.72,3.92,9.79,55.1,1.95,0.0158,0.9743,0.0156,5643,1964,390,124,0.0038,2,8.655,4096
222,Qwen2.5-VL-3B,,116.88,72.97,189.85,0.204,122,2,124,1,Yes,yes,Is a rectangular water area present?,3.63,3.88,9.63,55.1,1.92,0.0157,0.9580,0.0155,5643,1964,390,123,0.0038,2,8.655,4096
223,Qwen2.5-VL-3B,,106.39,72.98,179.37,0.193,121,2,123,1,Yes,yes,Is there a grass area?,3.46,3.48,9.34,54.9,0.94,0.0077,0.4678,0.0076,5643,1964,390,122,0.0037,2,8.655,4096
224,Qwen2.5-VL-3B,,117.47,73.01,190.48,0.205,124,2,126,0,1,3,What is the amount of large nature reserves?,3.89,4.07,10.14,55.1,2.02,0.0163,1.0111,0.0160,5643,1964,390,125,0.0038,2,8.655,4096
225,Qwen2.5-VL-3B,,116.92,72.97,189.89,0.204,122,2,124,0,1,0,How many medium roads are there?,3.73,3.96,9.84,55.0,1.96,0.0161,0.9793,0.0158,5643,1964,390,123,0.0038,2,8.655,4096
226,Qwen2.5-VL-3B,,117.48,72.97,190.45,0.205,124,2,126,0,Yes,no,Are there more square roads than water areas?,3.65,3.88,9.66,55.0,1.92,0.0155,0.9614,0.0153,5643,1964,390,125,0.0038,2,8.655,4096
227,Qwen2.5-VL-3B,,117.18,73.02,190.19,0.204,123,2,125,1,1,1,What is the number of circular forests?,3.59,3.80,9.55,55.0,1.90,0.0155,0.9505,0.0152,5643,1964,390,124,0.0038,2,8.655,4096
228,Qwen2.5-VL-3B,,118.25,72.95,191.20,0.205,127,2,129,1,No,no,Is the number of roads equal to the number of forests?,3.56,3.80,9.54,55.0,1.90,0.0149,0.9485,0.0147,5643,1964,390,128,0.0039,2,8.655,4096
229,Qwen2.5-VL-3B,,117.43,72.94,190.37,0.204,124,2,126,1,1,1,What is the number of circular water areas?,3.52,3.76,9.54,55.0,1.90,0.0153,0.9495,0.0151,5643,1964,390,125,0.0038,2,8.655,4096
230,Qwen2.5-VL-3B,,117.15,73.04,190.19,0.204,123,2,125,1,Yes,yes,Are there more roads than water areas?,3.52,3.76,9.51,55.1,1.89,0.0154,0.9466,0.0151,5643,1964,390,124,0.0038,2,8.655,4096
231,Qwen2.5-VL-3B,,117.43,73.03,190.46,0.204,124,2,126,1,Yes,yes,Is a nature reserve present in the image?,3.49,3.72,9.55,55.1,1.90,0.0153,0.9505,0.0151,5643,1964,390,125,0.0038,2,8.655,4096
232,Qwen2.5-VL-3B,,133.00,73.07,206.07,0.220,130,2,132,0,1,5,What is the number of roads at the bottom of the  water area?,3.51,3.76,9.50,55.1,1.89,0.0146,0.9466,0.0143,5643,1964,390,131,0.0040,2,8.655,4096
233,Qwen2.5-VL-3B,,116.92,72.96,189.88,0.204,122,2,124,1,Yes,yes,Are there more roads than forests?,3.65,3.88,9.69,55.1,1.93,0.0158,0.9654,0.0156,5643,1964,390,123,0.0038,2,8.655,4096
234,Qwen2.5-VL-3B,,118.74,73.06,191.81,0.205,129,2,131,1,No,no,Is the number of water areas equal to the number of grass areas?,3.59,3.88,9.63,55.0,1.92,0.0149,0.9594,0.0146,5643,1964,390,130,0.0040,2,8.655,4096
235,Qwen2.5-VL-3B,,117.45,73.00,190.45,0.205,128,2,130,1,No,no,Is the number of forests equal to the number of water areas?,3.57,3.84,9.63,55.2,1.92,0.0150,0.9585,0.0147,5643,1964,390,129,0.0039,2,8.655,4096
236,Qwen2.5-VL-3B,,117.19,73.00,190.19,0.204,123,2,125,0,Yes,no,Are there more grass areas than roads?,3.56,3.88,9.60,55.2,1.91,0.0156,0.9575,0.0153,5643,1964,390,124,0.0038,2,8.655,4096
237,Qwen2.5-VL-3B,,106.69,73.00,179.69,0.193,123,2,125,0,No,yes,Are there less water areas than roads?,3.40,3.44,9.30,55.0,0.93,0.0076,0.4658,0.0075,5643,1964,390,124,0.0038,2,8.655,4096
238,Qwen2.5-VL-3B,,117.14,72.95,190.09,0.204,123,2,125,0,1,3,What is the amount of rectangular forests?,3.90,4.07,10.21,55.4,2.04,0.0165,1.0177,0.0163,5643,1964,390,124,0.0038,2,8.655,4096
239,Qwen2.5-VL-3B,,116.91,72.98,189.89,0.204,122,2,124,1,1,1,How many small forests are there?,3.69,3.92,9.85,55.1,1.96,0.0161,0.9813,0.0158,5643,1964,390,123,0.0038,2,8.655,4096
240,Qwen2.5-VL-3B,,118.53,73.02,191.55,0.205,128,2,130,1,No,no,Is the number of grass areas equal to the number of roads?,3.60,3.84,9.71,55.1,1.93,0.0151,0.9674,0.0149,5643,1964,390,129,0.0039,2,8.655,4096
241,Qwen2.5-VL-3B,,117.46,72.97,190.43,0.204,124,2,126,1,1,1,What is the number of square water areas?,3.55,3.84,9.60,55.0,1.91,0.0154,0.9575,0.0152,5643,1964,390,125,0.0038,2,8.655,4096
242,Qwen2.5-VL-3B,,116.95,73.01,189.96,0.204,122,2,124,0,Yes,no,Are there less roads than forests?,3.53,3.80,9.55,55.1,1.90,0.0156,0.9514,0.0153,5643,1964,390,123,0.0038,2,8.655,4096
243,Qwen2.5-VL-3B,,116.99,72.91,189.90,0.204,124,2,126,1,Yes,yes,Are there more forests than medium water areas?,3.52,3.80,9.54,55.2,1.90,0.0153,0.9505,0.0151,5643,1964,390,125,0.0038,2,8.655,4096
244,Qwen2.5-VL-3B,,106.79,72.97,179.76,0.194,121,2,123,0,No,yes,Is there a circular forest?,3.36,3.40,9.28,55.0,0.93,0.0077,0.4648,0.0076,5643,1964,390,122,0.0037,2,8.655,4096
245,Qwen2.5-VL-3B,,116.92,72.92,189.84,0.204,122,2,124,0,No,yes,Are there less forests than roads?,3.90,4.07,10.20,55.3,2.03,0.0167,1.0161,0.0164,5642,1965,390,123,0.0038,2,8.655,4096
246,Qwen2.5-VL-3B,,116.93,72.99,189.92,0.204,124,2,126,0,Yes,no,Are there more water areas than square forests?,3.70,3.96,9.81,55.2,1.96,0.0158,0.9783,0.0155,5642,1965,390,125,0.0038,2,8.655,4096
247,Qwen2.5-VL-3B,,116.89,72.97,189.87,0.204,122,2,124,0,No,yes,Is a circular water area present?,3.63,3.92,9.62,55.1,1.92,0.0157,0.9585,0.0155,5642,1965,390,123,0.0038,2,8.655,4096
248,Qwen2.5-VL-3B,,117.47,73.00,190.46,0.204,124,2,126,0,Yes,no,Are there less grass areas than water areas?,3.59,3.88,9.55,55.0,1.90,0.0153,0.9515,0.0151,5642,1965,390,125,0.0038,2,8.655,4096
249,Qwen2.5-VL-3B,,116.95,73.05,190.00,0.204,124,2,126,0,Yes,no,Are there more water areas than nature reserves?,3.57,3.88,9.52,55.0,1.90,0.0153,0.9495,0.0151,5642,1965,390,125,0.0038,2,8.655,4096
250,Qwen2.5-VL-3B,,116.88,73.02,189.90,0.204,122,2,124,1,No,no,Is a medium water area present?,3.57,3.88,9.51,55.0,1.90,0.0155,0.9476,0.0153,5642,1965,390,123,0.0038,2,8.655,4096
251,Qwen2.5-VL-3B,,118.32,72.94,191.25,0.205,128,2,130,1,Yes,yes,Is there a water area on the left of a  road?,3.55,3.84,9.55,55.0,1.90,0.0149,0.9515,0.0146,5642,1965,390,129,0.0039,2,8.655,4096
252,Qwen2.5-VL-3B,,117.18,73.06,190.23,0.204,123,2,125,0,1,0,What is the number of square roads?,3.56,3.88,9.59,55.2,1.91,0.0156,0.9565,0.0153,5642,1965,390,124,0.0038,2,8.655,4096
253,Qwen2.5-VL-3B,,106.80,72.92,179.72,0.194,121,2,123,1,Yes,yes,Is a medium forest present?,3.43,3.49,9.30,54.9,0.93,0.0077,0.4659,0.0076,5642,1965,390,122,0.0037,2,8.655,4096
254,Qwen2.5-VL-3B,,118.04,72.99,191.03,0.205,127,2,129,1,No,no,Is the number of forests equal to the number of roads?,3.93,4.11,10.23,55.2,2.04,0.0161,1.0197,0.0158,5642,1965,390,128,0.0039,2,8.655,4096
255,Qwen2.5-VL-3B,,118.72,212.87,331.59,0.346,129,4,133,0,100,10,What is the amount of forests at the bottom of a  road?,3.80,3.99,9.99,55.2,3.00,0.0233,0.7504,0.0226,5642,1965,390,134,0.0041,2,8.655,4096
256,Qwen2.5-VL-3B,,106.45,73.02,179.47,0.194,123,2,125,0,1,0,What is the number of large roads?,4.03,4.03,10.38,54.8,1.04,0.0084,0.5196,0.0083,5642,1965,390,124,0.0038,2,8.655,4096
257,Qwen2.5-VL-3B,,118.79,72.98,191.77,0.206,129,2,131,1,No,no,Is the number of water areas equal to the number of small roads?,4.17,4.19,10.67,55.0,2.13,0.0165,1.0670,0.0163,5642,1965,390,130,0.0040,2,8.655,4096
258,Qwen2.5-VL-3B,,105.42,72.95,178.37,0.193,128,2,130,1,No,no,Is the number of water areas equal to the number of roads?,3.74,3.76,9.94,54.8,1.00,0.0078,0.4976,0.0077,5642,1965,390,129,0.0039,2,8.655,4096
259,Qwen2.5-VL-3B,,106.74,72.98,179.73,0.194,122,2,124,0,Yes,no,Is there a large water area?,4.03,4.07,10.38,55.2,1.04,0.0085,0.5196,0.0084,5642,1965,390,123,0.0038,2,8.655,4096
260,Qwen2.5-VL-3B,,133.38,73.01,206.39,0.221,131,2,133,0,Yes,no,Are there less water areas than water areas on the right of a  forest?,4.28,4.34,10.74,55.5,2.14,0.0163,1.0700,0.0161,5642,1965,390,132,0.0040,2,8.655,4096
261,Qwen2.5-VL-3B,,116.89,72.97,189.85,0.204,122,2,124,1,0,0,How many circular roads are there?,3.90,3.92,10.17,55.0,2.04,0.0167,1.0180,0.0164,5642,1965,390,123,0.0038,2,8.655,4096
262,Qwen2.5-VL-3B,,117.23,73.00,190.23,0.204,123,2,125,1,0,0,What is the number of rectangular roads?,3.64,3.68,9.73,54.9,1.95,0.0159,0.9754,0.0156,5642,1965,390,124,0.0038,2,8.655,4096
263,Qwen2.5-VL-3B,,140.03,73.03,213.06,0.227,139,2,141,1,No,no,Is the number of roads equal to the number of forests on the left of a  medium water area in the image?,3.51,3.56,9.55,54.9,1.91,0.0138,0.9575,0.0136,5642,1965,390,140,0.0043,2,8.655,4096
264,Qwen2.5-VL-3B,,117.47,72.98,190.45,0.205,124,2,126,1,Yes,yes,Are there less water areas than grass areas?,3.59,3.64,9.59,55.0,1.92,0.0155,0.9615,0.0153,5642,1965,390,125,0.0038,2,8.655,4096
265,Qwen2.5-VL-3B,,106.39,72.97,179.36,0.193,123,2,125,1,No,no,Are there less forests than water areas?,3.46,3.52,9.36,54.9,0.94,0.0076,0.4688,0.0075,5642,1965,390,124,0.0038,2,8.655,4096
266,Qwen2.5-VL-3B,,106.69,72.93,179.62,0.193,123,2,125,0,Yes,no,Are there more water areas than forests?,3.82,3.84,10.12,55.2,1.01,0.0082,0.5066,0.0081,5642,1965,390,124,0.0038,2,8.655,4096
267,Qwen2.5-VL-3B,,116.92,72.88,189.81,0.204,122,2,124,0,Yes,no,Is there a medium nature reserve?,4.11,4.22,10.65,55.6,2.12,0.0174,1.0608,0.0171,5642,1965,390,123,0.0038,2,8.655,4096
268,Qwen2.5-VL-3B,,118.27,72.94,191.20,0.204,128,2,130,1,No,no,Is the number of roads equal to the number of water areas?,3.80,4.03,10.11,55.6,2.01,0.0157,1.0071,0.0155,5643,1964,390,129,0.0039,2,8.655,4096
269,Qwen2.5-VL-3B,,117.14,72.92,190.05,0.204,123,2,125,0,2,1,What is the number of square forests?,3.66,3.92,9.81,55.5,1.96,0.0159,0.9784,0.0157,5643,1964,390,124,0.0038,2,8.655,4096
270,Qwen2.5-VL-3B,,117.43,72.99,190.42,0.204,124,2,126,0,Yes,no,Are there less roads than circular water areas?,3.60,3.92,9.71,55.5,1.94,0.0156,0.9683,0.0154,5643,1964,390,125,0.0038,2,8.655,4096
271,Qwen2.5-VL-3B,,118.73,72.96,191.69,0.206,129,2,131,0,No,yes,Is the number of circular forests equal to the number of water areas?,3.44,3.48,9.42,54.9,1.89,0.0146,0.9446,0.0144,5643,1964,390,130,0.0040,2,8.655,4096
272,Qwen2.5-VL-3B,,116.93,72.85,189.78,0.203,122,2,124,0,1,30,How many small roads are there?,3.43,3.48,9.42,54.9,1.89,0.0155,0.9446,0.0152,5643,1964,390,123,0.0038,2,8.655,4096
273,Qwen2.5-VL-3B,,106.61,72.94,179.55,0.193,121,2,123,1,Yes,yes,Is a small road present?,3.36,3.44,9.36,54.9,0.94,0.0077,0.4688,0.0076,5643,1964,390,122,0.0037,2,8.655,4096
274,Qwen2.5-VL-3B,,106.32,72.91,179.23,0.192,121,2,123,0,Yes,no,Is there a square road?,3.78,3.80,10.00,54.9,1.00,0.0083,0.5006,0.0081,5643,1964,390,122,0.0037,2,8.655,4096
275,Qwen2.5-VL-3B,,118.53,72.90,191.43,0.206,129,2,131,1,No,no,Is the number of roads equal to the number of rectangular water areas?,4.08,4.22,10.64,55.6,2.12,0.0164,1.0603,0.0162,5643,1964,390,130,0.0040,2,8.655,4096
276,Qwen2.5-VL-3B,,118.31,72.87,191.18,0.205,127,2,129,0,1,3,How many nature reserves next to a  road are there?,3.81,4.03,10.08,55.6,2.01,0.0158,1.0052,0.0156,5643,1964,390,128,0.0039,2,8.655,4096
277,Qwen2.5-VL-3B,,117.06,72.96,190.02,0.204,123,2,125,0,Yes,no,Are there less roads than grass areas?,3.68,3.92,9.81,55.4,1.95,0.0159,0.9773,0.0156,5643,1964,390,124,0.0038,2,8.655,4096
278,Qwen2.5-VL-3B,,117.39,72.88,190.27,0.204,124,2,126,0,3,0,What is the number of rectangular grass areas?,3.59,3.84,9.71,55.4,1.93,0.0156,0.9674,0.0154,5643,1964,390,125,0.0038,2,8.655,4096
279,Qwen2.5-VL-3B,,116.86,72.88,189.74,0.204,122,2,124,0,Yes,no,Are there more forests than roads?,3.55,3.84,9.66,55.4,1.92,0.0158,0.9624,0.0155,5643,1964,390,123,0.0038,2,8.655,4096
280,Qwen2.5-VL-3B,,118.58,73.66,192.24,0.207,128,2,130,1,1,1,What is the number of water areas next to a  forest?,3.41,3.48,9.40,54.9,1.89,0.0147,0.9436,0.0145,5643,1964,390,129,0.0039,2,8.655,4096
281,Qwen2.5-VL-3B,,118.50,72.98,191.47,0.206,128,2,130,0,2,3,How many grass areas next to the  water area are there?,3.44,3.48,9.39,54.9,1.88,0.0147,0.9415,0.0145,5643,1964,390,129,0.0039,2,8.655,4096
282,Qwen2.5-VL-3B,,117.65,72.92,190.57,0.205,125,2,127,0,Yes,no,Are there more large water areas than medium forests?,3.56,3.84,9.52,55.1,1.90,0.0152,0.9497,0.0150,5643,1964,390,126,0.0038,2,8.655,4096
283,Qwen2.5-VL-3B,,106.66,72.93,179.59,0.193,121,2,123,0,Yes,no,Is there a rectangular road?,3.38,3.44,9.27,54.8,0.93,0.0077,0.4637,0.0075,5643,1964,390,122,0.0037,2,8.655,4096
284,Qwen2.5-VL-3B,,117.51,72.97,190.47,0.205,124,2,126,0,1,0,What is the amount of circular nature reserves?,3.93,4.11,10.09,55.5,2.01,0.0162,1.0057,0.0160,5643,1964,390,125,0.0038,2,8.655,4096
285,Qwen2.5-VL-3B,,106.72,73.01,179.73,0.194,124,2,126,1,1,1,What is the number of rectangular water areas?,3.58,3.60,9.56,54.8,0.96,0.0077,0.4787,0.0076,5643,1964,390,125,0.0038,2,8.655,4096
286,Qwen2.5-VL-3B,,134.64,72.93,207.58,0.222,135,2,137,1,No,no,Is the number of forests equal to the number of water areas on the right of a  road?,4.02,4.19,10.25,55.6,2.04,0.0151,1.0222,0.0149,5643,1964,390,136,0.0042,2,8.655,4096
287,Qwen2.5-VL-3B,,118.49,72.98,191.47,0.206,128,2,130,0,1,13,How many forests at the top of a  road are there?,3.90,4.15,10.07,55.3,2.01,0.0157,1.0048,0.0155,5643,1964,390,129,0.0039,2,8.655,4096
288,Qwen2.5-VL-3B,,118.03,73.02,191.05,0.205,126,2,128,1,Yes,yes,Is there a nature reserve next to a  road?,3.72,3.96,9.81,55.2,1.96,0.0155,0.9784,0.0153,5643,1964,390,127,0.0039,2,8.655,4096
289,Qwen2.5-VL-3B,,106.69,72.98,179.66,0.194,122,2,124,1,No,no,Is a circular grass area present?,3.46,3.52,9.44,54.9,0.95,0.0078,0.4728,0.0076,5643,1964,390,123,0.0038,2,8.655,4096
290,Qwen2.5-VL-3B,,117.20,72.88,190.08,0.204,123,2,125,1,Yes,yes,Are there less water areas than forests?,3.95,4.11,10.23,55.3,2.04,0.0166,1.0193,0.0163,5643,1964,390,124,0.0038,2,8.655,4096
291,Qwen2.5-VL-3B,,116.91,72.97,189.88,0.204,124,2,126,1,Yes,yes,Are there more water areas than rectangular roads?,3.72,3.96,9.88,55.6,1.97,0.0159,0.9843,0.0156,5643,1964,390,125,0.0038,2,8.655,4096
292,Qwen2.5-VL-3B,,133.37,72.99,206.36,0.220,131,2,133,1,1,1,What is the number of square water areas at the bottom of a  road?,3.60,3.84,9.69,55.6,1.93,0.0148,0.9664,0.0145,5643,1964,390,132,0.0040,2,8.655,4096
293,Qwen2.5-VL-3B,,117.39,72.96,190.35,0.205,124,2,126,0,Yes,no,Are there more medium forests than water areas?,3.56,3.60,9.63,54.8,1.93,0.0156,0.9654,0.0153,5643,1964,390,125,0.0038,2,8.655,4096
294,Qwen2.5-VL-3B,,117.18,72.95,190.12,0.204,126,2,128,1,Yes,yes,Are there more roads than large forests in the image?,3.47,3.52,9.54,54.8,1.91,0.0152,0.9565,0.0149,5643,1964,390,127,0.0039,2,8.655,4096
295,Qwen2.5-VL-3B,,116.89,72.92,189.81,0.204,122,2,124,1,1,1,How many medium forests are there?,3.39,3.52,9.34,54.9,1.87,0.0153,0.9327,0.0150,5643,1964,390,123,0.0038,2,8.655,4096
296,Qwen2.5-VL-3B,,118.81,73.00,191.80,0.206,129,2,131,1,Yes,yes,Is a forest on the right of the  circular water area present?,3.35,3.48,9.30,54.9,1.86,0.0144,0.9287,0.0142,5643,1964,390,130,0.0040,2,8.655,4096
297,Qwen2.5-VL-3B,,118.52,72.93,191.46,0.206,129,2,131,1,No,no,Is the number of water areas equal to the number of circular roads?,3.35,3.48,9.23,54.9,1.84,0.0143,0.9217,0.0141,5643,1964,390,130,0.0040,2,8.655,4096
298,Qwen2.5-VL-3B,,117.39,72.96,190.36,0.205,124,2,126,1,Yes,yes,Are there less rectangular nature reserves than roads?,3.35,3.48,9.26,55.0,1.85,0.0149,0.9247,0.0147,5643,1964,390,125,0.0038,2,8.655,4096
299,Qwen2.5-VL-3B,,106.73,72.96,179.69,0.193,121,2,123,1,Yes,yes,Is a square forest present?,3.29,3.29,9.13,54.2,0.91,0.0076,0.4569,0.0074,5643,1964,390,122,0.0037,2,8.655,4096
300,Qwen2.5-VL-3B,,592.65,144.75,737.40,0.765,124,3,127,1,Rural,rural,Is it a rural or an urban area,4.20,4.66,10.58,55.6,7.42,0.0599,2.4745,0.0585,5643,1964,390,127,0.0039,3,12.947,4096
301,Qwen2.5-VL-3B,,106.34,72.96,179.30,0.194,121,2,123,0,Yes,no,Is a rectangular road present?,4.62,4.82,11.25,55.8,1.13,0.0093,0.5633,0.0092,5650,1957,390,122,0.0037,3,12.947,4096
302,Qwen2.5-VL-3B,,116.90,72.95,189.85,0.204,122,2,124,0,1,7,How many commercial buildings are there?,4.44,4.50,11.01,55.4,2.20,0.0180,1.0998,0.0177,5650,1957,390,123,0.0038,3,12.947,4096
303,Qwen2.5-VL-3B,,118.00,72.94,190.95,0.205,126,2,128,0,0,164,What is the amount of residential buildings in the image?,4.03,4.34,10.44,55.4,2.07,0.0164,1.0335,0.0161,5650,1957,390,127,0.0039,3,12.947,4096
304,Qwen2.5-VL-3B,,105.51,212.81,318.32,0.332,122,4,126,0,100,152,What is the amount of forests?,3.85,4.11,10.07,55.4,2.99,0.0245,0.7465,0.0237,5650,1957,390,127,0.0039,3,12.947,4096
305,Qwen2.5-VL-3B,,106.42,72.97,179.39,0.194,120,2,122,1,Yes,yes,Is a building present?,4.07,4.38,10.49,55.2,1.05,0.0087,0.5250,0.0086,5650,1957,390,121,0.0037,3,12.947,4096
306,Qwen2.5-VL-3B,,117.39,72.96,190.35,0.205,124,2,126,0,1,187,How many roads are there in the image?,4.05,4.15,10.39,55.2,2.08,0.0167,1.0383,0.0165,5650,1957,390,125,0.0038,3,12.947,4096
307,Qwen2.5-VL-3B,,118.01,72.92,190.93,0.205,126,2,128,0,1,10,What is the number of orchards in the image?,3.86,4.19,10.14,55.2,2.01,0.0159,1.0028,0.0157,5650,1957,390,127,0.0039,3,12.947,4096
308,Qwen2.5-VL-3B,,106.72,72.95,179.67,0.194,121,2,123,0,No,yes,Is a residential building present?,3.68,3.96,9.77,55.1,0.98,0.0081,0.4893,0.0080,5650,1957,390,122,0.0037,3,12.947,4096
309,Qwen2.5-VL-3B,,106.67,72.93,179.60,0.194,123,2,125,1,Yes,yes,Is a road present in the image?,3.72,3.76,9.88,55.5,0.99,0.0080,0.4946,0.0079,5650,1957,390,124,0.0038,3,12.947,4096
310,Qwen2.5-VL-3B,,106.44,72.99,179.42,0.194,121,2,123,1,Yes,yes,Is there a commercial building?,4.01,4.03,10.34,55.2,1.04,0.0086,0.5176,0.0084,5650,1957,390,122,0.0037,3,12.947,4096
311,Qwen2.5-VL-3B,,106.35,72.96,179.31,0.194,121,2,123,0,No,yes,Is a water area present?,4.15,4.15,10.64,55.4,1.07,0.0088,0.5325,0.0087,5650,1957,390,122,0.0037,3,12.947,4096
312,Qwen2.5-VL-3B,,106.11,72.88,178.99,0.193,121,2,123,1,Yes,yes,Is a grass area present?,4.25,4.27,10.81,55.2,1.08,0.0089,0.5415,0.0088,5651,1956,390,122,0.0037,3,12.947,4096
313,Qwen2.5-VL-3B,,117.19,72.99,190.18,0.205,123,2,125,0,0,25,What is the amount of water areas?,4.29,4.30,10.87,55.2,2.18,0.0177,1.0888,0.0174,5651,1956,390,124,0.0038,3,12.947,4096
314,Qwen2.5-VL-3B,,116.95,72.93,189.89,0.204,122,2,124,0,No,yes,Is there a circular orchard?,4.00,4.42,10.40,55.3,2.06,0.0169,1.0306,0.0166,5651,1956,390,123,0.0038,3,12.947,4096
315,Qwen2.5-VL-3B,,117.47,144.69,262.16,0.276,124,3,127,0,10,79,What is the number of farmlands?,3.77,4.15,9.89,55.2,1.96,0.0158,0.6526,0.0154,5651,1956,390,127,0.0039,3,12.947,4096
316,Qwen2.5-VL-3B,,106.74,73.00,179.74,0.194,121,2,123,0,Yes,no,Is there a medium road?,3.96,3.96,10.28,54.8,1.03,0.0085,0.5145,0.0084,5651,1956,390,122,0.0037,3,12.947,4096
317,Qwen2.5-VL-3B,,106.05,72.92,178.97,0.193,122,2,124,0,No,yes,Is there a circular water area?,4.15,4.15,10.62,55.4,1.06,0.0087,0.5315,0.0086,5651,1956,390,123,0.0038,3,12.947,4096
318,Qwen2.5-VL-3B,,117.14,72.96,190.11,0.205,123,2,125,0,1,0,How many large residential buildings are there?,4.28,4.30,10.75,55.4,2.15,0.0175,1.0748,0.0172,5651,1956,390,124,0.0038,3,12.947,4096
319,Qwen2.5-VL-3B,,106.13,72.98,179.11,0.193,121,2,123,0,1,191,How many buildings are there?,3.80,3.80,10.04,55.3,1.01,0.0083,0.5026,0.0082,5651,1956,390,122,0.0037,3,12.947,4096
320,Qwen2.5-VL-3B,,118.09,72.99,191.08,0.206,126,2,128,1,No,no,Are there less roads than commercial buildings in the image?,4.17,4.31,10.58,55.7,2.11,0.0167,1.0541,0.0165,5651,1956,390,127,0.0039,3,12.947,4096
321,Qwen2.5-VL-3B,,118.54,72.90,191.43,0.206,128,2,130,1,No,no,Is the number of roads equal to the number of commercial buildings?,3.85,4.11,10.05,55.3,2.00,0.0157,1.0018,0.0154,5651,1956,390,129,0.0039,3,12.947,4096
322,Qwen2.5-VL-3B,,106.79,73.02,179.81,0.194,122,2,124,0,No,yes,Is a large water area present?,3.58,3.64,9.64,55.1,0.97,0.0079,0.4827,0.0078,5651,1956,390,123,0.0038,3,12.947,4096
323,Qwen2.5-VL-3B,,117.44,73.00,190.44,0.205,124,2,126,0,1,0,What is the number of square commercial buildings?,4.01,4.15,10.38,55.4,2.07,0.0167,1.0351,0.0164,5651,1956,390,125,0.0038,3,12.947,4096
324,Qwen2.5-VL-3B,,118.61,72.99,191.59,0.206,128,2,130,1,No,no,Is the number of water areas equal to the number of buildings?,3.73,3.96,9.99,55.3,1.99,0.0156,0.9952,0.0153,5651,1956,390,129,0.0039,3,12.947,4096
325,Qwen2.5-VL-3B,,117.15,72.96,190.11,0.204,123,2,125,0,Yes,no,Are there less buildings than grass areas?,3.61,3.88,9.77,55.5,1.95,0.0158,0.9734,0.0156,5651,1956,390,124,0.0038,3,12.947,4096
326,Qwen2.5-VL-3B,,106.33,72.97,179.30,0.193,120,2,122,1,Yes,yes,Is there a forest?,3.40,3.44,9.46,55.3,0.95,0.0079,0.4738,0.0078,5651,1956,390,121,0.0037,3,12.947,4096
327,Qwen2.5-VL-3B,,118.25,72.91,191.16,0.206,128,2,130,1,No,no,Is the number of residential buildings equal to the number of roads?,3.91,4.07,10.22,55.7,2.04,0.0159,1.0191,0.0157,5651,1956,390,129,0.0039,3,12.947,4096
328,Qwen2.5-VL-3B,,106.36,72.97,179.34,0.194,121,2,123,1,Yes,yes,Is a small road present?,3.58,3.60,9.72,55.0,0.97,0.0080,0.4867,0.0079,5651,1956,390,122,0.0037,3,12.947,4096
329,Qwen2.5-VL-3B,,118.88,72.94,191.82,0.206,129,2,131,0,1,164,How many residential buildings at the top of a  road are there?,3.98,4.15,10.42,55.7,2.08,0.0161,1.0385,0.0159,5651,1956,390,130,0.0040,3,12.947,4096
330,Qwen2.5-VL-3B,,116.92,72.99,189.91,0.204,122,2,124,1,No,no,Are there more roads than buildings?,3.76,3.96,9.93,55.3,1.98,0.0162,0.9893,0.0160,5651,1956,390,123,0.0038,3,12.947,4096
331,Qwen2.5-VL-3B,,117.18,72.98,190.17,0.205,123,2,125,1,0,0,How many circular commercial buildings are there?,3.63,3.88,9.70,55.3,1.93,0.0157,0.9664,0.0155,5651,1956,390,124,0.0038,3,12.947,4096
332,Qwen2.5-VL-3B,,117.14,212.98,330.12,0.344,123,4,127,0,100,114,What is the amount of grass areas?,3.74,4.18,9.83,55.4,2.94,0.0239,0.7338,0.0231,5651,1956,390,128,0.0039,3,12.947,4096
333,Qwen2.5-VL-3B,,106.12,72.92,179.04,0.193,124,2,126,0,0,101,What is the amount of rectangular residential buildings?,3.97,3.99,10.27,55.3,1.03,0.0083,0.5141,0.0082,5651,1956,389,125,0.0038,3,12.947,4096
334,Qwen2.5-VL-3B,,106.77,73.01,179.78,0.194,121,2,123,1,No,no,Is there a circular road?,4.15,4.18,10.56,55.2,1.06,0.0087,0.5285,0.0086,5651,1956,389,122,0.0037,3,12.947,4096
335,Qwen2.5-VL-3B,,117.08,73.00,190.08,0.204,123,2,125,0,0,3,What is the number of residential areas?,4.33,4.46,10.81,55.8,2.16,0.0175,1.0778,0.0172,5651,1956,389,124,0.0038,3,12.947,4096
336,Qwen2.5-VL-3B,,106.75,72.96,179.71,0.193,121,2,123,1,Yes,yes,Is a farmland present?,3.82,3.84,9.96,55.2,1.00,0.0082,0.4986,0.0081,5651,1956,389,122,0.0037,3,12.947,4096
337,Qwen2.5-VL-3B,,117.45,72.94,190.39,0.205,124,2,126,0,1,8,What is the amount of medium water areas?,4.15,4.26,10.50,55.5,2.09,0.0169,1.0462,0.0166,5651,1956,389,125,0.0038,3,12.947,4096
338,Qwen2.5-VL-3B,,118.58,72.96,191.54,0.206,128,2,130,0,No,yes,Is there a residential building at the top of a  road?,3.84,4.03,9.99,55.4,1.99,0.0156,0.9958,0.0153,5651,1956,389,129,0.0039,3,12.947,4096
339,Qwen2.5-VL-3B,,117.43,73.00,190.43,0.205,125,2,127,1,No,no,Is a large residential building present in the image?,3.70,3.96,9.76,55.4,1.94,0.0156,0.9719,0.0153,5651,1956,389,126,0.0038,3,12.947,4096
340,Qwen2.5-VL-3B,,117.19,72.98,190.17,0.204,123,2,125,0,0,23,What is the amount of rectangular forests?,3.61,3.84,9.64,55.6,1.92,0.0156,0.9605,0.0154,5651,1956,389,124,0.0038,3,12.947,4096
341,Qwen2.5-VL-3B,,116.90,72.92,189.82,0.204,122,2,124,1,0,0,How many large roads are there?,3.55,3.80,9.59,55.6,1.91,0.0157,0.9556,0.0154,5651,1956,389,123,0.0038,3,12.947,4096
342,Qwen2.5-VL-3B,,117.46,73.02,190.48,0.205,124,2,126,0,No,yes,Are there less commercial buildings than water areas?,3.53,3.80,9.54,55.6,1.90,0.0153,0.9505,0.0151,5651,1956,389,125,0.0038,3,12.947,4096
343,Qwen2.5-VL-3B,,117.48,73.05,190.53,0.205,124,2,126,1,Yes,yes,Is a medium building present in the image?,3.53,3.84,9.48,55.6,1.89,0.0153,0.9456,0.0150,5651,1956,389,125,0.0038,3,12.947,4096
344,Qwen2.5-VL-3B,,118.27,144.64,262.91,0.277,127,3,130,0,10,14,What is the number of small grass areas in the image?,3.55,3.84,9.44,55.6,1.88,0.0148,0.6278,0.0145,5651,1956,389,130,0.0040,3,12.947,4096
345,Qwen2.5-VL-3B,,106.13,72.97,179.10,0.193,124,2,126,0,0,3,What is the number of square residential buildings?,3.94,3.99,10.19,55.1,1.02,0.0082,0.5101,0.0081,5651,1956,389,125,0.0038,3,12.947,4096
346,Qwen2.5-VL-3B,,117.12,72.99,190.11,0.204,123,2,125,1,No,no,Are there less buildings than water areas?,4.20,4.34,10.56,55.4,2.11,0.0171,1.0531,0.0168,5651,1956,389,124,0.0038,3,12.947,4096
347,Qwen2.5-VL-3B,,116.91,72.91,189.82,0.204,124,2,126,1,Yes,yes,Are there more grass areas than water areas?,3.88,4.03,10.02,55.4,2.00,0.0161,0.9978,0.0158,5651,1956,389,125,0.0038,3,12.947,4096
348,Qwen2.5-VL-3B,,117.15,72.94,190.09,0.204,125,2,127,1,Yes,yes,Are there less water areas than farmlands?,3.68,3.92,9.73,55.3,1.94,0.0155,0.9694,0.0153,5651,1956,389,126,0.0038,3,12.947,4096
349,Qwen2.5-VL-3B,,106.73,72.93,179.66,0.194,121,2,123,1,Yes,yes,Is a orchard present?,3.48,3.48,9.36,54.9,0.94,0.0077,0.4688,0.0076,5651,1956,389,122,0.0037,3,12.947,4096
350,Qwen2.5-VL-3B,,117.17,73.03,190.19,0.205,123,2,125,1,Yes,yes,Are there less residential buildings than roads?,3.94,4.11,10.14,55.7,2.02,0.0164,1.0107,0.0162,5651,1956,389,124,0.0038,3,12.947,4096
351,Qwen2.5-VL-3B,,116.98,72.98,189.96,0.204,122,2,124,0,Yes,no,Is a small farmland present?,3.74,3.92,9.85,55.7,1.96,0.0161,0.9813,0.0158,5651,1956,389,123,0.0038,3,12.947,4096
352,Qwen2.5-VL-3B,,106.12,72.95,179.06,0.193,122,2,124,1,Yes,yes,Is a small commercial building present?,3.50,3.52,9.46,55.1,0.95,0.0078,0.4738,0.0076,5651,1956,389,123,0.0038,3,12.947,4096
353,Qwen2.5-VL-3B,,118.52,72.97,191.49,0.206,128,2,130,1,No,no,Are there more commercial buildings than farmlands in the image?,3.93,4.11,10.15,55.6,2.03,0.0158,1.0127,0.0156,5651,1956,389,129,0.0039,3,12.947,4096
354,Qwen2.5-VL-3B,,117.12,73.01,190.13,0.204,123,2,125,0,1,2,How many medium commercial buildings are there?,3.77,3.96,9.82,55.4,1.96,0.0159,0.9778,0.0156,5651,1956,389,124,0.0038,3,12.947,4096
355,Qwen2.5-VL-3B,,118.32,72.97,191.30,0.206,127,2,129,0,No,yes,Are there more commercial buildings than rectangular roads in the image?,3.65,3.84,9.64,55.4,1.92,0.0151,0.9595,0.0149,5651,1956,389,128,0.0039,3,12.947,4096
356,Qwen2.5-VL-3B,,117.38,72.97,190.35,0.205,127,2,129,1,No,no,Are there more circular water areas than buildings in the image?,3.59,3.84,9.56,55.3,1.90,0.0150,0.9515,0.0148,5651,1956,389,128,0.0039,3,12.947,4096
357,Qwen2.5-VL-3B,,118.84,73.06,191.90,0.206,129,2,131,1,No,no,Is the number of residential buildings equal to the number of water areas?,3.57,3.80,9.56,55.3,1.90,0.0148,0.9515,0.0145,5651,1956,389,130,0.0040,3,12.947,4096
358,Qwen2.5-VL-3B,,117.00,73.16,190.17,0.205,122,2,124,0,No,yes,Are there less forests than buildings?,3.55,3.80,9.56,55.6,1.90,0.0156,0.9515,0.0153,5651,1956,389,123,0.0038,3,12.947,4096
359,Qwen2.5-VL-3B,,106.72,72.94,179.66,0.194,123,2,125,1,No,no,Are there more water areas than roads?,3.42,3.44,9.32,54.9,0.93,0.0076,0.4668,0.0075,5645,1962,389,124,0.0038,3,12.947,4096
360,Qwen2.5-VL-3B,,106.90,73.17,180.07,0.194,121,2,123,0,No,yes,Is a circular building present?,3.80,3.80,9.92,55.6,0.99,0.0082,0.4967,0.0081,5646,1961,389,122,0.0037,3,12.947,4096
361,Qwen2.5-VL-3B,,106.72,72.98,179.69,0.194,122,2,124,0,Yes,no,Is there a large commercial building?,4.03,4.07,10.39,55.8,1.04,0.0085,0.5201,0.0084,5654,1953,389,123,0.0038,3,12.947,4096
362,Qwen2.5-VL-3B,,117.15,73.02,190.17,0.205,123,2,125,1,Yes,yes,Are there more buildings than water areas?,4.20,4.30,10.75,55.6,2.14,0.0174,1.0720,0.0172,5655,1952,389,124,0.0038,3,12.947,4096
363,Qwen2.5-VL-3B,,106.34,72.95,179.29,0.194,123,2,125,0,No,yes,Are there more roads than grass areas?,3.84,3.96,10.18,55.0,1.02,0.0083,0.5095,0.0082,5656,1951,389,124,0.0038,3,12.947,4096
364,Qwen2.5-VL-3B,,118.54,72.93,191.47,0.206,128,2,130,0,No,yes,Is there a building on the right of a  water area?,4.05,4.19,10.48,55.5,2.09,0.0163,1.0460,0.0161,5656,1951,389,129,0.0039,3,12.947,4096
365,Qwen2.5-VL-3B,,117.47,73.01,190.49,0.205,124,2,126,0,0,9,What is the amount of rectangular water areas?,3.85,3.96,10.03,55.3,1.99,0.0161,0.9962,0.0158,5656,1951,389,125,0.0038,3,12.947,4096
366,Qwen2.5-VL-3B,,106.72,73.02,179.73,0.194,121,2,123,1,No,no,Is there a square road?,3.62,3.72,9.62,55.0,0.96,0.0080,0.4817,0.0078,5656,1951,389,122,0.0037,3,12.947,4096
367,Qwen2.5-VL-3B,,117.09,72.91,190.00,0.204,123,2,125,0,0,163,How many small residential buildings are there?,3.89,4.07,10.14,55.7,2.02,0.0165,1.0118,0.0162,5656,1951,389,124,0.0038,3,12.947,4096
368,Qwen2.5-VL-3B,,117.38,72.97,190.35,0.205,124,2,126,1,Yes,yes,Are there more residential buildings than water areas?,3.76,3.88,9.88,55.6,1.96,0.0158,0.9813,0.0156,5656,1951,389,125,0.0038,3,12.947,4096
369,Qwen2.5-VL-3B,,117.40,72.99,190.40,0.205,124,2,126,0,1,0,What is the number of large commercial buildings?,3.66,3.84,9.64,55.6,1.91,0.0154,0.9575,0.0152,5656,1951,389,125,0.0038,3,12.947,4096
370,Qwen2.5-VL-3B,,118.62,73.00,191.62,0.206,128,2,130,1,No,no,Is the number of buildings equal to the number of grass areas?,3.63,3.80,9.56,55.5,1.90,0.0148,0.9495,0.0146,5656,1951,389,129,0.0039,3,12.947,4096
371,Qwen2.5-VL-3B,,106.70,73.02,179.72,0.194,122,2,124,1,Yes,yes,Is there a small water area?,3.50,3.60,9.40,55.2,0.94,0.0077,0.4708,0.0076,5656,1951,389,123,0.0038,3,12.947,4096
372,Qwen2.5-VL-3B,,117.52,73.02,190.54,0.205,124,2,126,0,0,3,What is the amount of large water areas?,3.86,4.03,10.03,55.6,2.00,0.0161,1.0012,0.0159,5656,1951,389,125,0.0038,3,12.947,4096
373,Qwen2.5-VL-3B,,106.13,144.56,250.69,0.265,124,3,127,0,10,1,What is the amount of medium orchards?,3.74,3.84,9.84,55.3,1.95,0.0158,0.6516,0.0154,5656,1951,389,127,0.0039,3,12.947,4096
374,Qwen2.5-VL-3B,,132.95,73.01,205.96,0.220,130,2,132,1,No,no,Is the number of commercial buildings equal to the number of square grass areas?,4.10,4.19,10.40,55.6,2.07,0.0159,1.0352,0.0157,5656,1951,389,131,0.0040,3,12.947,4096
375,Qwen2.5-VL-3B,,118.28,73.04,191.32,0.206,127,2,129,1,No,no,Are there less residential buildings than water areas in the image?,3.94,4.03,10.15,55.4,2.02,0.0159,1.0097,0.0157,5656,1951,389,128,0.0039,3,12.947,4096
376,Qwen2.5-VL-3B,,106.17,72.99,179.16,0.193,125,2,127,1,No,no,Are there less residential buildings than square water areas?,3.64,3.72,9.74,55.4,0.98,0.0078,0.4877,0.0077,5656,1951,389,126,0.0038,3,12.947,4096
377,Qwen2.5-VL-3B,,116.92,72.99,189.92,0.204,122,2,124,1,No,no,Is a circular commercial building present?,3.97,4.11,10.27,55.8,2.05,0.0168,1.0246,0.0165,5656,1951,389,123,0.0038,3,12.947,4096
378,Qwen2.5-VL-3B,,117.46,72.93,190.39,0.205,124,2,126,0,1,2,What is the amount of rectangular commercial buildings?,3.76,3.92,9.93,55.6,1.98,0.0159,0.9883,0.0157,5656,1951,389,125,0.0038,3,12.947,4096
379,Qwen2.5-VL-3B,,116.88,72.94,189.81,0.203,122,2,124,0,Yes,no,Is a square commercial building present?,3.65,3.84,9.67,55.6,1.92,0.0158,0.9611,0.0155,5656,1951,389,123,0.0038,3,12.947,4096
380,Qwen2.5-VL-3B,,117.49,72.98,190.47,0.205,124,2,126,0,1,14,What is the amount of small water areas?,3.59,3.76,9.59,55.6,1.91,0.0154,0.9535,0.0151,5656,1951,389,125,0.0038,3,12.947,4096
381,Qwen2.5-VL-3B,,116.95,72.93,189.87,0.204,122,2,124,0,No,yes,Are there more buildings than forests?,3.53,3.72,9.59,55.3,1.91,0.0156,0.9535,0.0154,5656,1951,389,123,0.0038,3,12.947,4096
382,Qwen2.5-VL-3B,,132.92,73.04,205.96,0.220,130,2,132,1,No,no,Is the number of small water areas equal to the number of commercial buildings?,3.51,3.72,9.55,55.3,1.90,0.0146,0.9505,0.0144,5656,1951,389,131,0.0040,3,12.947,4096
383,Qwen2.5-VL-3B,,116.97,73.09,190.06,0.204,122,2,124,0,1,26,How many small forests are there?,3.61,3.84,9.73,55.3,1.94,0.0159,0.9694,0.0156,5657,1950,389,123,0.0038,3,12.947,4096
384,Qwen2.5-VL-3B,,118.24,72.92,191.15,0.205,127,2,129,1,No,no,Are there less grass areas than water areas in the image?,3.57,3.80,9.59,55.3,1.91,0.0150,0.9545,0.0148,5657,1950,389,128,0.0039,3,12.947,4096
385,Qwen2.5-VL-3B,,116.89,73.02,189.91,0.204,125,2,127,1,No,no,Are there less commercial buildings than circular water areas?,3.56,3.84,9.54,55.3,1.90,0.0152,0.9495,0.0150,5657,1950,389,126,0.0038,3,12.947,4096
386,Qwen2.5-VL-3B,,106.39,72.96,179.35,0.194,123,2,125,0,Yes,no,Are there less residential buildings than forests?,3.42,3.44,9.30,55.2,0.93,0.0076,0.4658,0.0075,5656,1951,389,124,0.0038,3,12.947,4096
387,Qwen2.5-VL-3B,,132.92,73.02,205.94,0.220,130,2,132,0,1,164,What is the amount of residential buildings on the left of a  road?,3.86,4.07,10.03,55.6,2.00,0.0154,1.0002,0.0152,5656,1951,389,131,0.0040,3,12.947,4096
388,Qwen2.5-VL-3B,,118.55,72.98,191.54,0.206,128,2,130,1,Yes,yes,Is a medium water area next to a  farmland present?,3.84,3.99,10.00,55.5,1.99,0.0156,0.9952,0.0153,5657,1950,389,129,0.0039,3,12.947,4096
389,Qwen2.5-VL-3B,,117.45,72.97,190.42,0.205,124,2,126,0,No,yes,Are there more residential buildings than grass areas?,3.66,3.88,9.80,55.6,1.95,0.0157,0.9754,0.0155,5657,1950,389,125,0.0038,3,12.947,4096
390,Qwen2.5-VL-3B,,105.52,72.98,178.50,0.193,123,2,125,1,No,no,Are there more residential buildings than roads?,3.46,3.48,9.46,55.1,0.95,0.0077,0.4738,0.0076,5656,1951,389,124,0.0038,3,12.947,4096
391,Qwen2.5-VL-3B,,117.15,72.93,190.08,0.205,125,2,127,1,Yes,yes,Are there less square commercial buildings than grass areas?,3.94,4.11,10.18,55.6,2.03,0.0162,1.0147,0.0160,5657,1950,389,126,0.0038,3,12.947,4096
392,Qwen2.5-VL-3B,,132.96,73.03,205.99,0.220,130,2,132,1,No,no,Is the number of water areas equal to the number of circular commercial buildings?,3.74,3.92,9.84,55.4,1.96,0.0151,0.9793,0.0148,5657,1950,389,131,0.0040,3,12.947,4096
393,Qwen2.5-VL-3B,,117.19,72.97,190.16,0.204,123,2,125,1,No,no,Are there more commercial buildings than roads?,3.73,3.92,9.85,55.3,1.96,0.0160,0.9813,0.0157,5657,1950,389,124,0.0038,3,12.947,4096
394,Qwen2.5-VL-3B,,118.78,72.96,191.74,0.206,129,2,131,1,No,no,Is the number of commercial buildings equal to the number of grass areas?,3.60,3.84,9.73,55.3,1.94,0.0150,0.9694,0.0148,5657,1950,389,130,0.0040,3,12.947,4096
395,Qwen2.5-VL-3B,,117.19,72.91,190.10,0.204,123,2,125,0,1,118,What is the number of rectangular buildings?,3.55,3.80,9.63,55.5,1.92,0.0156,0.9594,0.0154,5657,1950,389,124,0.0038,3,12.947,4096
396,Qwen2.5-VL-3B,,117.68,73.02,190.70,0.205,125,2,127,0,No,yes,Are there more residential buildings than circular water areas?,3.53,3.80,9.58,55.5,1.91,0.0153,0.9535,0.0150,5657,1950,389,126,0.0038,3,12.947,4096
397,Qwen2.5-VL-3B,,118.50,73.05,191.55,0.206,128,2,130,1,No,no,Is the number of forests equal to the number of water areas?,3.55,3.84,9.62,55.5,1.92,0.0150,0.9582,0.0147,5657,1950,389,129,0.0039,3,12.947,4096
398,Qwen2.5-VL-3B,,116.86,73.00,189.87,0.203,122,2,124,0,1,3,How many medium buildings are there?,3.56,3.84,9.54,55.4,1.90,0.0156,0.9505,0.0153,5657,1950,389,123,0.0038,3,12.947,4096
399,Qwen2.5-VL-3B,,132.91,72.99,205.91,0.220,130,2,132,1,No,no,Is the number of square roads equal to the number of rectangular water areas?,3.53,3.80,9.48,55.4,1.89,0.0145,0.9455,0.0143,5657,1950,389,131,0.0040,3,12.947,4096
400,Qwen2.5-VL-3B,,592.73,144.89,737.62,0.766,124,3,127,1,Rural,rural,Is it a rural or an urban area,4.04,4.58,10.37,55.5,7.28,0.0587,2.4254,0.0573,5657,1950,389,133,0.0041,4,17.556,4096
401,Qwen2.5-VL-3B,,106.85,72.95,179.80,0.195,121,2,123,0,1,14,How many roads are there?,4.54,4.74,11.15,55.5,1.12,0.0092,0.5583,0.0091,5665,1942,389,122,0.0037,4,17.556,4096
402,Qwen2.5-VL-3B,,106.34,72.97,179.31,0.195,120,2,122,1,Yes,yes,Is there a forest?,4.36,4.42,10.95,55.4,1.10,0.0091,0.5484,0.0090,5665,1942,389,121,0.0037,4,17.556,4096
403,Qwen2.5-VL-3B,,106.11,72.94,179.05,0.195,122,2,124,0,Yes,no,Is there a medium water area?,4.36,4.38,10.95,55.8,1.10,0.0090,0.5484,0.0088,5665,1942,389,123,0.0038,4,17.556,4096
404,Qwen2.5-VL-3B,,117.08,73.01,190.09,0.205,123,2,125,1,1,1,What is the number of water areas?,4.40,4.42,10.93,55.5,2.19,0.0178,1.0949,0.0175,5665,1942,389,124,0.0038,4,17.556,4096
405,Qwen2.5-VL-3B,,106.36,72.97,179.33,0.195,120,2,122,1,Yes,yes,Is a road present?,4.17,4.54,10.51,55.4,1.05,0.0088,0.5260,0.0086,5665,1942,389,121,0.0037,4,17.556,4096
406,Qwen2.5-VL-3B,,116.81,72.97,189.79,0.205,122,2,124,1,1,1,How many orchards are there?,4.03,4.11,10.27,55.4,2.06,0.0169,1.0288,0.0166,5665,1942,389,123,0.0038,4,17.556,4096
407,Qwen2.5-VL-3B,,117.42,73.03,190.45,0.205,124,2,126,1,Yes,yes,Is a water area present in the image?,3.93,4.34,10.07,55.7,2.00,0.0161,0.9978,0.0158,5665,1942,389,125,0.0038,4,17.556,4096
408,Qwen2.5-VL-3B,,118.31,144.81,263.12,0.278,127,3,130,0,10,7,What is the number of farmlands in the image?,3.76,4.11,9.77,55.5,1.93,0.0152,0.6447,0.0149,5665,1942,389,130,0.0040,4,17.556,4096
409,Qwen2.5-VL-3B,,106.76,72.95,179.71,0.195,121,2,123,1,Yes,yes,Is there a farmland?,3.96,3.96,10.22,54.9,1.02,0.0085,0.5117,0.0083,5665,1942,389,122,0.0037,4,17.556,4096
410,Qwen2.5-VL-3B,,116.87,73.03,189.90,0.205,122,2,124,0,1,5,What is the number of forests?,4.13,4.15,10.63,55.6,2.13,0.0174,1.0633,0.0172,5665,1942,389,123,0.0038,4,17.556,4096
411,Qwen2.5-VL-3B,,116.91,144.72,261.63,0.276,122,3,125,0,10,4,How many grass areas are there?,3.73,3.76,9.93,55.4,1.99,0.0163,0.6635,0.0159,5665,1942,389,125,0.0038,4,17.556,4096
412,Qwen2.5-VL-3B,,106.67,73.00,179.68,0.194,121,2,123,1,Yes,yes,Is there a grass area?,4.05,4.07,10.51,55.5,1.05,0.0087,0.5261,0.0086,5665,1942,389,122,0.0037,4,17.556,4096
413,Qwen2.5-VL-3B,,105.82,72.92,178.74,0.194,121,2,123,1,Yes,yes,Is there a nature reserve?,4.21,4.26,10.75,55.7,1.08,0.0089,0.5385,0.0088,5665,1942,389,122,0.0037,4,17.556,4096
414,Qwen2.5-VL-3B,,117.69,72.96,190.65,0.205,128,2,130,0,Yes,no,Is there a water area on the left of a  road?,4.36,4.42,11.04,55.8,2.20,0.0172,1.0998,0.0169,5665,1942,389,129,0.0039,4,17.556,4096
415,Qwen2.5-VL-3B,,116.92,72.99,189.91,0.205,122,2,124,0,No,yes,Are there less forests than roads?,3.94,4.15,10.27,55.5,2.05,0.0168,1.0236,0.0165,5665,1942,389,123,0.0038,4,17.556,4096
416,Qwen2.5-VL-3B,,106.77,72.99,179.75,0.194,121,2,123,1,No,no,Is a square road present?,3.60,3.60,9.68,55.2,0.97,0.0080,0.4847,0.0079,5665,1942,389,122,0.0037,4,17.556,4096
417,Qwen2.5-VL-3B,,106.16,73.00,179.16,0.194,121,2,123,0,Yes,no,Is a medium road present?,3.95,3.99,10.17,55.6,1.02,0.0084,0.5091,0.0083,5665,1942,389,122,0.0037,4,17.556,4096
418,Qwen2.5-VL-3B,,117.08,72.97,190.05,0.205,125,2,127,1,Yes,yes,Is a rectangular farmland present in the image?,4.16,4.26,10.62,55.9,2.12,0.0169,1.0581,0.0167,5665,1942,389,126,0.0038,4,17.556,4096
419,Qwen2.5-VL-3B,,116.88,72.96,189.84,0.204,122,2,124,0,1,2,How many medium forests are there?,3.85,4.03,10.11,55.5,2.01,0.0165,1.0067,0.0162,5665,1942,389,123,0.0038,4,17.556,4096
420,Qwen2.5-VL-3B,,117.45,73.04,190.49,0.205,124,2,126,0,Yes,no,Are there more farmlands than roads?,3.69,3.92,9.81,55.9,1.95,0.0157,0.9763,0.0155,5665,1942,389,125,0.0038,4,17.556,4096
421,Qwen2.5-VL-3B,,117.66,72.97,190.63,0.205,125,2,127,0,1,0,What is the amount of circular farmlands?,3.59,3.80,9.67,55.9,1.92,0.0154,0.9625,0.0152,5665,1942,389,126,0.0038,4,17.556,4096
422,Qwen2.5-VL-3B,,133.88,72.95,206.83,0.222,133,2,135,1,No,no,Is the number of farmlands equal to the number of water areas in the image?,3.56,3.80,9.54,55.5,1.90,0.0143,0.9495,0.0141,5665,1942,389,134,0.0041,4,17.556,4096
423,Qwen2.5-VL-3B,,117.19,73.01,190.20,0.205,123,2,125,0,1,0,What is the amount of large roads?,3.66,3.88,9.73,55.5,1.94,0.0158,0.9694,0.0155,5665,1942,389,124,0.0038,4,17.556,4096
424,Qwen2.5-VL-3B,,106.69,72.94,179.63,0.194,121,2,123,0,No,yes,Is a large forest present?,3.46,3.48,9.38,55.2,0.94,0.0078,0.4698,0.0076,5665,1942,389,122,0.0037,4,17.556,4096
425,Qwen2.5-VL-3B,,117.08,72.92,190.00,0.205,123,2,125,1,No,no,Are there more water areas than forests?,3.93,4.11,10.22,55.6,2.04,0.0166,1.0187,0.0163,5665,1942,389,124,0.0038,4,17.556,4096
426,Qwen2.5-VL-3B,,117.40,72.99,190.38,0.205,124,2,126,0,1,0,What is the number of medium water areas?,3.74,3.92,9.88,55.8,1.97,0.0159,0.9833,0.0156,5665,1942,389,125,0.0038,4,17.556,4096
427,Qwen2.5-VL-3B,,106.70,72.98,179.68,0.194,121,2,123,1,Yes,yes,Is there a orchard?,3.48,3.48,9.54,55.1,0.96,0.0079,0.4777,0.0078,5665,1942,389,122,0.0037,4,17.556,4096
428,Qwen2.5-VL-3B,,117.40,72.94,190.34,0.205,124,2,126,0,Yes,no,Are there less roads than rectangular grass areas?,3.90,4.11,10.23,55.8,2.04,0.0165,1.0206,0.0162,5665,1942,389,125,0.0038,4,17.556,4096
429,Qwen2.5-VL-3B,,117.14,72.93,190.07,0.204,123,2,125,0,1,2,What is the number of nature reserves?,3.73,3.92,9.87,55.5,1.96,0.0159,0.9809,0.0157,5665,1942,389,124,0.0038,4,17.556,4096
430,Qwen2.5-VL-3B,,116.97,73.00,189.97,0.205,122,2,124,0,Yes,no,Is a square farmland present?,3.61,3.84,9.72,55.4,1.93,0.0158,0.9661,0.0156,5665,1942,389,123,0.0038,4,17.556,4096
431,Qwen2.5-VL-3B,,117.16,72.94,190.10,0.205,123,2,125,1,0,0,What is the amount of rectangular roads?,3.55,3.76,9.67,55.5,1.92,0.0156,0.9624,0.0154,5665,1942,389,124,0.0038,4,17.556,4096
432,Qwen2.5-VL-3B,,117.19,72.95,190.14,0.205,123,2,125,0,Yes,no,Are there more grass areas than roads?,3.52,3.76,9.62,55.4,1.91,0.0156,0.9565,0.0153,5665,1942,389,124,0.0038,4,17.556,4096
433,Qwen2.5-VL-3B,,132.97,72.92,205.90,0.221,132,2,134,0,Yes,no,Are there less roads at the bottom of the  water area than farmlands?,3.51,3.72,9.55,55.4,1.90,0.0144,0.9505,0.0142,5665,1942,389,133,0.0041,4,17.556,4096
434,Qwen2.5-VL-3B,,106.75,73.03,179.78,0.195,123,2,125,1,Yes,yes,Are there more roads than nature reserves?,3.50,3.52,9.50,55.6,0.95,0.0077,0.4758,0.0076,5665,1942,389,124,0.0038,4,17.556,4096
435,Qwen2.5-VL-3B,,116.89,72.96,189.84,0.205,122,2,124,0,Yes,no,Is a small water area present?,3.98,4.15,10.17,55.8,2.03,0.0166,1.0137,0.0164,5665,1942,389,123,0.0038,4,17.556,4096
436,Qwen2.5-VL-3B,,117.19,72.94,190.13,0.205,123,2,125,1,No,no,Are there more water areas than roads?,3.77,3.96,9.83,55.8,1.96,0.0159,0.9783,0.0157,5665,1942,389,124,0.0038,4,17.556,4096
437,Qwen2.5-VL-3B,,117.03,72.99,190.02,0.205,124,2,126,0,Yes,no,Are there less roads than farmlands?,3.63,3.84,9.67,55.8,1.92,0.0155,0.9624,0.0153,5665,1942,389,125,0.0038,4,17.556,4096
438,Qwen2.5-VL-3B,,117.18,72.95,190.13,0.205,126,2,128,1,No,no,Are there less medium grass areas than small water areas?,3.56,3.80,9.59,55.7,1.91,0.0152,0.9555,0.0149,5665,1942,389,127,0.0039,4,17.556,4096
439,Qwen2.5-VL-3B,,117.43,73.04,190.46,0.205,126,2,128,0,Yes,no,Are there more small farmlands than water areas?,3.55,3.80,9.50,55.7,1.89,0.0150,0.9465,0.0148,5665,1942,389,127,0.0039,4,17.556,4096
440,Qwen2.5-VL-3B,,106.73,73.08,179.81,0.194,121,2,123,0,Yes,no,Is a rectangular road present?,3.40,3.40,9.27,55.1,0.93,0.0077,0.4639,0.0075,5665,1942,389,122,0.0037,4,17.556,4096
441,Qwen2.5-VL-3B,,106.33,72.96,179.28,0.194,121,2,123,1,No,no,Is there a circular road?,3.82,3.84,9.90,55.4,0.99,0.0082,0.4956,0.0081,5665,1942,389,122,0.0037,4,17.556,4096
442,Qwen2.5-VL-3B,,106.71,72.94,179.65,0.195,122,2,124,0,No,yes,Is a large water area present?,4.01,4.03,10.37,55.6,1.04,0.0085,0.5190,0.0084,5665,1942,389,123,0.0038,4,17.556,4096
443,Qwen2.5-VL-3B,,117.18,72.94,190.12,0.205,123,2,125,0,2,0,How many small water areas are there?,4.20,4.30,10.66,55.7,2.13,0.0173,1.0631,0.0170,5665,1942,389,124,0.0038,4,17.556,4096
444,Qwen2.5-VL-3B,,117.00,72.98,189.98,0.205,122,2,124,0,Yes,no,Is a rectangular water area present?,3.90,4.03,10.11,55.5,2.01,0.0165,1.0053,0.0162,5665,1942,389,123,0.0038,4,17.556,4096
445,Qwen2.5-VL-3B,,117.40,72.93,190.33,0.205,124,2,126,1,Yes,yes,Are there more nature reserves than water areas?,3.72,3.88,9.81,55.4,1.95,0.0157,0.9753,0.0155,5664,1943,389,125,0.0038,4,17.556,4096
446,Qwen2.5-VL-3B,,106.45,73.00,179.45,0.194,123,2,125,1,Yes,yes,Are there more roads than small forests?,3.50,3.56,9.54,55.3,0.96,0.0078,0.4778,0.0076,5664,1943,389,124,0.0038,4,17.556,4096
447,Qwen2.5-VL-3B,,106.15,72.97,179.11,0.194,124,2,126,0,No,yes,Are there more roads than farmlands?,3.80,3.80,10.02,55.6,1.00,0.0081,0.5016,0.0080,5664,1943,389,125,0.0038,4,17.556,4096
448,Qwen2.5-VL-3B,,117.22,73.04,190.26,0.205,123,2,125,1,1,1,What is the number of rectangular forests?,4.11,4.23,10.47,55.8,2.09,0.0170,1.0442,0.0167,5664,1943,389,124,0.0038,4,17.556,4096
449,Qwen2.5-VL-3B,,118.47,72.93,191.40,0.206,128,2,130,1,No,no,Is the number of water areas equal to the number of roads?,3.82,3.92,10.09,55.5,2.01,0.0157,1.0031,0.0154,5664,1943,389,129,0.0039,4,17.556,4096
450,Qwen2.5-VL-3B,,106.71,72.92,179.63,0.194,122,2,124,1,No,no,Is a circular water area present?,3.58,3.68,9.64,55.1,0.97,0.0079,0.4827,0.0078,5664,1943,389,123,0.0038,4,17.556,4096
451,Qwen2.5-VL-3B,,117.14,72.94,190.08,0.205,123,2,125,1,Yes,yes,Are there less water areas than roads?,3.89,4.07,10.15,55.5,2.03,0.0165,1.0137,0.0162,5664,1943,389,124,0.0038,4,17.556,4096
452,Qwen2.5-VL-3B,,118.19,144.68,262.87,0.278,127,3,130,0,10,0,How many medium farmlands are there in the image?,3.78,3.88,9.88,55.5,1.96,0.0155,0.6542,0.0151,5664,1943,389,130,0.0040,4,17.556,4096
453,Qwen2.5-VL-3B,,117.45,72.93,190.38,0.205,124,2,126,0,No,yes,Are there less farmlands than roads?,4.10,4.18,10.44,55.9,2.08,0.0168,1.0391,0.0165,5664,1943,389,125,0.0038,4,17.556,4096
454,Qwen2.5-VL-3B,,117.15,72.97,190.12,0.205,125,2,127,1,No,no,Are there more water areas than farmlands?,3.82,3.96,9.93,55.7,1.97,0.0158,0.9849,0.0155,5664,1943,389,126,0.0038,4,17.556,4096
455,Qwen2.5-VL-3B,,117.19,73.00,190.19,0.204,123,2,125,0,1,0,How many rectangular water areas are there?,3.64,3.76,9.69,55.7,1.92,0.0157,0.9625,0.0154,5664,1943,389,124,0.0038,4,17.556,4096
456,Qwen2.5-VL-3B,,132.88,73.06,205.94,0.221,130,2,132,1,No,no,Is the number of water areas equal to the number of medium nature reserves?,3.60,3.72,9.50,55.5,1.89,0.0145,0.9426,0.0143,5664,1943,389,131,0.0040,4,17.556,4096
457,Qwen2.5-VL-3B,,118.29,72.93,191.22,0.206,128,2,130,0,Yes,no,Is there a road on the right of the  water area?,3.66,3.80,9.71,55.6,1.93,0.0151,0.9644,0.0148,5664,1943,389,129,0.0039,4,17.556,4096
458,Qwen2.5-VL-3B,,117.16,72.99,190.15,0.205,123,2,125,1,No,no,Are there less roads than water areas?,3.60,3.76,9.60,55.6,1.91,0.0155,0.9531,0.0152,5664,1943,389,124,0.0038,4,17.556,4096
459,Qwen2.5-VL-3B,,116.98,72.52,189.51,0.204,122,2,124,0,Yes,no,Is there a small nature reserve?,3.56,3.72,9.51,55.2,1.89,0.0155,0.9446,0.0152,5664,1943,389,123,0.0038,4,17.556,4096
460,Qwen2.5-VL-3B,,117.45,72.58,190.03,0.205,124,2,126,0,1,4,What is the amount of large grass areas?,3.53,3.72,9.47,55.3,1.88,0.0152,0.9406,0.0149,5665,1942,389,125,0.0038,4,17.556,4096
461,Qwen2.5-VL-3B,,117.17,72.50,189.68,0.205,123,2,125,1,Yes,yes,Are there less water areas than forests?,3.53,3.72,9.42,55.3,1.87,0.0152,0.9356,0.0150,5665,1942,389,124,0.0038,4,17.556,4096
462,Qwen2.5-VL-3B,,106.45,72.97,179.42,0.194,122,2,124,1,Yes,yes,Are there more roads than forests?,3.46,3.56,9.28,55.1,0.93,0.0076,0.4649,0.0075,5665,1942,389,123,0.0038,4,17.556,4096
463,Qwen2.5-VL-3B,,106.66,72.96,179.62,0.194,124,2,126,0,No,yes,Are there more water areas than medium roads?,3.72,3.72,9.84,55.4,0.99,0.0079,0.4927,0.0078,5665,1942,389,125,0.0038,4,17.556,4096
464,Qwen2.5-VL-3B,,116.86,72.93,189.79,0.205,122,2,124,1,0,0,How many square roads are there?,4.06,4.19,10.37,55.8,2.07,0.0170,1.0357,0.0167,5665,1942,389,123,0.0038,4,17.556,4096
465,Qwen2.5-VL-3B,,133.00,72.95,205.95,0.220,130,2,132,1,No,no,Is the number of water areas equal to the number of farmlands?,3.85,3.99,9.98,55.6,1.98,0.0152,0.9909,0.0150,5665,1942,389,131,0.0040,4,17.556,4096
466,Qwen2.5-VL-3B,,118.23,73.02,191.25,0.206,131,2,133,1,No,no,Is the number of roads equal to the number of water areas in the image?,3.84,3.96,9.92,55.7,1.97,0.0150,0.9853,0.0148,5665,1942,389,132,0.0040,4,17.556,4096
467,Qwen2.5-VL-3B,,117.71,72.99,190.70,0.205,125,2,127,0,Yes,no,Are there less roads than circular farmlands?,3.70,3.84,9.67,55.7,1.92,0.0154,0.9605,0.0151,5665,1942,389,126,0.0038,4,17.556,4096
468,Qwen2.5-VL-3B,,118.04,73.04,191.08,0.206,126,2,128,1,Yes,yes,Is a water area next to a  road present?,3.61,3.76,9.54,55.5,1.89,0.0150,0.9466,0.0148,5665,1942,389,127,0.0039,4,17.556,4096
469,Qwen2.5-VL-3B,,117.47,73.03,190.50,0.205,125,2,127,0,Yes,no,Is there a circular grass area in the image?,3.57,3.72,9.54,55.4,1.89,0.0151,0.9465,0.0149,5665,1942,389,126,0.0038,4,17.556,4096
470,Qwen2.5-VL-3B,,118.07,73.01,191.08,0.206,126,2,128,1,Yes,yes,Are there more forests than water areas in the image?,3.55,3.72,9.51,55.4,1.89,0.0150,0.9445,0.0148,5665,1942,389,127,0.0039,4,17.556,4096
471,Qwen2.5-VL-3B,,118.08,72.93,191.01,0.206,126,2,128,1,Yes,yes,Is a road next to a  farmland present?,3.55,3.72,9.48,55.3,1.88,0.0149,0.9416,0.0147,5665,1942,389,127,0.0039,4,17.556,4096
472,Qwen2.5-VL-3B,,117.19,72.98,190.17,0.205,123,2,125,0,1,0,How many square water areas are there?,3.55,3.72,9.50,55.4,1.89,0.0153,0.9426,0.0151,5665,1942,389,124,0.0038,4,17.556,4096
473,Qwen2.5-VL-3B,,116.94,72.95,189.89,0.204,122,2,124,1,Yes,yes,Is a large grass area present?,3.51,3.68,9.51,55.6,1.89,0.0155,0.9436,0.0152,5665,1942,389,123,0.0038,4,17.556,4096
474,Qwen2.5-VL-3B,,117.66,72.99,190.65,0.205,125,2,127,1,No,no,Are there less farmlands than water areas?,3.51,3.68,9.52,55.4,1.89,0.0151,0.9455,0.0149,5665,1942,389,126,0.0038,4,17.556,4096
475,Qwen2.5-VL-3B,,116.91,73.05,189.96,0.204,122,2,124,0,Yes,no,Is a square orchard present?,3.55,3.72,9.48,55.5,1.88,0.0154,0.9416,0.0152,5665,1942,389,123,0.0038,4,17.556,4096
476,Qwen2.5-VL-3B,,117.47,72.97,190.44,0.205,124,2,126,0,Yes,no,Are there more circular roads than water areas?,3.55,3.72,9.47,55.4,1.88,0.0152,0.9406,0.0149,5665,1942,389,125,0.0038,4,17.556,4096
477,Qwen2.5-VL-3B,,118.82,72.89,191.71,0.206,129,2,131,1,No,no,Is the number of farmlands equal to the number of roads?,3.55,3.72,9.46,55.4,1.88,0.0146,0.9396,0.0143,5665,1942,389,130,0.0040,4,17.556,4096
478,Qwen2.5-VL-3B,,117.50,73.05,190.55,0.205,124,2,126,0,Yes,no,Are there more rectangular nature reserves than forests?,3.56,3.72,9.47,55.4,1.88,0.0152,0.9406,0.0149,5665,1942,389,125,0.0038,4,17.556,4096
479,Qwen2.5-VL-3B,,116.91,73.01,189.92,0.205,122,2,124,0,Yes,no,Is there a square grass area?,3.56,3.72,9.50,55.6,1.89,0.0155,0.9426,0.0152,5665,1942,389,123,0.0038,4,17.556,4096
480,Qwen2.5-VL-3B,,117.15,72.94,190.09,0.205,123,2,125,0,1,0,What is the amount of small forests?,3.51,3.68,9.56,55.6,1.90,0.0154,0.9495,0.0152,5665,1942,389,124,0.0038,4,17.556,4096
481,Qwen2.5-VL-3B,,118.84,73.00,191.84,0.206,129,2,131,1,No,no,Is the number of rectangular orchards equal to the number of roads?,3.51,3.68,9.51,55.6,1.89,0.0146,0.9446,0.0144,5665,1942,389,130,0.0040,4,17.556,4096
482,Qwen2.5-VL-3B,,117.76,73.02,190.77,0.206,125,2,127,1,Yes,yes,Are there less water areas than farmlands?,3.52,3.68,9.50,55.6,1.89,0.0151,0.9426,0.0148,5665,1942,389,126,0.0038,4,17.556,4096
483,Qwen2.5-VL-3B,,118.52,72.94,191.46,0.206,128,2,130,1,No,no,Is the number of grass areas equal to the number of roads?,3.51,3.68,9.54,55.5,1.89,0.0148,0.9465,0.0146,5665,1942,389,129,0.0039,4,17.556,4096
484,Qwen2.5-VL-3B,,118.84,72.96,191.80,0.207,129,2,131,0,2,0,What is the amount of roads next to a  small nature reserve?,3.49,3.64,9.54,55.6,1.89,0.0147,0.9465,0.0145,5665,1942,389,130,0.0040,4,17.556,4096
485,Qwen2.5-VL-3B,,118.51,72.97,191.48,0.207,128,2,130,1,No,no,Is a water area at the top of a  road present?,3.51,3.68,9.54,55.3,1.89,0.0148,0.9465,0.0146,5665,1942,389,129,0.0039,4,17.556,4096
486,Qwen2.5-VL-3B,,118.55,72.94,191.48,0.206,129,2,131,1,No,no,Is the number of nature reserves equal to the number of water areas?,3.52,3.68,9.46,55.3,1.88,0.0146,0.9386,0.0143,5665,1942,389,130,0.0040,4,17.556,4096
487,Qwen2.5-VL-3B,,117.21,72.92,190.13,0.205,123,2,125,0,1,0,What is the number of square forests?,3.53,3.68,9.47,55.3,1.88,0.0153,0.9396,0.0150,5665,1942,389,124,0.0038,4,17.556,4096
488,Qwen2.5-VL-3B,,117.26,144.69,261.95,0.277,123,3,126,0,10,0,How many square grass areas are there?,3.55,3.68,9.46,55.4,1.88,0.0153,0.6258,0.0149,5665,1942,389,126,0.0038,4,17.556,4096
489,Qwen2.5-VL-3B,,117.45,73.01,190.47,0.205,124,2,126,1,Yes,yes,Are there more roads than circular water areas?,3.99,4.07,10.19,55.9,2.03,0.0164,1.0142,0.0161,5665,1942,389,125,0.0038,4,17.556,4096
490,Qwen2.5-VL-3B,,118.53,72.98,191.51,0.206,128,2,130,1,No,no,Is the number of water areas equal to the number of forests?,3.78,3.92,9.84,55.4,1.95,0.0153,0.9763,0.0150,5665,1942,389,129,0.0039,4,17.556,4096
491,Qwen2.5-VL-3B,,117.70,73.09,190.79,0.206,129,2,131,1,No,no,Is the number of grass areas equal to the number of rectangular roads?,3.66,3.80,9.62,55.4,1.91,0.0148,0.9535,0.0146,5665,1942,389,130,0.0040,4,17.556,4096
492,Qwen2.5-VL-3B,,118.57,73.01,191.58,0.206,128,2,130,1,Yes,yes,Are there more farmlands than water areas in the image?,3.61,3.72,9.51,55.4,1.89,0.0147,0.9436,0.0145,5665,1942,389,129,0.0039,4,17.556,4096
493,Qwen2.5-VL-3B,,133.36,73.02,206.38,0.221,131,2,133,1,No,no,Is the number of square grass areas equal to the number of farmlands?,3.57,3.68,9.44,55.4,1.87,0.0143,0.9366,0.0141,5665,1942,389,132,0.0040,4,17.556,4096
494,Qwen2.5-VL-3B,,118.28,73.04,191.33,0.206,128,2,130,1,No,no,Is a water area at the bottom of a  forest present?,3.68,3.80,9.69,55.6,1.92,0.0150,0.9625,0.0148,5665,1942,389,129,0.0039,4,17.556,4096
495,Qwen2.5-VL-3B,,133.33,72.99,206.32,0.221,131,2,133,0,1,0,What is the number of water areas on the left of a  farmland?,3.56,3.68,9.60,55.5,1.91,0.0146,0.9535,0.0143,5665,1942,389,132,0.0040,4,17.556,4096
496,Qwen2.5-VL-3B,,118.61,73.02,191.63,0.206,131,2,133,0,1,0,What is the amount of roads at the bottom of a  medium water area?,3.68,3.80,9.72,55.6,1.93,0.0147,0.9654,0.0145,5665,1942,389,132,0.0040,4,17.556,4096
497,Qwen2.5-VL-3B,,118.21,72.97,191.18,0.206,127,2,129,1,No,no,Is the number of roads equal to the number of forests?,3.59,3.72,9.59,55.6,1.90,0.0150,0.9515,0.0148,5665,1942,389,128,0.0039,4,17.556,4096
498,Qwen2.5-VL-3B,,134.36,73.00,207.36,0.222,134,2,136,0,1,0,How many large water areas on the right of a  circular forest are there in the image?,3.53,3.68,9.58,55.5,1.90,0.0142,0.9515,0.0140,5665,1942,389,135,0.0041,4,17.556,4096
499,Qwen2.5-VL-3B,,132.94,72.98,205.92,0.221,130,2,132,0,2,0,What is the number of roads on the right of the  water area?,3.68,3.80,9.73,55.5,1.93,0.0149,0.9674,0.0147,5665,1942,389,131,0.0040,4,17.556,4096
500,Qwen2.5-VL-3B,,592.66,73.18,665.84,0.694,124,2,126,1,Urban,urban,Is it a rural or an urban area,4.10,4.58,10.39,55.6,6.24,0.0503,3.1195,0.0495,5665,1942,389,133,0.0041,5,22.165,4096
501,Qwen2.5-VL-3B,,106.28,73.00,179.28,0.194,121,2,123,1,Yes,yes,Is there a residential building?,4.64,4.78,11.17,55.8,1.12,0.0092,0.5593,0.0091,5669,1938,389,122,0.0037,5,22.165,4096
502,Qwen2.5-VL-3B,,117.10,349.11,466.21,0.481,123,6,129,0,10000,6891,What is the number of residential buildings?,4.67,4.93,11.43,56.0,4.56,0.0370,0.7593,0.0353,5669,1938,389,132,0.0040,5,22.165,4096
503,Qwen2.5-VL-3B,,116.92,72.98,189.90,0.205,125,2,127,0,1,984,What is the amount of roads in the image?,4.81,4.85,11.86,55.8,2.38,0.0190,1.1900,0.0187,5669,1938,389,126,0.0038,5,22.165,4096
504,Qwen2.5-VL-3B,,116.89,72.97,189.87,0.205,122,2,124,1,Yes,yes,Is a medium water area present?,4.05,4.07,10.50,55.6,2.10,0.0172,1.0516,0.0170,5669,1938,389,123,0.0038,5,22.165,4096
505,Qwen2.5-VL-3B,,117.70,73.02,190.72,0.206,125,2,127,0,0,44,How many commercial buildings are there in the image?,3.68,3.76,9.85,55.5,1.97,0.0158,0.9853,0.0155,5669,1938,389,126,0.0038,5,22.165,4096
506,Qwen2.5-VL-3B,,117.17,144.10,261.27,0.276,123,3,126,0,10,295,What is the number of grass areas?,3.51,3.64,9.52,55.5,1.90,0.0155,0.6344,0.0151,5669,1938,389,126,0.0038,5,22.165,4096
507,Qwen2.5-VL-3B,,116.96,73.01,189.97,0.205,122,2,124,1,Yes,yes,Is there a rectangular commercial building?,4.01,4.03,10.24,55.3,2.05,0.0168,1.0248,0.0165,5669,1938,389,123,0.0038,5,22.165,4096
508,Qwen2.5-VL-3B,,106.50,72.94,179.43,0.194,121,2,123,1,Yes,yes,Is a commercial building present?,3.64,3.64,9.64,54.7,0.97,0.0080,0.4827,0.0078,5669,1938,389,122,0.0037,5,22.165,4096
509,Qwen2.5-VL-3B,,116.95,72.96,189.91,0.205,122,2,124,0,2,48,How many medium forests are there?,3.96,3.96,10.24,55.6,2.05,0.0168,1.0256,0.0165,5669,1938,389,123,0.0038,5,22.165,4096
510,Qwen2.5-VL-3B,,106.32,72.98,179.30,0.194,120,2,122,1,Yes,yes,Is a building present?,3.64,3.68,9.78,55.2,0.98,0.0082,0.4897,0.0080,5669,1938,389,121,0.0037,5,22.165,4096
511,Qwen2.5-VL-3B,,117.10,72.94,190.03,0.205,123,2,125,0,2,40,What is the number of water areas?,4.06,4.22,10.41,55.8,2.08,0.0169,1.0381,0.0166,5669,1938,389,124,0.0038,5,22.165,4096
512,Qwen2.5-VL-3B,,117.46,72.99,190.44,0.205,124,2,126,0,Yes,no,Are there more water areas than commercial buildings?,3.78,4.03,9.91,55.7,1.98,0.0159,0.9889,0.0157,5669,1938,389,125,0.0038,5,22.165,4096
513,Qwen2.5-VL-3B,,106.71,73.02,179.73,0.194,121,2,123,0,1,178,How many forests are there?,3.52,3.56,9.50,55.4,0.95,0.0079,0.4758,0.0077,5669,1938,389,122,0.0037,5,22.165,4096
514,Qwen2.5-VL-3B,,117.15,72.90,190.05,0.204,123,2,125,0,0,4,What is the amount of scrubs?,3.98,4.15,10.26,55.6,2.04,0.0166,1.0217,0.0163,5669,1938,389,124,0.0038,5,22.165,4096
515,Qwen2.5-VL-3B,,117.21,72.97,190.18,0.205,123,2,125,0,4,38,How many farmlands are there?,3.77,4.03,9.89,55.6,1.97,0.0160,0.9859,0.0158,5669,1938,389,124,0.0038,5,22.165,4096
516,Qwen2.5-VL-3B,,117.46,72.90,190.36,0.205,124,2,126,0,1,50,What is the number of rectangular grass areas?,3.65,3.88,9.68,55.5,1.93,0.0156,0.9644,0.0153,5669,1938,389,125,0.0038,5,22.165,4096
517,Qwen2.5-VL-3B,,106.76,144.76,251.52,0.266,124,3,127,0,10,91,What is the amount of medium grass areas?,3.56,3.84,9.62,55.6,1.92,0.0155,0.6390,0.0151,5669,1938,389,127,0.0039,5,22.165,4096
518,Qwen2.5-VL-3B,,106.78,72.99,179.77,0.195,124,2,126,0,1,8,What is the number of large water areas?,3.90,3.92,10.18,55.6,1.02,0.0082,0.5096,0.0081,5669,1938,389,125,0.0038,5,22.165,4096
519,Qwen2.5-VL-3B,,106.69,73.00,179.69,0.195,121,2,123,1,Yes,yes,Is a small road present?,4.09,4.15,10.61,55.7,1.06,0.0088,0.5310,0.0086,5669,1938,389,122,0.0037,5,22.165,4096
520,Qwen2.5-VL-3B,,106.11,72.93,179.03,0.194,120,2,122,1,Yes,yes,Is there a road?,4.23,4.30,10.85,55.8,1.09,0.0091,0.5434,0.0089,5669,1938,389,121,0.0037,5,22.165,4096
521,Qwen2.5-VL-3B,,105.83,72.98,178.82,0.194,121,2,123,1,Yes,yes,Is there a water area?,4.30,4.38,10.87,56.1,1.09,0.0090,0.5444,0.0089,5669,1938,389,122,0.0037,5,22.165,4096
522,Qwen2.5-VL-3B,,118.77,72.91,191.68,0.207,130,2,132,1,No,no,Is the number of farmlands equal to the number of water areas?,4.41,4.46,10.96,55.9,2.19,0.0168,1.0927,0.0166,5669,1938,389,131,0.0040,5,22.165,4096
523,Qwen2.5-VL-3B,,117.18,72.96,190.14,0.205,123,2,125,1,Yes,yes,Are there more buildings than parkings?,3.97,4.11,10.20,55.8,2.03,0.0165,1.0152,0.0162,5669,1938,389,124,0.0038,5,22.165,4096
524,Qwen2.5-VL-3B,,106.77,212.88,319.65,0.334,121,4,125,0,100,6998,How many buildings are there?,3.84,4.22,10.10,55.7,3.02,0.0249,0.7542,0.0241,5669,1938,389,126,0.0038,5,22.165,4096
525,Qwen2.5-VL-3B,,118.54,72.93,191.47,0.206,128,2,130,0,Yes,no,Is there a large road on the left of a  road?,4.02,4.15,10.37,55.6,2.06,0.0161,1.0321,0.0159,5669,1938,389,129,0.0039,5,22.165,4096
526,Qwen2.5-VL-3B,,117.18,72.95,190.14,0.205,123,2,125,1,No,no,Are there more water areas than buildings?,3.77,3.96,9.93,55.8,1.98,0.0161,0.9878,0.0158,5669,1938,389,124,0.0038,5,22.165,4096
527,Qwen2.5-VL-3B,,116.90,73.00,189.90,0.205,122,2,124,1,Yes,yes,Is a large commercial building present?,3.66,3.88,9.68,55.8,1.93,0.0158,0.9634,0.0155,5669,1938,389,123,0.0038,5,22.165,4096
528,Qwen2.5-VL-3B,,118.53,72.97,191.50,0.206,129,2,131,1,No,no,Is the number of residential buildings equal to the number of village greens?,3.60,3.80,9.58,55.7,1.90,0.0148,0.9525,0.0145,5669,1938,389,130,0.0040,5,22.165,4096
529,Qwen2.5-VL-3B,,117.18,72.99,190.17,0.205,123,2,125,1,Yes,yes,Are there less water areas than buildings?,3.56,3.80,9.56,55.7,1.90,0.0155,0.9515,0.0152,5669,1938,389,124,0.0038,5,22.165,4096
530,Qwen2.5-VL-3B,,106.35,72.96,179.32,0.193,123,2,125,0,Yes,no,Are there less buildings than grass areas?,3.44,3.48,9.38,55.2,0.94,0.0076,0.4698,0.0075,5669,1938,389,124,0.0038,5,22.165,4096
531,Qwen2.5-VL-3B,,116.88,72.95,189.83,0.205,124,2,126,1,No,no,Are there more square water areas than roads?,3.88,4.03,10.06,55.7,2.01,0.0162,1.0038,0.0159,5669,1938,389,125,0.0038,5,22.165,4096
532,Qwen2.5-VL-3B,,116.87,72.93,189.80,0.205,122,2,124,1,Yes,yes,Is a square grass area present?,3.70,3.88,9.80,55.5,1.95,0.0160,0.9743,0.0157,5669,1938,389,123,0.0038,5,22.165,4096
533,Qwen2.5-VL-3B,,118.56,72.94,191.50,0.206,129,2,131,1,No,no,Is the number of large buildings equal to the number of cemeterys?,3.60,3.80,9.62,55.5,1.91,0.0148,0.9565,0.0146,5669,1938,389,130,0.0040,5,22.165,4096
534,Qwen2.5-VL-3B,,117.16,73.03,190.19,0.205,123,2,125,0,1,5,How many large commercial buildings are there?,3.56,3.76,9.54,55.5,1.90,0.0154,0.9475,0.0152,5669,1938,389,124,0.0038,5,22.165,4096
535,Qwen2.5-VL-3B,,116.89,72.96,189.86,0.205,122,2,124,1,Yes,yes,Are there more roads than forests?,3.52,3.72,9.56,55.7,1.90,0.0156,0.9506,0.0153,5669,1938,389,123,0.0038,5,22.165,4096
536,Qwen2.5-VL-3B,,106.36,73.00,179.36,0.194,120,2,122,1,Yes,yes,Is there a forest?,3.38,3.44,9.38,55.4,0.94,0.0078,0.4698,0.0077,5669,1938,389,121,0.0037,5,22.165,4096
537,Qwen2.5-VL-3B,,118.27,72.99,191.26,0.207,127,2,129,0,Yes,no,Are there less residential buildings than grass areas in the image?,3.81,3.99,10.10,55.8,2.02,0.0159,1.0081,0.0156,5669,1938,389,128,0.0039,5,22.165,4096
538,Qwen2.5-VL-3B,,116.93,72.97,189.90,0.205,122,2,124,1,Yes,yes,Is there a medium commercial building?,3.70,3.88,9.81,55.8,1.95,0.0160,0.9754,0.0157,5669,1938,389,123,0.0038,5,22.165,4096
539,Qwen2.5-VL-3B,,117.18,73.01,190.19,0.205,123,2,125,1,Yes,yes,Are there less roads than residential buildings?,3.60,3.76,9.66,55.8,1.92,0.0156,0.9595,0.0154,5669,1938,389,124,0.0038,5,22.165,4096
540,Qwen2.5-VL-3B,,117.39,212.79,330.18,0.345,124,4,128,0,100,23,What is the number of medium residential buildings?,3.70,4.11,9.78,55.7,2.91,0.0235,0.7283,0.0228,5669,1938,389,129,0.0039,5,22.165,4096
541,Qwen2.5-VL-3B,,106.41,73.00,179.41,0.194,120,2,122,0,No,yes,Is there a parking?,4.03,4.15,10.36,55.2,1.04,0.0086,0.5186,0.0085,5669,1938,389,121,0.0037,5,22.165,4096
542,Qwen2.5-VL-3B,,106.73,72.98,179.71,0.195,122,2,124,0,No,yes,Is a small commercial building present?,4.09,4.15,10.59,56.0,1.06,0.0087,0.5300,0.0085,5669,1938,389,123,0.0038,5,22.165,4096
543,Qwen2.5-VL-3B,,106.06,72.96,179.03,0.194,121,2,123,1,Yes,yes,Is a farmland present?,4.19,4.22,10.74,55.7,1.07,0.0089,0.5375,0.0087,5669,1938,389,122,0.0037,5,22.165,4096
544,Qwen2.5-VL-3B,,116.92,73.00,189.92,0.205,124,2,126,1,Yes,yes,Is a rectangular building present in the image?,4.29,4.38,10.93,56.0,2.18,0.0176,1.0907,0.0173,5669,1938,389,125,0.0038,5,22.165,4096
545,Qwen2.5-VL-3B,,106.39,73.00,179.39,0.194,121,2,123,1,Yes,yes,Is there a grass area?,3.90,4.03,10.21,55.2,1.02,0.0084,0.5111,0.0083,5669,1938,389,122,0.0037,5,22.165,4096
546,Qwen2.5-VL-3B,,117.15,72.96,190.11,0.205,123,2,125,1,No,no,Are there more water areas than roads?,4.07,4.19,10.43,55.9,2.08,0.0169,1.0406,0.0166,5669,1938,389,124,0.0038,5,22.165,4096
547,Qwen2.5-VL-3B,,106.13,73.02,179.15,0.194,122,2,124,1,Yes,yes,Are there more buildings than forests?,3.78,3.92,10.06,55.2,1.01,0.0083,0.5035,0.0081,5669,1938,389,123,0.0038,5,22.165,4096
548,Qwen2.5-VL-3B,,106.71,73.05,179.76,0.195,124,2,126,1,Yes,yes,Are there more commercial buildings than water areas?,3.92,3.92,10.24,55.6,1.03,0.0083,0.5125,0.0081,5669,1938,389,125,0.0038,5,22.165,4096
549,Qwen2.5-VL-3B,,106.71,72.95,179.66,0.195,121,2,123,1,Yes,yes,Is a large forest present?,4.07,4.11,10.54,55.8,1.06,0.0087,0.5276,0.0086,5669,1938,389,122,0.0037,5,22.165,4096
550,Qwen2.5-VL-3B,,118.47,72.97,191.44,0.206,129,2,131,1,No,no,Is the number of grass areas equal to the number of commercial buildings?,4.25,4.34,10.71,55.7,2.14,0.0166,1.0690,0.0163,5669,1938,389,130,0.0040,5,22.165,4096
551,Qwen2.5-VL-3B,,116.88,72.97,189.85,0.205,122,2,124,0,2,0,How many large roads are there?,3.95,4.18,10.15,55.6,2.01,0.0165,1.0067,0.0162,5669,1938,389,123,0.0038,5,22.165,4096
552,Qwen2.5-VL-3B,,118.81,73.03,191.84,0.207,129,2,131,1,No,no,Is the number of roads equal to the number of square grass areas?,3.74,3.92,9.74,55.5,1.93,0.0150,0.9660,0.0147,5669,1938,389,130,0.0040,5,22.165,4096
553,Qwen2.5-VL-3B,,106.42,73.00,179.42,0.194,121,2,123,1,Yes,yes,Is a square building present?,3.56,3.76,9.62,55.4,0.96,0.0080,0.4818,0.0078,5669,1938,389,122,0.0037,5,22.165,4096
554,Qwen2.5-VL-3B,,106.35,73.00,179.35,0.194,122,2,124,1,Yes,yes,Is a small grass area present?,3.70,3.72,9.82,55.7,0.98,0.0081,0.4917,0.0079,5669,1938,389,123,0.0038,5,22.165,4096
555,Qwen2.5-VL-3B,,117.42,72.97,190.38,0.205,124,2,126,1,No,no,Are there more water areas than residential buildings?,4.01,4.15,10.38,55.9,2.07,0.0167,1.0370,0.0165,5669,1938,389,125,0.0038,5,22.165,4096
556,Qwen2.5-VL-3B,,106.65,72.91,179.56,0.194,121,2,123,0,Yes,no,Is a rectangular road present?,3.81,4.07,10.12,55.4,1.01,0.0084,0.5066,0.0082,5669,1938,389,122,0.0037,5,22.165,4096
557,Qwen2.5-VL-3B,,117.39,72.89,190.28,0.205,124,2,126,1,No,no,Are there less roads than square grass areas?,3.89,4.03,10.24,55.8,2.05,0.0165,1.0230,0.0162,5669,1938,389,125,0.0038,5,22.165,4096
558,Qwen2.5-VL-3B,,117.19,72.86,190.06,0.205,123,2,125,0,1,0,What is the number of square roads?,3.78,4.07,10.04,55.6,1.99,0.0161,0.9932,0.0159,5669,1938,389,124,0.0038,5,22.165,4096
559,Qwen2.5-VL-3B,,105.80,72.91,178.70,0.193,124,2,126,0,1,0,What is the number of square commercial buildings?,3.60,3.88,9.76,55.2,0.98,0.0079,0.4887,0.0078,5669,1938,389,125,0.0038,5,22.165,4096
560,Qwen2.5-VL-3B,,133.32,72.86,206.17,0.221,131,2,133,1,No,no,Is the number of buildings equal to the number of grass areas in the image?,3.77,3.96,9.93,55.6,1.98,0.0151,0.9922,0.0149,5669,1938,389,132,0.0040,5,22.165,4096
561,Qwen2.5-VL-3B,,117.14,72.86,189.99,0.205,123,2,125,0,0,4,What is the number of sports centres?,3.87,4.15,10.14,55.6,2.01,0.0163,1.0037,0.0161,5669,1938,389,124,0.0038,5,22.165,4096
562,Qwen2.5-VL-3B,,106.68,72.92,179.60,0.194,121,2,123,1,Yes,yes,Is a rectangular forest present?,3.64,3.88,9.74,55.0,0.98,0.0081,0.4877,0.0079,5669,1938,389,122,0.0037,5,22.165,4096
563,Qwen2.5-VL-3B,,117.93,72.87,190.81,0.206,126,2,128,1,Yes,yes,Are there more buildings than water areas in the image?,3.82,3.99,9.97,55.8,1.99,0.0158,0.9952,0.0156,5669,1938,389,127,0.0039,5,22.165,4096
564,Qwen2.5-VL-3B,,106.72,72.92,179.64,0.194,124,2,126,1,Yes,yes,Are there more water areas than medium buildings?,3.75,4.03,9.83,55.2,0.98,0.0079,0.4923,0.0078,5669,1938,389,125,0.0038,5,22.165,4096
565,Qwen2.5-VL-3B,,116.85,72.91,189.76,0.205,122,2,124,1,No,no,Is a circular commercial building present?,3.88,4.03,10.01,55.8,2.00,0.0164,1.0000,0.0161,5669,1938,389,123,0.0038,5,22.165,4096
566,Qwen2.5-VL-3B,,106.70,72.88,179.58,0.194,122,2,124,1,Yes,yes,Is there a rectangular residential building?,3.80,4.11,10.01,55.5,1.00,0.0082,0.5012,0.0081,5675,1932,389,123,0.0038,5,22.165,4096
567,Qwen2.5-VL-3B,,117.09,72.89,189.98,0.205,123,2,125,1,Yes,yes,Are there more forests than commercial buildings?,3.85,3.99,10.17,55.8,2.03,0.0165,1.0171,0.0163,5675,1932,389,124,0.0038,5,22.165,4096
568,Qwen2.5-VL-3B,,132.83,72.92,205.75,0.221,130,2,132,1,No,no,Is the number of medium cemeterys equal to the number of water areas?,3.78,4.11,10.06,55.4,1.99,0.0153,0.9958,0.0151,5675,1932,389,131,0.0040,5,22.165,4096
569,Qwen2.5-VL-3B,,117.43,72.86,190.29,0.205,125,2,127,1,Yes,yes,Is there a large grass area in the image?,3.78,4.07,9.89,55.6,1.96,0.0156,0.9780,0.0154,5675,1932,389,126,0.0038,5,22.165,4096
570,Qwen2.5-VL-3B,,106.09,72.88,178.97,0.193,120,2,122,0,No,yes,Is a pitch present?,3.64,3.92,9.58,55.1,0.96,0.0080,0.4797,0.0079,5675,1932,389,121,0.0037,5,22.165,4096
571,Qwen2.5-VL-3B,,118.19,72.88,191.07,0.206,128,2,130,1,No,no,Is the number of grass areas equal to the number of buildings?,3.78,3.96,9.85,55.5,1.97,0.0154,0.9843,0.0151,5675,1932,389,129,0.0039,5,22.165,4096
572,Qwen2.5-VL-3B,,117.11,72.94,190.04,0.205,123,2,125,0,2,29,How many small water areas are there?,3.74,4.07,9.83,55.4,1.95,0.0158,0.9730,0.0156,5675,1932,389,124,0.0038,5,22.165,4096
573,Qwen2.5-VL-3B,,118.48,72.88,191.36,0.206,128,2,130,1,No,no,Is the number of water areas equal to the number of roads?,3.60,3.88,9.62,55.4,1.90,0.0149,0.9506,0.0146,5675,1932,389,129,0.0039,5,22.165,4096
574,Qwen2.5-VL-3B,,117.35,72.92,190.27,0.205,124,2,126,1,No,no,Are there less commercial buildings than water areas?,3.56,3.84,9.52,55.8,1.88,0.0152,0.9417,0.0149,5675,1932,389,125,0.0038,5,22.165,4096
575,Qwen2.5-VL-3B,,106.67,72.91,179.58,0.194,121,2,123,0,Yes,no,Is a large road present?,3.48,3.76,9.50,55.4,0.95,0.0079,0.4758,0.0077,5675,1932,389,122,0.0037,5,22.165,4096
576,Qwen2.5-VL-3B,,118.77,72.91,191.67,0.207,130,2,132,1,No,no,Is the number of square commercial buildings equal to the number of residential buildings?,3.69,3.88,9.87,55.8,1.97,0.0152,0.9873,0.0150,5675,1932,389,131,0.0040,5,22.165,4096
577,Qwen2.5-VL-3B,,117.70,72.95,190.65,0.205,129,2,131,1,No,no,Is the number of medium forests equal to the number of residential buildings?,3.73,4.07,9.86,55.7,1.95,0.0151,0.9759,0.0149,5675,1932,389,130,0.0040,5,22.165,4096
578,Qwen2.5-VL-3B,,117.43,72.91,190.34,0.205,124,2,126,1,No,no,Are there less residential buildings than water areas?,3.61,3.92,9.71,55.5,1.92,0.0155,0.9605,0.0152,5675,1932,389,125,0.0038,5,22.165,4096
579,Qwen2.5-VL-3B,,117.13,72.92,190.05,0.205,123,2,125,0,0,27,What is the number of parkings?,3.52,3.80,9.62,55.5,1.90,0.0155,0.9515,0.0152,5675,1932,389,124,0.0038,5,22.165,4096
580,Qwen2.5-VL-3B,,117.15,72.92,190.07,0.204,123,2,125,1,No,no,Are there more commercial buildings than roads?,3.52,3.80,9.59,55.4,1.90,0.0154,0.9485,0.0152,5675,1932,389,124,0.0038,5,22.165,4096
581,Qwen2.5-VL-3B,,117.42,144.43,261.85,0.277,124,3,127,0,10,1,What is the amount of large residential buildings?,3.51,3.80,9.50,55.4,1.88,0.0152,0.6264,0.0148,5675,1932,389,127,0.0039,5,22.165,4096
582,Qwen2.5-VL-3B,,118.00,72.88,190.89,0.206,126,2,128,1,No,no,Are there more square water areas than medium residential buildings?,3.90,3.96,10.13,55.8,2.02,0.0160,1.0111,0.0158,5675,1932,389,127,0.0039,5,22.165,4096
583,Qwen2.5-VL-3B,,134.58,72.92,207.50,0.222,135,2,137,1,No,no,Is the number of commercial buildings at the bottom of a  parking equal to the number of forests?,3.84,4.19,9.98,55.7,1.98,0.0146,0.9879,0.0144,5675,1932,389,136,0.0042,5,22.165,4096
584,Qwen2.5-VL-3B,,117.99,72.88,190.87,0.206,132,2,134,1,No,no,Is the number of commercial buildings equal to the number of water areas in the image?,3.77,4.07,9.97,55.7,1.98,0.0150,0.9883,0.0148,5675,1932,389,133,0.0041,5,22.165,4096
585,Qwen2.5-VL-3B,,117.15,72.94,190.09,0.205,123,2,125,1,0,0,What is the amount of circular forests?,3.67,3.99,9.70,55.6,1.92,0.0156,0.9600,0.0154,5675,1932,389,124,0.0038,5,22.165,4096
586,Qwen2.5-VL-3B,,106.35,72.87,179.22,0.194,120,2,122,0,No,yes,Is there a playground?,3.56,3.84,9.64,55.5,0.97,0.0080,0.4827,0.0079,5675,1932,389,121,0.0037,5,22.165,4096
587,Qwen2.5-VL-3B,,106.40,73.02,179.41,0.194,121,2,123,0,No,yes,Is a circular building present?,3.62,3.68,9.76,55.7,0.98,0.0081,0.4888,0.0079,5675,1932,389,122,0.0037,5,22.165,4096
588,Qwen2.5-VL-3B,,117.34,72.91,190.25,0.205,124,2,126,0,Yes,no,Are there more grass areas than residential buildings?,3.99,4.07,10.44,55.6,2.09,0.0169,1.0469,0.0166,5675,1932,389,125,0.0038,5,22.165,4096
589,Qwen2.5-VL-3B,,106.37,72.91,179.27,0.193,123,2,125,1,No,no,Are there more square roads than buildings?,3.93,4.26,10.33,55.6,1.03,0.0084,0.5171,0.0083,5675,1932,389,124,0.0038,5,22.165,4096
590,Qwen2.5-VL-3B,,106.60,72.90,179.50,0.194,121,2,123,0,Yes,no,Is a medium road present?,3.96,3.96,10.28,55.2,1.03,0.0085,0.5145,0.0084,5675,1932,389,122,0.0037,5,22.165,4096
591,Qwen2.5-VL-3B,,117.84,72.84,190.68,0.205,127,2,129,1,No,no,Is the number of buildings equal to the number of roads?,4.15,4.15,10.58,55.6,2.12,0.0167,1.0583,0.0164,5675,1932,389,128,0.0039,5,22.165,4096
592,Qwen2.5-VL-3B,,117.54,72.85,190.39,0.206,125,2,127,1,No,no,Are there more commercial buildings than rectangular grass areas?,3.76,3.80,9.92,55.4,1.99,0.0159,0.9942,0.0157,5675,1932,389,126,0.0038,5,22.165,4096
593,Qwen2.5-VL-3B,,117.11,72.85,189.97,0.205,123,2,125,0,1,0,What is the amount of medium roads?,3.56,3.60,9.63,55.6,1.93,0.0157,0.9654,0.0154,5675,1932,389,124,0.0038,5,22.165,4096
594,Qwen2.5-VL-3B,,118.73,72.91,191.64,0.207,129,2,131,1,No,no,Is the number of water areas equal to the number of commercial buildings?,3.48,3.52,9.47,55.5,1.90,0.0147,0.9495,0.0145,5675,1932,389,130,0.0040,5,22.165,4096
595,Qwen2.5-VL-3B,,117.10,72.90,190.00,0.205,124,2,126,0,Yes,no,Is there a circular road in the image?,3.43,3.48,9.42,55.5,1.89,0.0152,0.9446,0.0150,5675,1932,389,125,0.0038,5,22.165,4096
596,Qwen2.5-VL-3B,,117.12,72.97,190.09,0.205,123,2,125,1,Yes,yes,Are there more residential buildings than roads?,3.43,3.48,9.38,55.4,1.88,0.0153,0.9405,0.0150,5675,1932,389,124,0.0038,5,22.165,4096
597,Qwen2.5-VL-3B,,116.85,72.86,189.72,0.204,122,2,124,0,1,0,How many circular roads are there?,3.43,3.49,9.34,55.5,1.87,0.0154,0.9366,0.0151,5675,1932,389,123,0.0038,5,22.165,4096
598,Qwen2.5-VL-3B,,117.64,72.88,190.52,0.205,125,2,127,1,Yes,yes,Are there less medium water areas than commercial buildings?,3.43,3.49,9.36,55.5,1.88,0.0150,0.9396,0.0148,5675,1932,389,126,0.0038,5,22.165,4096
599,Qwen2.5-VL-3B,,116.84,72.94,189.77,0.205,122,2,124,1,Yes,yes,Is there a square water area?,3.42,3.48,9.36,55.4,1.88,0.0154,0.9396,0.0152,5675,1932,389,123,0.0038,5,22.165,4096
600,Qwen2.5-VL-3B,,592.92,144.70,737.62,0.766,124,3,127,1,Rural,rural,Is it a rural or an urban area,3.94,4.58,10.19,56.1,7.15,0.0577,2.3842,0.0563,5675,1932,389,127,0.0039,6,26.492,4096
601,Qwen2.5-VL-3B,,106.09,72.89,178.98,0.193,120,2,122,1,Yes,yes,Is there a forest?,4.56,4.74,11.13,56.1,1.11,0.0093,0.5573,0.0091,5673,1934,389,121,0.0037,6,26.492,4096
602,Qwen2.5-VL-3B,,106.57,72.82,179.39,0.193,121,2,123,0,0,21,How many buildings are there?,4.38,4.46,10.91,55.7,1.09,0.0090,0.5464,0.0089,5673,1934,389,122,0.0037,6,26.492,4096
603,Qwen2.5-VL-3B,,116.82,72.84,189.67,0.203,122,2,124,0,1,170,What is the number of forests?,4.38,4.42,10.96,56.0,2.19,0.0179,1.0948,0.0177,5673,1934,389,123,0.0038,6,26.492,4096
604,Qwen2.5-VL-3B,,106.23,72.93,179.16,0.193,123,2,125,1,0,0,What is the amount of large roads?,4.03,4.34,10.47,55.5,1.05,0.0085,0.5240,0.0084,5674,1933,389,124,0.0038,6,26.492,4096
605,Qwen2.5-VL-3B,,106.64,72.92,179.55,0.194,121,2,123,1,Yes,yes,Is a grass area present?,3.94,3.96,10.32,55.9,1.03,0.0085,0.5165,0.0084,5674,1933,389,122,0.0037,6,26.492,4096
606,Qwen2.5-VL-3B,,117.14,72.94,190.07,0.204,123,2,125,0,0,15,What is the number of residential buildings?,4.12,4.18,10.67,55.8,2.14,0.0174,1.0677,0.0171,5674,1933,389,124,0.0038,6,26.492,4096
607,Qwen2.5-VL-3B,,106.64,72.89,179.53,0.193,121,2,123,0,No,yes,Is a water area present?,3.97,4.30,10.35,55.5,1.04,0.0086,0.5181,0.0084,5674,1933,389,122,0.0037,6,26.492,4096
608,Qwen2.5-VL-3B,,117.02,72.90,189.92,0.204,123,2,125,0,1,23,What is the number of water areas?,3.98,4.11,10.28,55.8,2.06,0.0167,1.0277,0.0164,5674,1933,389,124,0.0038,6,26.492,4096
609,Qwen2.5-VL-3B,,106.30,72.93,179.23,0.193,120,2,122,1,Yes,yes,Is there a road?,3.87,4.18,10.13,55.6,1.01,0.0085,0.5071,0.0083,5675,1932,389,121,0.0037,6,26.492,4096
610,Qwen2.5-VL-3B,,117.37,72.87,190.24,0.205,124,2,126,1,Yes,yes,Are there less commercial buildings than water areas?,3.89,4.03,10.22,55.6,2.05,0.0165,1.0231,0.0162,5675,1932,389,125,0.0038,6,26.492,4096
611,Qwen2.5-VL-3B,,116.91,72.93,189.84,0.204,122,2,124,0,0,182,What is the number of roads?,3.81,4.15,10.13,55.5,2.00,0.0164,1.0018,0.0162,5675,1932,388,123,0.0038,6,26.492,4096
612,Qwen2.5-VL-3B,,116.91,72.84,189.75,0.204,122,2,124,0,No,yes,Is a rectangular commercial building present?,3.65,3.96,9.76,55.8,1.93,0.0158,0.9655,0.0156,5675,1932,388,123,0.0038,6,26.492,4096
613,Qwen2.5-VL-3B,,116.84,72.89,189.74,0.204,122,2,124,1,No,no,Are there more buildings than forests?,3.59,3.88,9.63,55.7,1.90,0.0156,0.9515,0.0153,5675,1932,388,123,0.0038,6,26.492,4096
614,Qwen2.5-VL-3B,,118.42,72.88,191.30,0.205,128,2,130,1,No,no,Is the number of roads equal to the number of commercial buildings?,3.51,3.76,9.54,55.6,1.89,0.0147,0.9426,0.0145,5675,1932,388,129,0.0039,6,26.492,4096
615,Qwen2.5-VL-3B,,117.20,72.95,190.15,0.204,123,2,125,0,0,6,What is the number of commercial buildings?,3.51,3.76,9.50,55.7,1.88,0.0153,0.9386,0.0150,5675,1932,388,124,0.0038,6,26.492,4096
616,Qwen2.5-VL-3B,,116.85,72.90,189.75,0.203,122,2,124,1,Yes,yes,Are there less buildings than roads?,3.51,3.76,9.50,55.6,1.88,0.0154,0.9386,0.0151,5675,1932,388,123,0.0038,6,26.492,4096
617,Qwen2.5-VL-3B,,106.66,72.89,179.55,0.193,121,2,123,0,No,yes,Is there a residential building?,3.46,3.72,9.50,55.2,0.95,0.0079,0.4758,0.0077,5675,1932,388,122,0.0037,6,26.492,4096
618,Qwen2.5-VL-3B,,117.33,72.89,190.22,0.203,124,2,126,0,1,17,What is the amount of small water areas?,3.68,3.88,9.89,55.7,1.98,0.0160,0.9892,0.0157,5675,1932,388,125,0.0038,6,26.492,4096
619,Qwen2.5-VL-3B,,106.16,72.95,179.11,0.193,124,2,126,1,0,0,What is the amount of square commercial buildings?,3.68,3.96,9.98,55.8,1.00,0.0081,0.4996,0.0079,5675,1932,388,125,0.0038,6,26.492,4096
620,Qwen2.5-VL-3B,,106.56,72.87,179.43,0.193,121,2,123,0,No,yes,Is a commercial building present?,3.72,3.76,10.00,55.6,1.00,0.0083,0.5006,0.0081,5675,1932,388,122,0.0037,6,26.492,4096
621,Qwen2.5-VL-3B,,106.54,72.89,179.43,0.193,122,2,124,1,No,no,Is there a circular commercial building?,3.97,3.99,10.42,55.8,1.04,0.0085,0.5214,0.0084,5675,1932,388,123,0.0038,6,26.492,4096
622,Qwen2.5-VL-3B,,105.97,72.84,178.81,0.193,122,2,124,1,No,no,Is there a square residential building?,4.11,4.11,10.66,56.1,1.07,0.0087,0.5335,0.0086,5675,1932,388,123,0.0038,6,26.492,4096
623,Qwen2.5-VL-3B,,117.53,72.84,190.37,0.205,125,2,127,0,3,25,How many medium forests are there in the image?,4.24,4.30,10.80,55.8,2.16,0.0173,1.0809,0.0170,5675,1932,388,126,0.0038,6,26.492,4096
624,Qwen2.5-VL-3B,,132.84,72.89,205.74,0.219,130,2,132,1,No,no,Is the number of square water areas equal to the number of commercial buildings?,4.00,4.42,10.38,55.7,2.06,0.0158,1.0276,0.0156,5675,1932,388,131,0.0040,6,26.492,4096
625,Qwen2.5-VL-3B,,105.99,72.93,178.92,0.192,120,2,122,0,No,yes,Is there a building?,3.86,4.15,10.17,56.0,1.02,0.0085,0.5091,0.0083,5675,1932,388,121,0.0037,6,26.492,4096
626,Qwen2.5-VL-3B,,117.35,72.89,190.24,0.204,124,2,126,0,0,1,What is the amount of medium residential buildings?,3.94,4.07,10.22,55.8,2.04,0.0165,1.0221,0.0162,5675,1932,388,125,0.0038,6,26.492,4096
627,Qwen2.5-VL-3B,,106.66,72.92,179.58,0.193,121,2,123,1,Yes,yes,Is there a nature reserve?,3.83,4.15,10.13,55.7,1.01,0.0084,0.5071,0.0082,5676,1931,388,122,0.0037,6,26.492,4096
628,Qwen2.5-VL-3B,,116.86,72.86,189.72,0.204,122,2,124,1,No,no,Are there more buildings than roads?,3.89,4.03,10.14,55.8,2.03,0.0166,1.0151,0.0164,5676,1931,388,123,0.0038,6,26.492,4096
629,Qwen2.5-VL-3B,,118.41,72.93,191.34,0.205,128,2,130,1,No,no,Is the number of large roads equal to the number of forests?,3.83,4.18,9.97,55.6,1.97,0.0154,0.9858,0.0152,5675,1932,388,129,0.0039,6,26.492,4096
630,Qwen2.5-VL-3B,,117.31,72.90,190.21,0.204,124,2,126,1,No,no,Are there less water areas than residential buildings?,3.69,3.99,9.77,55.7,1.93,0.0156,0.9661,0.0153,5675,1932,388,125,0.0038,6,26.492,4096
631,Qwen2.5-VL-3B,,117.14,144.57,261.70,0.275,123,3,126,0,10,41,What is the amount of grass areas?,3.61,3.92,9.63,55.8,1.91,0.0155,0.6350,0.0151,5675,1932,388,126,0.0038,6,26.492,4096
632,Qwen2.5-VL-3B,,106.06,72.88,178.94,0.193,124,2,126,0,0,7,What is the amount of square water areas?,3.90,3.96,10.20,55.8,1.02,0.0082,0.5105,0.0081,5675,1932,388,125,0.0038,6,26.492,4096
633,Qwen2.5-VL-3B,,117.13,72.88,190.01,0.204,123,2,125,1,No,no,Are there more residential buildings than roads?,4.05,4.11,10.48,55.9,2.10,0.0171,1.0499,0.0168,5675,1932,388,124,0.0038,6,26.492,4096
634,Qwen2.5-VL-3B,,133.36,72.95,206.30,0.220,131,2,133,1,No,no,Is the number of residential buildings equal to the number of roads in the image?,3.93,4.30,10.22,55.8,2.02,0.0154,1.0117,0.0152,5675,1932,388,132,0.0040,6,26.492,4096
635,Qwen2.5-VL-3B,,106.63,72.89,179.52,0.193,122,2,124,1,Yes,yes,Is a rectangular water area present?,3.86,4.15,10.05,56.0,1.01,0.0082,0.5031,0.0081,5676,1931,388,123,0.0038,6,26.492,4096
636,Qwen2.5-VL-3B,,118.22,72.99,191.22,0.205,128,2,130,1,No,no,Is the number of buildings equal to the number of water areas?,3.90,4.07,10.22,56.0,2.05,0.0160,1.0232,0.0157,5676,1931,388,129,0.0039,6,26.492,4096
637,Qwen2.5-VL-3B,,117.95,72.92,190.87,0.205,126,2,128,1,1,1,What is the number of circular forests in the image?,3.85,4.18,10.05,55.6,1.99,0.0158,0.9938,0.0155,5668,1939,388,127,0.0039,6,26.492,4096
638,Qwen2.5-VL-3B,,133.61,73.01,206.63,0.221,132,2,134,1,No,no,Is the number of commercial buildings equal to the number of water areas in the image?,3.69,3.99,9.81,55.7,1.94,0.0147,0.9714,0.0145,5669,1938,388,133,0.0041,6,26.492,4096
639,Qwen2.5-VL-3B,,117.46,72.92,190.38,0.204,124,2,126,0,0,13,What is the amount of small residential buildings?,3.76,4.07,9.81,55.9,1.94,0.0156,0.9699,0.0154,5668,1939,388,125,0.0038,6,26.492,4096
640,Qwen2.5-VL-3B,,117.09,72.90,189.99,0.202,123,2,125,1,Yes,yes,Are there less residential buildings than roads?,3.65,3.92,9.65,55.9,1.91,0.0155,0.9545,0.0153,5669,1938,388,124,0.0038,6,26.492,4096
641,Qwen2.5-VL-3B,,106.67,72.85,179.52,0.193,121,2,123,0,No,yes,Is a medium building present?,3.56,3.84,9.48,55.3,0.95,0.0078,0.4748,0.0077,5669,1938,388,122,0.0037,6,26.492,4096
642,Qwen2.5-VL-3B,,118.75,72.91,191.66,0.206,129,2,131,0,0,175,How many roads at the bottom of a  residential building are there?,3.76,3.96,9.91,56.0,1.98,0.0154,0.9902,0.0151,5668,1939,388,130,0.0040,6,26.492,4096
643,Qwen2.5-VL-3B,,117.40,72.90,190.30,0.204,124,2,126,0,Yes,no,Are there less residential buildings than heaths?,3.77,4.07,9.91,55.9,1.96,0.0158,0.9809,0.0156,5668,1939,388,125,0.0038,6,26.492,4096
644,Qwen2.5-VL-3B,,117.66,72.89,190.55,0.204,127,2,129,1,No,no,Are there more buildings next to a  road than buildings?,3.65,3.92,9.65,55.6,1.91,0.0150,0.9541,0.0148,5668,1939,388,128,0.0039,6,26.492,4096
645,Qwen2.5-VL-3B,,106.11,73.03,179.14,0.193,122,2,124,1,Yes,yes,Are there more roads than buildings?,3.54,3.80,9.50,55.5,0.95,0.0078,0.4758,0.0077,5668,1939,388,123,0.0038,6,26.492,4096
646,Qwen2.5-VL-3B,,116.84,72.87,189.71,0.204,122,2,124,0,No,yes,Is a medium commercial building present?,3.74,3.96,9.89,55.6,1.98,0.0162,0.9894,0.0160,5668,1939,388,123,0.0038,6,26.492,4096
647,Qwen2.5-VL-3B,,132.95,72.97,205.92,0.221,130,2,132,0,0,15,What is the number of residential buildings at the bottom of a  road?,3.91,4.15,10.13,55.9,2.01,0.0154,1.0028,0.0152,5668,1939,388,131,0.0040,6,26.492,4096
648,Qwen2.5-VL-3B,,117.12,72.91,190.03,0.205,123,2,125,1,No,no,Are there less forests than residential buildings?,3.90,4.23,10.10,56.0,2.00,0.0163,0.9998,0.0160,5669,1938,388,124,0.0038,6,26.492,4096
649,Qwen2.5-VL-3B,,118.53,72.89,191.41,0.205,128,2,130,1,No,no,Is the number of forests equal to the number of commercial buildings?,3.68,3.92,9.81,55.9,1.94,0.0152,0.9704,0.0149,5669,1938,388,129,0.0039,6,26.492,4096
650,Qwen2.5-VL-3B,,117.17,72.91,190.08,0.204,123,2,125,0,1,93,What is the amount of large forests?,3.61,3.84,9.60,55.9,1.90,0.0154,0.9495,0.0152,5669,1938,388,124,0.0038,6,26.492,4096
651,Qwen2.5-VL-3B,,117.12,72.89,190.01,0.204,123,2,125,1,Yes,yes,Are there more forests than commercial buildings?,3.55,3.72,9.55,55.9,1.89,0.0154,0.9445,0.0151,5669,1938,388,124,0.0038,6,26.492,4096
652,Qwen2.5-VL-3B,,117.73,72.90,190.63,0.204,125,2,127,0,3,1,How many square forests are there in the image?,3.51,3.68,9.55,55.9,1.89,0.0151,0.9446,0.0149,5669,1938,388,126,0.0038,6,26.492,4096
653,Qwen2.5-VL-3B,,118.23,72.92,191.15,0.205,127,2,129,0,No,yes,Is there a building on the right of a  road?,3.55,3.72,9.56,55.9,1.89,0.0149,0.9466,0.0147,5669,1938,388,128,0.0039,6,26.492,4096
654,Qwen2.5-VL-3B,,118.23,72.95,191.19,0.205,128,2,130,1,No,no,Is the number of commercial buildings equal to the number of roads?,3.55,3.72,9.63,55.5,1.91,0.0149,0.9525,0.0147,5667,1940,388,129,0.0039,6,26.492,4096
655,Qwen2.5-VL-3B,,133.30,72.90,206.20,0.220,131,2,133,0,0,15,What is the amount of residential buildings at the top of a  water area?,3.52,3.68,9.60,55.5,1.90,0.0145,0.9515,0.0143,5667,1940,388,132,0.0040,6,26.492,4096
656,Qwen2.5-VL-3B,,118.51,72.98,191.49,0.205,128,2,130,1,No,no,Is the number of water areas equal to the number of buildings?,3.64,3.80,9.83,55.7,1.95,0.0152,0.9734,0.0150,5667,1940,388,129,0.0039,6,26.492,4096
657,Qwen2.5-VL-3B,,117.21,72.92,190.12,0.204,124,2,126,1,No,no,Is a circular road present in the image?,3.62,3.76,9.79,55.6,1.94,0.0157,0.9704,0.0154,5668,1939,388,125,0.0038,6,26.492,4096
658,Qwen2.5-VL-3B,,117.08,72.94,190.02,0.204,123,2,125,0,0,14,What is the amount of heaths?,3.56,3.68,9.68,55.6,1.92,0.0156,0.9595,0.0154,5668,1939,388,124,0.0038,6,26.492,4096
659,Qwen2.5-VL-3B,,118.75,72.87,191.62,0.205,129,2,131,1,No,no,Is the number of grass areas equal to the number of residential buildings?,3.56,3.68,9.59,55.6,1.90,0.0147,0.9505,0.0145,5668,1939,388,130,0.0040,6,26.492,4096
660,Qwen2.5-VL-3B,,117.42,72.91,190.33,0.204,128,2,130,1,No,no,Is the number of commercial buildings equal to the number of forests?,3.52,3.64,9.56,56.0,1.90,0.0148,0.9476,0.0146,5668,1939,388,129,0.0039,6,26.492,4096
661,Qwen2.5-VL-3B,,117.45,144.47,261.91,0.276,124,3,127,0,10,13,What is the number of farmlands?,3.49,3.60,9.54,55.7,1.89,0.0153,0.6304,0.0149,5668,1939,388,127,0.0039,6,26.492,4096
662,Qwen2.5-VL-3B,,117.42,72.93,190.35,0.204,124,2,126,1,No,no,Are there more commercial buildings than water areas?,3.94,4.03,10.26,56.1,2.04,0.0165,1.0220,0.0162,5668,1939,388,125,0.0038,6,26.492,4096
663,Qwen2.5-VL-3B,,117.37,72.95,190.32,0.204,126,2,128,0,No,yes,Are there less grass areas than roads in the image?,3.76,3.96,10.00,55.6,1.98,0.0157,0.9911,0.0155,5668,1939,388,127,0.0039,6,26.492,4096
664,Qwen2.5-VL-3B,,117.14,72.92,190.07,0.204,126,2,128,1,Yes,yes,Are there less commercial buildings than forests in the image?,3.62,3.76,9.72,55.8,1.93,0.0153,0.9634,0.0151,5668,1939,388,127,0.0039,6,26.492,4096
665,Qwen2.5-VL-3B,,117.15,72.96,190.11,0.204,123,2,125,0,3,0,How many rectangular nature reserves are there?,3.55,3.68,9.63,55.6,1.91,0.0155,0.9545,0.0153,5668,1939,388,124,0.0038,6,26.492,4096
666,Qwen2.5-VL-3B,,117.14,72.90,190.04,0.204,123,2,125,1,No,no,Are there less roads than water areas?,3.55,3.68,9.55,55.7,1.89,0.0154,0.9466,0.0151,5668,1939,388,124,0.0038,6,26.492,4096
667,Qwen2.5-VL-3B,,116.94,72.82,189.76,0.203,122,2,124,0,0,1,How many industrials are there?,3.52,3.64,9.58,55.7,1.90,0.0156,0.9495,0.0153,5668,1939,388,123,0.0038,6,26.492,4096
668,Qwen2.5-VL-3B,,106.67,72.95,179.62,0.193,121,2,123,1,Yes,yes,Is there a small forest?,3.42,3.56,9.44,55.6,0.95,0.0078,0.4728,0.0077,5668,1939,388,122,0.0037,6,26.492,4096
669,Qwen2.5-VL-3B,,118.56,72.88,191.45,0.206,128,2,130,0,0,14,What is the number of buildings next to a  water area?,3.77,3.96,9.95,56.0,1.99,0.0155,0.9934,0.0153,5668,1939,388,129,0.0039,6,26.492,4096
670,Qwen2.5-VL-3B,,105.75,72.94,178.69,0.193,123,2,125,0,0,3,What is the number of parkings?,3.72,3.92,9.80,55.7,0.98,0.0080,0.4907,0.0079,5672,1935,388,124,0.0038,6,26.492,4096
671,Qwen2.5-VL-3B,,106.32,72.90,179.22,0.193,123,2,125,1,0,0,What is the amount of rectangular roads?,3.86,3.88,9.98,56.0,1.00,0.0081,0.4997,0.0080,5676,1931,388,124,0.0038,6,26.492,4096
672,Qwen2.5-VL-3B,,106.60,72.97,179.57,0.194,121,2,123,0,Yes,no,Is a medium road present?,4.07,4.07,10.34,55.8,1.04,0.0086,0.5176,0.0084,5676,1931,388,122,0.0037,6,26.492,4096
673,Qwen2.5-VL-3B,,106.06,72.81,178.87,0.192,121,2,123,1,Yes,yes,Is a farmland present?,4.19,4.23,10.64,55.8,1.07,0.0088,0.5325,0.0087,5676,1931,388,122,0.0037,6,26.492,4096
674,Qwen2.5-VL-3B,,117.59,72.93,190.52,0.204,127,2,129,0,No,yes,Is a heath next to a  commercial building present?,4.28,4.34,10.81,55.8,2.16,0.0170,1.0799,0.0167,5676,1931,388,128,0.0039,6,26.492,4096
675,Qwen2.5-VL-3B,,117.41,72.90,190.31,0.204,124,2,126,1,Yes,yes,Are there more water areas than commercial buildings?,3.99,4.30,10.27,55.7,2.03,0.0164,1.0166,0.0161,5676,1931,388,125,0.0038,6,26.492,4096
676,Qwen2.5-VL-3B,,106.38,72.91,179.30,0.193,123,2,125,1,No,no,Are there more residential buildings than forests?,3.74,3.99,9.83,55.5,0.98,0.0080,0.4922,0.0079,5676,1931,388,124,0.0038,6,26.492,4096
677,Qwen2.5-VL-3B,,116.82,72.86,189.69,0.204,122,2,124,1,Yes,yes,Is there a small water area?,3.88,4.03,10.14,56.2,2.03,0.0166,1.0131,0.0163,5676,1931,388,123,0.0038,6,26.492,4096
678,Qwen2.5-VL-3B,,117.44,72.88,190.32,0.204,124,2,126,1,Yes,yes,Are there less commercial buildings than grass areas?,3.81,4.07,9.98,56.1,1.98,0.0159,0.9879,0.0157,5676,1931,388,125,0.0038,6,26.492,4096
679,Qwen2.5-VL-3B,,118.76,72.97,191.73,0.205,129,2,131,1,No,no,Is the number of roads equal to the number of small residential buildings?,3.66,3.88,9.69,56.0,1.92,0.0149,0.9595,0.0146,5676,1931,388,130,0.0040,6,26.492,4096
680,Qwen2.5-VL-3B,,117.20,72.89,190.09,0.204,123,2,125,1,Yes,yes,Are there less buildings than water areas?,3.57,3.80,9.63,56.0,1.91,0.0155,0.9525,0.0152,5676,1931,388,124,0.0038,6,26.492,4096
681,Qwen2.5-VL-3B,,117.64,72.97,190.61,0.204,125,2,127,1,No,no,Is there a circular residential building in the image?,3.56,3.76,9.58,56.0,1.90,0.0152,0.9476,0.0149,5676,1931,388,126,0.0038,6,26.492,4096
682,Qwen2.5-VL-3B,,117.15,72.90,190.05,0.204,123,2,125,0,No,yes,Are there more roads than water areas?,3.55,3.72,9.54,56.0,1.89,0.0153,0.9435,0.0151,5676,1931,388,124,0.0038,6,26.492,4096
683,Qwen2.5-VL-3B,,117.42,72.94,190.36,0.205,124,2,126,0,0,2,What is the number of medium commercial buildings?,3.55,3.72,9.46,55.6,1.87,0.0151,0.9357,0.0149,5676,1931,388,125,0.0038,6,26.492,4096
684,Qwen2.5-VL-3B,,118.53,72.88,191.41,0.205,128,2,130,0,No,yes,Is a road on the right of a  water area present?,3.55,3.72,9.47,55.6,1.88,0.0146,0.9376,0.0144,5676,1931,388,129,0.0039,6,26.492,4096
685,Qwen2.5-VL-3B,,106.09,72.90,179.00,0.193,121,2,123,0,No,yes,Is a rectangular building present?,3.46,3.68,9.46,55.4,0.95,0.0078,0.4738,0.0077,5676,1931,388,122,0.0037,6,26.492,4096
686,Qwen2.5-VL-3B,,117.08,72.86,189.94,0.204,123,2,125,1,Yes,yes,Are there more forests than residential buildings?,3.74,3.96,9.85,55.8,1.97,0.0160,0.9844,0.0157,5676,1931,388,124,0.0038,6,26.492,4096
687,Qwen2.5-VL-3B,,106.72,72.86,179.57,0.193,123,2,125,0,Yes,no,Are there less roads than residential buildings?,3.74,3.99,9.79,55.5,0.98,0.0080,0.4902,0.0078,5676,1931,388,124,0.0038,6,26.492,4096
688,Qwen2.5-VL-3B,,118.71,72.94,191.64,0.206,129,2,131,1,No,no,Is the number of residential buildings equal to the number of parkings?,3.84,3.99,10.08,56.2,2.01,0.0156,1.0071,0.0154,5676,1931,388,130,0.0040,6,26.492,4096
689,Qwen2.5-VL-3B,,118.47,72.92,191.39,0.205,129,2,131,0,No,yes,Is there a water area at the top of a  residential building?,3.78,4.07,9.99,56.0,1.98,0.0153,0.9889,0.0151,5676,1931,388,130,0.0040,6,26.492,4096
690,Qwen2.5-VL-3B,,117.40,72.89,190.29,0.204,124,2,126,1,Yes,yes,Are there less residential buildings than grass areas?,3.68,3.92,9.72,55.9,1.92,0.0155,0.9611,0.0153,5676,1931,388,125,0.0038,6,26.492,4096
691,Qwen2.5-VL-3B,,106.34,72.99,179.33,0.193,123,2,125,1,Yes,yes,Are there less water areas than forests?,3.58,3.84,9.58,55.5,0.96,0.0078,0.4798,0.0077,5676,1931,388,124,0.0038,6,26.492,4096
692,Qwen2.5-VL-3B,,118.79,72.83,191.63,0.206,129,2,131,1,No,no,Is the number of commercial buildings equal to the number of rectangular roads?,3.77,3.96,9.88,55.8,1.97,0.0153,0.9863,0.0151,5676,1931,388,130,0.0040,6,26.492,4096
693,Qwen2.5-VL-3B,,117.38,72.80,190.18,0.204,124,2,126,0,Yes,no,Are there less rectangular forests than water areas?,3.77,4.03,9.81,55.8,1.94,0.0156,0.9699,0.0154,5677,1930,388,125,0.0038,6,26.492,4096
694,Qwen2.5-VL-3B,,116.87,72.88,189.75,0.203,122,2,124,0,No,yes,Is there a large water area?,3.64,3.88,9.64,55.8,1.91,0.0156,0.9535,0.0154,5677,1930,388,123,0.0038,6,26.492,4096
695,Qwen2.5-VL-3B,,117.42,73.00,190.42,0.204,124,2,126,1,Yes,yes,Are there more water areas than large roads?,3.60,3.80,9.59,55.6,1.90,0.0153,0.9486,0.0151,5677,1930,388,125,0.0038,6,26.492,4096
696,Qwen2.5-VL-3B,,116.85,72.83,189.69,0.204,125,2,127,1,No,no,Are there more circular commercial buildings than commercial buildings?,3.52,3.72,9.54,55.8,1.89,0.0151,0.9436,0.0149,5677,1930,388,126,0.0038,6,26.492,4096
697,Qwen2.5-VL-3B,,106.69,72.92,179.61,0.193,121,2,123,0,Yes,no,Is there a rectangular road?,3.50,3.72,9.40,55.5,0.94,0.0078,0.4708,0.0077,5677,1930,388,122,0.0037,6,26.492,4096
698,Qwen2.5-VL-3B,,118.19,72.90,191.09,0.205,128,2,130,1,No,no,Is the number of water areas equal to the number of roads?,3.73,3.92,9.84,56.0,1.96,0.0153,0.9823,0.0151,5677,1930,388,129,0.0039,6,26.492,4096
699,Qwen2.5-VL-3B,,117.12,72.88,190.00,0.204,123,2,125,1,No,no,Are there less forests than commercial buildings?,3.72,3.96,9.88,56.0,1.95,0.0159,0.9774,0.0156,5677,1930,388,124,0.0038,6,26.492,4096
700,Qwen2.5-VL-3B,,592.58,144.67,737.25,0.766,124,3,127,1,Rural,rural,Is it a rural or an urban area,4.06,4.62,10.39,56.0,7.26,0.0585,2.4186,0.0571,5677,1930,388,127,0.0039,7,30.855,4096
701,Qwen2.5-VL-3B,,117.69,72.91,190.60,0.205,125,2,127,1,No,no,Are there more large residential buildings than commercial buildings?,4.58,4.82,11.24,56.1,2.24,0.0179,1.1176,0.0176,5684,1923,388,126,0.0038,7,30.855,4096
702,Qwen2.5-VL-3B,,106.62,72.91,179.52,0.194,121,2,123,0,No,yes,Is a commercial building present?,3.97,4.11,10.33,55.5,1.03,0.0085,0.5170,0.0084,5684,1923,388,122,0.0037,7,30.855,4096
703,Qwen2.5-VL-3B,,116.77,72.91,189.68,0.204,122,2,124,0,0,193,What is the amount of roads?,4.11,4.22,10.54,55.9,2.10,0.0172,1.0514,0.0170,5684,1923,388,123,0.0038,7,30.855,4096
704,Qwen2.5-VL-3B,,117.20,72.97,190.17,0.204,123,2,125,0,No,yes,Is a building present in the image?,3.89,3.99,10.10,56.2,2.01,0.0163,1.0042,0.0161,5669,1938,388,124,0.0038,7,30.855,4096
705,Qwen2.5-VL-3B,,117.66,72.95,190.62,0.204,125,2,127,0,1,19,How many orchards are there in the image?,3.69,3.84,9.77,56.2,1.94,0.0155,0.9713,0.0153,5675,1932,388,126,0.0038,7,30.855,4096
706,Qwen2.5-VL-3B,,117.17,144.55,261.72,0.276,123,3,126,0,50,80,What is the amount of grass areas?,3.62,3.80,9.67,56.2,1.92,0.0156,0.6403,0.0152,5675,1932,388,126,0.0038,7,30.855,4096
707,Qwen2.5-VL-3B,,106.37,72.82,179.18,0.193,123,2,125,0,0,14,What is the number of water areas?,4.01,4.15,10.37,56.2,1.04,0.0084,0.5190,0.0083,5676,1931,388,124,0.0038,7,30.855,4096
708,Qwen2.5-VL-3B,,106.60,72.87,179.47,0.193,121,2,123,1,Yes,yes,Is a grass area present?,4.11,4.15,10.48,56.2,1.05,0.0087,0.5246,0.0085,5676,1931,388,122,0.0037,7,30.855,4096
709,Qwen2.5-VL-3B,,106.40,72.87,179.27,0.193,121,2,123,0,No,yes,Is a water area present?,4.19,4.22,10.74,56.0,1.07,0.0089,0.5375,0.0087,5676,1931,388,122,0.0037,7,30.855,4096
710,Qwen2.5-VL-3B,,105.76,73.00,178.75,0.193,120,2,122,0,No,yes,Is a road present?,4.27,4.30,10.87,56.1,1.09,0.0091,0.5445,0.0089,5676,1931,388,121,0.0037,7,30.855,4096
711,Qwen2.5-VL-3B,,106.29,72.92,179.21,0.193,121,2,123,1,Yes,yes,Is there a medium building?,4.32,4.38,10.99,56.0,1.10,0.0091,0.5504,0.0089,5676,1931,388,122,0.0037,7,30.855,4096
712,Qwen2.5-VL-3B,,116.79,72.89,189.67,0.204,122,2,124,1,0,0,How many square roads are there?,4.34,4.38,10.97,56.0,2.19,0.0180,1.0958,0.0177,5676,1931,388,123,0.0038,7,30.855,4096
713,Qwen2.5-VL-3B,,106.63,72.93,179.57,0.193,121,2,123,1,Yes,yes,Is there a residential building?,3.99,4.22,10.31,55.5,1.03,0.0085,0.5161,0.0084,5676,1931,388,122,0.0037,7,30.855,4096
714,Qwen2.5-VL-3B,,116.84,72.90,189.74,0.204,122,2,124,0,1,88,What is the number of forests?,4.03,4.15,10.43,55.8,2.09,0.0171,1.0425,0.0168,5676,1931,388,123,0.0038,7,30.855,4096
715,Qwen2.5-VL-3B,,116.86,72.89,189.74,0.204,122,2,124,0,0,1,How many commercial buildings are there?,3.84,4.03,10.13,55.8,2.01,0.0165,1.0041,0.0162,5676,1931,388,123,0.0038,7,30.855,4096
716,Qwen2.5-VL-3B,,116.92,72.86,189.78,0.204,122,2,124,0,No,yes,Is there a large water area?,3.65,3.80,9.75,55.8,1.93,0.0158,0.9664,0.0156,5676,1931,388,123,0.0038,7,30.855,4096
717,Qwen2.5-VL-3B,,117.10,72.88,189.98,0.204,124,2,126,1,No,no,Is a circular building present in the image?,3.57,3.68,9.59,55.8,1.90,0.0153,0.9505,0.0151,5676,1931,388,125,0.0038,7,30.855,4096
718,Qwen2.5-VL-3B,,117.18,72.86,190.04,0.203,123,2,125,0,0,331,What is the number of residential buildings?,3.57,3.68,9.52,55.9,1.89,0.0154,0.9445,0.0151,5676,1931,388,124,0.0038,7,30.855,4096
719,Qwen2.5-VL-3B,,118.51,72.89,191.40,0.205,128,2,130,1,No,no,Is the number of residential buildings equal to the number of roads?,3.53,3.68,9.52,55.8,1.89,0.0148,0.9445,0.0145,5676,1931,388,129,0.0039,7,30.855,4096
720,Qwen2.5-VL-3B,,106.71,72.87,179.58,0.194,122,2,124,1,No,no,Is there a circular commercial building?,3.48,3.64,9.40,55.4,0.94,0.0077,0.4708,0.0076,5677,1930,388,123,0.0038,7,30.855,4096
721,Qwen2.5-VL-3B,,117.34,212.60,329.94,0.344,124,4,128,0,100,36,What is the amount of farmlands?,3.92,4.26,10.12,56.1,3.03,0.0244,0.7576,0.0237,5677,1930,388,129,0.0039,7,30.855,4096
722,Qwen2.5-VL-3B,,106.08,72.88,178.96,0.193,124,2,126,0,0,12,What is the amount of small water areas?,4.25,4.46,10.76,55.8,1.08,0.0087,0.5384,0.0085,5677,1930,388,125,0.0038,7,30.855,4096
723,Qwen2.5-VL-3B,,116.86,72.90,189.76,0.204,125,2,127,0,0,334,What is the number of buildings in the image?,4.25,4.34,10.70,55.9,2.14,0.0171,1.0680,0.0168,5677,1930,388,126,0.0038,7,30.855,4096
724,Qwen2.5-VL-3B,,106.09,72.89,178.97,0.193,124,2,126,0,0,1,What is the number of medium water areas?,3.94,4.11,10.15,55.6,1.02,0.0082,0.5081,0.0081,5677,1930,388,125,0.0038,7,30.855,4096
725,Qwen2.5-VL-3B,,105.78,144.50,250.28,0.264,123,3,126,0,10,31,What is the number of small forests?,4.04,4.18,10.38,55.9,2.07,0.0168,0.6908,0.0164,5677,1930,388,126,0.0038,7,30.855,4096
726,Qwen2.5-VL-3B,,106.35,72.92,179.27,0.193,120,2,122,1,Yes,yes,Is a forest present?,4.26,4.42,10.79,56.0,1.08,0.0090,0.5404,0.0089,5677,1930,388,121,0.0037,7,30.855,4096
727,Qwen2.5-VL-3B,,106.29,72.89,179.18,0.193,121,2,123,1,Yes,yes,Is there a rectangular building?,4.24,4.30,10.74,56.1,1.07,0.0089,0.5375,0.0087,5677,1930,388,122,0.0037,7,30.855,4096
728,Qwen2.5-VL-3B,,117.36,72.89,190.24,0.205,124,2,126,1,Yes,yes,Are there more water areas than commercial buildings?,4.33,4.38,10.83,56.1,2.16,0.0174,1.0809,0.0172,5677,1930,388,125,0.0038,7,30.855,4096
729,Qwen2.5-VL-3B,,117.40,72.91,190.31,0.204,124,2,126,0,0,1,What is the amount of large water areas?,4.00,4.18,10.27,55.9,2.04,0.0164,1.0192,0.0162,5677,1930,388,125,0.0038,7,30.855,4096
730,Qwen2.5-VL-3B,,117.95,72.90,190.86,0.205,126,2,128,0,No,yes,Are there more residential buildings than roads in the image?,3.78,3.92,9.87,55.8,1.96,0.0156,0.9799,0.0153,5677,1930,388,127,0.0039,7,30.855,4096
731,Qwen2.5-VL-3B,,117.06,72.93,189.99,0.204,126,2,128,0,Yes,no,Are there more grass areas than buildings in the image?,3.64,3.76,9.72,55.9,1.93,0.0153,0.9644,0.0151,5677,1930,388,127,0.0039,7,30.855,4096
732,Qwen2.5-VL-3B,,106.38,72.91,179.29,0.193,123,2,125,1,No,no,Are there more large roads than forests?,3.48,3.60,9.52,55.5,0.95,0.0078,0.4768,0.0076,5677,1930,388,124,0.0038,7,30.855,4096
733,Qwen2.5-VL-3B,,118.72,72.86,191.58,0.206,129,2,131,1,No,no,Is the number of residential buildings equal to the number of water areas?,3.82,3.99,10.01,56.2,2.00,0.0155,1.0002,0.0153,5677,1930,388,130,0.0040,7,30.855,4096
734,Qwen2.5-VL-3B,,117.39,72.89,190.29,0.204,124,2,126,1,No,no,Are there less residential buildings than water areas?,3.77,3.92,9.83,56.1,1.95,0.0157,0.9759,0.0155,5677,1930,388,125,0.0038,7,30.855,4096
735,Qwen2.5-VL-3B,,118.49,72.95,191.43,0.205,128,2,130,1,No,no,Is the number of commercial buildings equal to the number of roads?,3.65,3.76,9.62,56.2,1.91,0.0149,0.9535,0.0147,5677,1930,388,129,0.0039,7,30.855,4096
736,Qwen2.5-VL-3B,,106.26,72.88,179.13,0.193,121,2,123,1,Yes,yes,Is a orchard present?,3.56,3.72,9.46,55.4,0.95,0.0078,0.4738,0.0077,5677,1930,388,122,0.0037,7,30.855,4096
737,Qwen2.5-VL-3B,,106.65,72.87,179.52,0.193,122,2,124,1,Yes,yes,Is there a small residential building?,3.72,3.72,9.88,56.1,0.99,0.0081,0.4946,0.0080,5677,1930,388,123,0.0038,7,30.855,4096
738,Qwen2.5-VL-3B,,117.07,72.85,189.92,0.204,123,2,125,1,0,0,What is the number of circular buildings?,4.02,4.15,10.40,56.0,2.08,0.0169,1.0380,0.0166,5677,1930,388,124,0.0038,7,30.855,4096
739,Qwen2.5-VL-3B,,106.09,72.97,179.06,0.193,124,2,126,0,0,4,What is the number of rectangular water areas?,3.79,3.99,10.04,55.6,1.01,0.0081,0.5026,0.0080,5677,1930,388,125,0.0038,7,30.855,4096
740,Qwen2.5-VL-3B,,106.62,72.83,179.45,0.193,124,2,126,0,0,1,What is the amount of medium residential buildings?,3.86,3.88,10.18,55.9,1.02,0.0082,0.5095,0.0081,5677,1930,388,125,0.0038,7,30.855,4096
741,Qwen2.5-VL-3B,,133.24,72.85,206.10,0.220,131,2,133,1,No,no,Is the number of forests equal to the number of residential buildings in the image?,4.09,4.19,10.58,55.9,2.12,0.0161,1.0578,0.0159,5677,1930,388,132,0.0040,7,30.855,4096
742,Qwen2.5-VL-3B,,106.30,72.90,179.21,0.193,121,2,123,1,Yes,yes,Is a farmland present?,3.99,4.22,10.41,55.6,1.04,0.0086,0.5210,0.0085,5677,1930,388,122,0.0037,7,30.855,4096
743,Qwen2.5-VL-3B,,118.67,72.88,191.55,0.206,130,2,132,1,No,no,Is the number of residential buildings equal to the number of circular grass areas?,4.06,4.18,10.45,55.9,2.09,0.0161,1.0436,0.0158,5677,1930,388,131,0.0040,7,30.855,4096
744,Qwen2.5-VL-3B,,117.96,72.88,190.84,0.205,126,2,128,0,1,330,How many small residential buildings are there in the image?,3.85,4.07,10.13,56.2,2.01,0.0159,1.0037,0.0157,5677,1930,388,127,0.0039,7,30.855,4096
745,Qwen2.5-VL-3B,,118.75,72.89,191.64,0.206,129,2,131,1,No,no,Is the number of residential buildings equal to the number of orchards?,3.66,3.84,9.85,56.2,1.95,0.0151,0.9763,0.0149,5677,1930,388,130,0.0040,7,30.855,4096
746,Qwen2.5-VL-3B,,117.58,72.84,190.41,0.204,126,2,128,1,Yes,yes,Is there a water area next to a  forest?,3.60,3.76,9.62,56.1,1.90,0.0151,0.9525,0.0149,5677,1930,388,127,0.0039,7,30.855,4096
747,Qwen2.5-VL-3B,,117.17,72.91,190.08,0.204,123,2,125,0,1,193,What is the number of small roads?,3.59,3.72,9.55,56.0,1.89,0.0154,0.9466,0.0151,5677,1930,388,124,0.0038,7,30.855,4096
748,Qwen2.5-VL-3B,,106.33,72.96,179.29,0.193,123,2,125,1,0,0,What is the amount of medium roads?,3.46,3.64,9.44,55.5,0.95,0.0077,0.4728,0.0076,5677,1930,388,124,0.0038,7,30.855,4096
749,Qwen2.5-VL-3B,,117.29,72.87,190.16,0.204,124,2,126,0,No,yes,Are there less water areas than residential buildings?,3.74,3.92,9.89,56.0,1.98,0.0159,0.9882,0.0157,5677,1930,388,125,0.0038,7,30.855,4096
750,Qwen2.5-VL-3B,,118.02,72.93,190.95,0.205,126,2,128,0,0,3,How many circular water areas are there in the image?,3.72,3.92,9.87,55.8,1.95,0.0155,0.9774,0.0153,5677,1930,388,127,0.0039,7,30.855,4096
751,Qwen2.5-VL-3B,,117.04,72.96,190.00,0.204,123,2,125,0,0,9,What is the amount of residential areas?,3.61,3.80,9.69,55.8,1.92,0.0156,0.9605,0.0154,5677,1930,388,124,0.0038,7,30.855,4096
752,Qwen2.5-VL-3B,,116.87,72.91,189.77,0.203,122,2,124,0,No,yes,Is there a medium water area?,3.55,3.68,9.63,55.8,1.91,0.0156,0.9545,0.0154,5677,1930,388,123,0.0038,7,30.855,4096
753,Qwen2.5-VL-3B,,117.40,72.89,190.30,0.204,124,2,126,1,Yes,yes,Are there less water areas than rectangular buildings?,3.55,3.68,9.51,55.8,1.89,0.0152,0.9426,0.0150,5677,1930,388,125,0.0038,7,30.855,4096
754,Qwen2.5-VL-3B,,106.65,72.85,179.50,0.193,121,2,123,1,No,no,Is there a large building?,3.50,3.68,9.38,55.7,0.94,0.0078,0.4698,0.0076,5677,1930,388,122,0.0037,7,30.855,4096
755,Qwen2.5-VL-3B,,117.04,72.84,189.88,0.204,123,2,125,0,Yes,no,Are there more large forests than buildings?,3.77,3.96,9.85,56.2,1.97,0.0160,0.9839,0.0157,5677,1930,388,124,0.0038,7,30.855,4096
756,Qwen2.5-VL-3B,,106.33,72.87,179.20,0.193,122,2,124,0,No,yes,Are there less forests than roads?,3.70,3.92,9.75,55.5,0.98,0.0080,0.4883,0.0079,5678,1929,388,123,0.0038,7,30.855,4096
757,Qwen2.5-VL-3B,,106.72,72.91,179.63,0.194,123,2,125,0,No,yes,Are there more rectangular buildings than forests?,3.82,3.84,9.96,56.1,1.00,0.0081,0.4986,0.0080,5678,1929,388,124,0.0038,7,30.855,4096
758,Qwen2.5-VL-3B,,118.71,72.85,191.56,0.206,129,2,131,1,No,no,Is the number of water areas equal to the number of residential buildings?,4.07,4.19,10.48,56.1,2.09,0.0162,1.0470,0.0160,5678,1929,388,130,0.0040,7,30.855,4096
759,Qwen2.5-VL-3B,,117.00,72.74,189.74,0.204,123,2,125,1,Yes,yes,Are there less roads than residential buildings?,3.90,4.19,10.15,56.0,2.01,0.0163,1.0047,0.0161,5678,1929,388,124,0.0038,7,30.855,4096
760,Qwen2.5-VL-3B,,117.10,72.77,189.87,0.204,123,2,125,0,1,14,What is the amount of rectangular forests?,3.66,3.88,9.85,55.9,1.95,0.0159,0.9754,0.0156,5678,1929,388,124,0.0038,7,30.855,4096
761,Qwen2.5-VL-3B,,118.21,72.91,191.11,0.205,127,2,129,0,No,yes,Is a commercial building next to a  water area present?,3.60,3.80,9.62,55.9,1.90,0.0150,0.9515,0.0148,5678,1929,388,128,0.0039,7,30.855,4096
762,Qwen2.5-VL-3B,,117.16,72.88,190.04,0.204,123,2,125,1,0,0,What is the amount of large buildings?,3.57,3.76,9.55,55.8,1.89,0.0154,0.9456,0.0151,5678,1929,388,124,0.0038,7,30.855,4096
763,Qwen2.5-VL-3B,,117.67,72.91,190.58,0.204,125,2,127,1,Yes,yes,Is there a medium residential building in the image?,3.55,3.72,9.54,56.1,1.89,0.0151,0.9446,0.0149,5678,1929,388,126,0.0038,7,30.855,4096
764,Qwen2.5-VL-3B,,106.09,72.88,178.97,0.193,122,2,124,0,Yes,no,Is there a circular grass area?,3.52,3.72,9.46,55.4,0.95,0.0078,0.4738,0.0076,5678,1929,388,123,0.0038,7,30.855,4096
765,Qwen2.5-VL-3B,,118.13,72.86,190.99,0.205,128,2,130,1,No,no,Is the number of roads equal to the number of water areas?,3.76,3.96,9.92,56.1,1.98,0.0155,0.9903,0.0152,5678,1929,388,129,0.0039,7,30.855,4096
766,Qwen2.5-VL-3B,,133.30,72.87,206.17,0.220,131,2,133,0,0,1,What is the number of commercial buildings at the bottom of a  water area?,3.73,3.96,9.86,55.8,1.95,0.0149,0.9769,0.0147,5678,1929,388,132,0.0040,7,30.855,4096
767,Qwen2.5-VL-3B,,106.67,72.88,179.55,0.194,121,2,123,1,Yes,yes,Is a small forest present?,3.72,3.92,9.88,55.9,0.99,0.0082,0.4946,0.0080,5678,1929,388,122,0.0037,7,30.855,4096
768,Qwen2.5-VL-3B,,117.01,72.95,189.97,0.204,123,2,125,1,0,0,How many medium commercial buildings are there?,3.88,4.03,10.20,56.0,2.04,0.0166,1.0191,0.0163,5678,1929,388,124,0.0038,7,30.855,4096
769,Qwen2.5-VL-3B,,106.07,72.86,178.93,0.193,122,2,124,1,1,1,How many medium buildings are there?,3.78,3.99,9.99,55.6,1.00,0.0082,0.5002,0.0081,5678,1929,388,123,0.0038,7,30.855,4096
770,Qwen2.5-VL-3B,,118.44,72.80,191.24,0.205,128,2,130,1,No,no,Is the number of residential buildings equal to the number of forests?,3.93,4.07,10.15,55.9,2.03,0.0158,1.0137,0.0156,5678,1929,388,129,0.0039,7,30.855,4096
771,Qwen2.5-VL-3B,,117.15,72.90,190.05,0.204,123,2,125,1,0,0,How many circular commercial buildings are there?,3.84,4.07,9.94,55.8,1.97,0.0160,0.9849,0.0158,5678,1929,388,124,0.0038,7,30.855,4096
772,Qwen2.5-VL-3B,,117.59,72.89,190.47,0.204,125,2,127,0,No,yes,Are there less medium residential buildings than water areas?,3.65,3.84,9.73,55.8,1.93,0.0154,0.9644,0.0152,5678,1929,388,126,0.0038,7,30.855,4096
773,Qwen2.5-VL-3B,,106.58,72.85,179.42,0.193,124,2,126,1,Yes,yes,Are there less water areas than grass areas?,3.52,3.72,9.56,55.4,0.96,0.0077,0.4787,0.0076,5678,1929,388,125,0.0038,7,30.855,4096
774,Qwen2.5-VL-3B,,116.99,72.88,189.86,0.204,123,2,125,1,0,0,What is the number of circular roads?,3.74,3.92,9.97,55.9,1.99,0.0162,0.9962,0.0159,5678,1929,388,124,0.0038,7,30.855,4096
775,Qwen2.5-VL-3B,,117.31,72.82,190.13,0.204,124,2,126,1,No,no,Is there a large road in the image?,3.70,3.92,9.93,55.9,1.97,0.0159,0.9833,0.0156,5678,1929,388,125,0.0038,7,30.855,4096
776,Qwen2.5-VL-3B,,106.61,72.82,179.43,0.193,122,2,124,0,No,yes,Is a square water area present?,3.54,3.76,9.66,55.7,0.97,0.0079,0.4837,0.0078,5678,1929,388,123,0.0038,7,30.855,4096
777,Qwen2.5-VL-3B,,117.99,72.83,190.82,0.205,126,2,128,1,No,no,Are there more water areas than forests in the image?,3.76,3.96,10.04,56.2,2.01,0.0159,1.0032,0.0157,5678,1929,388,127,0.0039,7,30.855,4096
778,Qwen2.5-VL-3B,,133.78,72.84,206.62,0.221,133,2,135,1,No,no,Is the number of farmlands equal to the number of commercial buildings in the image?,3.73,3.96,9.91,55.9,1.96,0.0148,0.9813,0.0145,5678,1929,388,134,0.0041,7,30.855,4096
779,Qwen2.5-VL-3B,,117.43,72.88,190.31,0.204,124,2,126,0,0,1,What is the number of small commercial buildings?,3.73,3.92,9.93,56.1,1.97,0.0159,0.9843,0.0156,5678,1929,388,125,0.0038,7,30.855,4096
780,Qwen2.5-VL-3B,,117.66,72.92,190.59,0.204,125,2,127,1,Yes,yes,Are there less commercial buildings than farmlands?,3.60,3.76,9.71,55.8,1.92,0.0154,0.9624,0.0152,5678,1929,388,126,0.0038,7,30.855,4096
781,Qwen2.5-VL-3B,,106.57,72.86,179.43,0.193,124,2,126,1,No,no,Are there less orchards than commercial buildings?,3.50,3.68,9.52,55.4,0.95,0.0077,0.4767,0.0076,5678,1929,388,125,0.0038,7,30.855,4096
782,Qwen2.5-VL-3B,,118.48,72.87,191.35,0.206,128,2,130,1,No,no,Is the number of water areas equal to the number of buildings?,3.74,3.92,10.03,55.8,2.00,0.0157,1.0021,0.0154,5678,1929,388,129,0.0039,7,30.855,4096
783,Qwen2.5-VL-3B,,117.32,72.85,190.17,0.204,124,2,126,0,No,yes,Are there less grass areas than residential buildings?,3.72,3.92,9.97,55.9,1.98,0.0159,0.9882,0.0157,5678,1929,388,125,0.0038,7,30.855,4096
784,Qwen2.5-VL-3B,,117.29,212.61,329.90,0.344,124,4,128,0,100,0,What is the amount of square grass areas?,3.71,4.03,9.94,56.0,2.95,0.0238,0.7380,0.0231,5678,1929,388,129,0.0039,7,30.855,4096
785,Qwen2.5-VL-3B,,116.90,72.96,189.86,0.204,122,2,124,1,No,no,Is there a square commercial building?,4.10,4.30,10.60,56.3,2.10,0.0172,1.0520,0.0170,5678,1929,388,123,0.0038,7,30.855,4096
786,Qwen2.5-VL-3B,,134.82,72.91,207.74,0.222,137,2,139,1,No,no,Is the number of commercial buildings at the bottom of a  farmland equal to the number of water areas?,3.82,3.96,9.97,55.8,1.98,0.0145,0.9899,0.0142,5678,1929,388,138,0.0042,7,30.855,4096
787,Qwen2.5-VL-3B,,118.24,72.89,191.13,0.205,128,2,130,0,No,yes,Is a water area on the right of a  building present?,3.82,3.92,9.89,56.0,1.96,0.0153,0.9823,0.0151,5678,1929,388,129,0.0039,7,30.855,4096
788,Qwen2.5-VL-3B,,118.40,72.92,191.32,0.205,129,2,131,0,Yes,no,Is there a forest on the left of the  small commercial building?,3.68,3.84,9.67,55.9,1.92,0.0149,0.9604,0.0147,5678,1929,388,130,0.0040,7,30.855,4096
789,Qwen2.5-VL-3B,,117.35,72.94,190.28,0.204,124,2,126,0,Yes,no,Are there more farmlands than roads?,3.61,3.76,9.59,56.0,1.91,0.0154,0.9525,0.0151,5678,1929,388,125,0.0038,7,30.855,4096
790,Qwen2.5-VL-3B,,106.34,72.87,179.21,0.193,123,2,125,1,Yes,yes,Are there more forests than square buildings?,3.50,3.60,9.38,55.4,0.94,0.0076,0.4698,0.0075,5678,1929,388,124,0.0038,7,30.855,4096
791,Qwen2.5-VL-3B,,106.61,72.77,179.38,0.193,121,2,123,1,No,no,Is a square forest present?,3.74,3.76,9.82,55.9,0.98,0.0081,0.4916,0.0080,5678,1929,388,122,0.0037,7,30.855,4096
792,Qwen2.5-VL-3B,,117.35,72.83,190.18,0.205,124,2,126,0,Yes,no,Are there less roads than medium residential buildings?,4.07,4.19,10.39,55.9,2.08,0.0167,1.0383,0.0165,5678,1929,388,125,0.0038,7,30.855,4096
793,Qwen2.5-VL-3B,,106.67,72.88,179.54,0.193,121,2,123,1,Yes,yes,Is there a small road?,3.82,3.99,9.97,55.8,1.00,0.0083,0.4992,0.0081,5678,1929,388,122,0.0037,7,30.855,4096
794,Qwen2.5-VL-3B,,117.63,72.92,190.55,0.205,125,2,127,1,No,no,Are there more circular water areas than residential buildings?,4.02,4.15,10.22,56.1,2.04,0.0163,1.0204,0.0161,5678,1929,388,126,0.0038,7,30.855,4096
795,Qwen2.5-VL-3B,,106.36,72.87,179.22,0.193,120,2,122,0,No,yes,Is there a parking?,3.78,3.96,9.91,55.9,0.99,0.0083,0.4962,0.0081,5678,1929,388,121,0.0037,7,30.855,4096
796,Qwen2.5-VL-3B,,132.91,72.93,205.84,0.220,130,2,132,0,0,14,What is the amount of water areas at the bottom of a  road?,3.97,4.11,10.22,56.3,2.04,0.0157,1.0211,0.0155,5678,1929,388,131,0.0040,7,30.855,4096
797,Qwen2.5-VL-3B,,106.55,72.87,179.42,0.193,124,2,126,1,0,0,What is the number of square commercial buildings?,3.92,4.11,10.13,55.7,1.01,0.0082,0.5071,0.0080,5678,1929,388,125,0.0038,7,30.855,4096
798,Qwen2.5-VL-3B,,106.05,72.86,178.91,0.193,124,2,126,1,0,0,What is the number of large commercial buildings?,3.99,3.99,10.24,56.3,1.03,0.0083,0.5125,0.0081,5678,1929,388,125,0.0038,7,30.855,4096
799,Qwen2.5-VL-3B,,117.04,72.88,189.92,0.204,123,2,125,0,Yes,no,Are there less residential buildings than forests?,4.21,4.30,10.55,56.1,2.11,0.0171,1.0531,0.0169,5678,1929,388,124,0.0038,7,30.855,4096
800,Qwen2.5-VL-3B,,592.50,73.17,665.67,0.690,124,2,126,1,Urban,urban,Is it a rural or an urban area,4.20,4.62,10.63,56.1,6.37,0.0514,3.1846,0.0505,5678,1929,388,125,0.0038,8,35.217,4096
801,Qwen2.5-VL-3B,,106.29,72.93,179.22,0.194,121,2,123,1,Yes,yes,Is a commercial building present?,4.62,4.74,11.17,56.2,1.12,0.0092,0.5593,0.0091,5685,1922,388,122,0.0037,8,35.217,4096
802,Qwen2.5-VL-3B,,117.10,72.85,189.96,0.205,123,2,125,0,0,24,What is the amount of water areas?,4.51,4.58,11.16,56.2,2.23,0.0181,1.1126,0.0178,5685,1922,388,124,0.0038,8,35.217,4096
803,Qwen2.5-VL-3B,,106.69,72.91,179.59,0.194,121,2,123,1,Yes,yes,Is there a grass area?,3.97,4.11,10.33,55.7,1.03,0.0085,0.5171,0.0084,5685,1922,388,122,0.0037,8,35.217,4096
804,Qwen2.5-VL-3B,,116.84,212.66,329.50,0.344,122,4,126,0,100,3329,What is the number of buildings?,4.21,4.46,10.77,56.6,3.22,0.0264,0.8053,0.0256,5685,1922,388,127,0.0039,8,35.217,4096
805,Qwen2.5-VL-3B,,117.18,144.47,261.65,0.276,126,3,129,0,10,156,What is the amount of commercial buildings in the image?,4.32,4.46,10.92,56.3,2.17,0.0173,0.7245,0.0168,5685,1922,388,129,0.0039,8,35.217,4096
806,Qwen2.5-VL-3B,,106.66,72.85,179.51,0.194,121,2,123,1,Yes,yes,Is there a water area?,4.38,4.54,11.03,56.3,1.10,0.0091,0.5523,0.0090,5685,1922,388,122,0.0037,8,35.217,4096
807,Qwen2.5-VL-3B,,117.14,72.90,190.04,0.205,123,2,125,1,Yes,yes,Are there more buildings than water areas?,4.37,4.46,11.00,56.2,2.20,0.0178,1.0977,0.0176,5685,1922,388,124,0.0038,8,35.217,4096
808,Qwen2.5-VL-3B,,106.77,72.96,179.73,0.195,120,2,122,1,Yes,yes,Is there a road?,3.93,4.07,10.19,55.9,1.02,0.0085,0.5101,0.0084,5685,1922,388,121,0.0037,8,35.217,4096
809,Qwen2.5-VL-3B,,117.33,144.50,261.83,0.277,124,3,127,0,10,661,How many roads are there in the image?,4.10,4.19,10.52,56.1,2.10,0.0169,0.7001,0.0165,5685,1922,388,127,0.0039,8,35.217,4096
810,Qwen2.5-VL-3B,,117.66,72.92,190.58,0.205,125,2,127,1,Yes,yes,Are there more farmlands than water areas?,4.31,4.46,10.89,56.3,2.17,0.0173,1.0839,0.0171,5685,1922,388,126,0.0038,8,35.217,4096
811,Qwen2.5-VL-3B,,106.61,72.87,179.48,0.194,121,2,123,0,No,yes,Is a circular road present?,3.90,4.07,10.13,55.7,1.01,0.0084,0.5071,0.0082,5685,1922,388,122,0.0037,8,35.217,4096
812,Qwen2.5-VL-3B,,117.11,72.89,190.00,0.205,123,2,125,1,Yes,yes,Are there more residential buildings than forests?,4.02,4.15,10.33,56.1,2.06,0.0168,1.0303,0.0165,5685,1922,388,124,0.0038,8,35.217,4096
813,Qwen2.5-VL-3B,,106.67,72.88,179.55,0.194,121,2,123,1,Yes,yes,Is a residential building present?,3.78,3.96,9.99,55.9,1.00,0.0083,0.5002,0.0081,5685,1922,388,122,0.0037,8,35.217,4096
814,Qwen2.5-VL-3B,,116.87,144.28,261.15,0.276,122,3,125,0,10,237,How many grass areas are there?,3.94,4.07,10.31,56.2,2.06,0.0169,0.6864,0.0165,5685,1922,388,125,0.0038,8,35.217,4096
815,Qwen2.5-VL-3B,,106.30,72.87,179.18,0.194,120,2,122,1,Yes,yes,Is there a building?,4.21,4.34,10.74,56.3,1.07,0.0090,0.5375,0.0088,5685,1922,388,121,0.0037,8,35.217,4096
816,Qwen2.5-VL-3B,,117.39,144.48,261.87,0.277,124,3,127,0,10,37,What is the amount of medium commercial buildings?,4.24,4.30,10.74,56.2,2.14,0.0173,0.7146,0.0169,5685,1922,388,127,0.0039,8,35.217,4096
817,Qwen2.5-VL-3B,,116.87,72.91,189.78,0.205,122,2,124,1,Yes,yes,Is there a medium orchard?,4.37,4.54,10.99,56.4,2.19,0.0179,1.0938,0.0176,5685,1922,388,123,0.0038,8,35.217,4096
818,Qwen2.5-VL-3B,,116.84,280.47,397.31,0.412,122,5,127,0,1000,3088,How many residential buildings are there?,4.12,4.50,10.62,56.3,4.21,0.0345,0.8411,0.0331,5685,1922,388,129,0.0039,8,35.217,4096
819,Qwen2.5-VL-3B,,106.66,72.92,179.57,0.194,121,2,123,1,Yes,yes,Is a farmland present?,4.13,4.38,10.60,55.8,1.06,0.0088,0.5305,0.0086,5685,1922,388,122,0.0037,8,35.217,4096
820,Qwen2.5-VL-3B,,117.26,72.89,190.15,0.205,124,2,126,0,1,16,What is the amount of small water areas?,4.09,4.18,10.47,56.0,2.09,0.0169,1.0452,0.0166,5685,1922,388,125,0.0038,8,35.217,4096
821,Qwen2.5-VL-3B,,106.23,72.90,179.13,0.194,120,2,122,1,Yes,yes,Is a forest present?,3.85,4.11,10.17,55.9,1.02,0.0085,0.5091,0.0083,5685,1922,388,121,0.0037,8,35.217,4096
822,Qwen2.5-VL-3B,,106.61,72.86,179.47,0.194,122,2,124,1,Yes,yes,Is there a rectangular commercial building?,3.90,3.92,10.13,55.9,1.01,0.0083,0.5072,0.0082,5685,1922,388,123,0.0038,8,35.217,4096
823,Qwen2.5-VL-3B,,117.92,72.85,190.77,0.205,127,2,129,1,No,no,Is the number of roads equal to the number of buildings?,4.10,4.19,10.54,56.2,2.11,0.0166,1.0531,0.0163,5685,1922,388,128,0.0039,8,35.217,4096
824,Qwen2.5-VL-3B,,117.12,279.38,396.50,0.411,123,5,128,0,1000,661,What is the amount of small roads?,4.12,4.54,10.50,56.3,4.15,0.0338,0.8308,0.0325,5685,1922,388,130,0.0040,8,35.217,4096
825,Qwen2.5-VL-3B,,117.33,72.51,189.84,0.205,124,2,126,1,No,no,Are there less residential buildings than water areas?,4.12,4.46,10.54,56.1,2.09,0.0168,1.0433,0.0166,5686,1921,388,125,0.0038,8,35.217,4096
826,Qwen2.5-VL-3B,,116.88,72.42,189.30,0.204,122,2,124,0,1,0,How many rectangular roads are there?,3.84,4.11,9.94,56.0,1.97,0.0161,0.9839,0.0159,5686,1921,388,123,0.0038,8,35.217,4096
827,Qwen2.5-VL-3B,,117.36,143.62,260.98,0.276,124,3,127,0,10,72,What is the number of farmlands?,3.66,3.88,9.69,55.9,1.92,0.0155,0.6396,0.0151,5686,1921,388,127,0.0039,8,35.217,4096
828,Qwen2.5-VL-3B,,117.11,72.83,189.94,0.205,123,2,125,1,Yes,yes,Are there more forests than water areas?,4.02,4.11,10.22,56.1,2.03,0.0165,1.0174,0.0163,5686,1921,388,124,0.0038,8,35.217,4096
829,Qwen2.5-VL-3B,,117.62,72.86,190.47,0.206,125,2,127,1,Yes,yes,Is there a small commercial building in the image?,3.84,4.11,9.95,56.1,1.97,0.0158,0.9848,0.0155,5686,1921,388,126,0.0038,8,35.217,4096
830,Qwen2.5-VL-3B,,116.85,72.89,189.74,0.204,122,2,124,0,1,149,What is the number of forests?,3.65,3.88,9.71,55.9,1.92,0.0157,0.9606,0.0155,5686,1921,388,123,0.0038,8,35.217,4096
831,Qwen2.5-VL-3B,,117.10,72.90,190.00,0.204,123,2,125,1,Yes,yes,Are there less medium roads than roads?,3.57,3.80,9.58,56.1,1.89,0.0154,0.9466,0.0151,5686,1921,388,124,0.0038,8,35.217,4096
832,Qwen2.5-VL-3B,,117.12,72.86,189.98,0.205,123,2,125,1,0,0,What is the amount of circular roads?,3.52,3.72,9.58,56.0,1.90,0.0154,0.9476,0.0152,5686,1921,388,124,0.0038,8,35.217,4096
833,Qwen2.5-VL-3B,,117.35,72.92,190.26,0.205,124,2,126,1,No,no,Are there less buildings than square water areas?,3.52,3.72,9.54,56.1,1.89,0.0152,0.9436,0.0150,5686,1921,388,125,0.0038,8,35.217,4096
834,Qwen2.5-VL-3B,,116.80,72.86,189.66,0.204,122,2,124,1,Yes,yes,Is a square residential building present?,3.55,3.72,9.48,56.0,1.88,0.0154,0.9386,0.0151,5686,1921,388,123,0.0038,8,35.217,4096
835,Qwen2.5-VL-3B,,117.94,72.88,190.83,0.205,126,2,128,0,Yes,no,Are there less residential buildings than forests in the image?,3.55,3.72,9.44,56.1,1.87,0.0148,0.9346,0.0146,5686,1921,388,127,0.0039,8,35.217,4096
836,Qwen2.5-VL-3B,,118.73,72.91,191.64,0.206,129,2,131,1,No,no,Is the number of commercial buildings equal to the number of water areas?,3.55,3.72,9.46,56.1,1.87,0.0145,0.9356,0.0143,5686,1921,388,130,0.0040,8,35.217,4096
837,Qwen2.5-VL-3B,,117.35,144.51,261.86,0.277,124,3,127,0,10,80,What is the number of rectangular grass areas?,3.52,3.72,9.47,55.8,1.87,0.0151,0.6244,0.0147,5686,1921,388,127,0.0039,8,35.217,4096
838,Qwen2.5-VL-3B,,117.12,72.86,189.97,0.205,123,2,125,0,1,6,How many medium water areas are there?,3.94,4.03,10.14,56.4,2.02,0.0164,1.0097,0.0162,5686,1921,388,124,0.0038,8,35.217,4096
839,Qwen2.5-VL-3B,,116.89,72.87,189.76,0.205,122,2,124,1,Yes,yes,Are there more buildings than roads?,3.81,4.07,9.87,56.2,1.95,0.0160,0.9769,0.0158,5686,1921,388,123,0.0038,8,35.217,4096
840,Qwen2.5-VL-3B,,106.31,72.85,179.16,0.193,120,2,122,0,No,yes,Is a parking present?,3.62,3.88,9.60,55.7,0.96,0.0080,0.4808,0.0079,5686,1921,388,121,0.0037,8,35.217,4096
841,Qwen2.5-VL-3B,,117.14,72.90,190.04,0.205,123,2,125,1,Yes,yes,Are there more residential buildings than roads?,3.78,3.96,9.88,56.2,1.97,0.0160,0.9863,0.0158,5686,1921,388,124,0.0038,8,35.217,4096
842,Qwen2.5-VL-3B,,117.16,73.01,190.17,0.205,123,2,125,0,0,25,What is the number of parkings?,3.74,4.03,9.89,56.0,1.96,0.0159,0.9785,0.0157,5686,1921,388,124,0.0038,8,35.217,4096
843,Qwen2.5-VL-3B,,118.47,72.86,191.33,0.206,128,2,130,0,Yes,no,Are there more farmlands than commercial buildings in the image?,3.63,3.88,9.65,55.9,1.91,0.0149,0.9545,0.0147,5686,1921,388,129,0.0039,8,35.217,4096
844,Qwen2.5-VL-3B,,106.68,72.88,179.56,0.194,123,2,125,0,Yes,no,Are there less residential buildings than roads?,3.54,3.80,9.58,55.8,0.96,0.0078,0.4797,0.0077,5686,1921,388,124,0.0038,8,35.217,4096
845,Qwen2.5-VL-3B,,116.79,72.89,189.68,0.204,122,2,124,1,Yes,yes,Is a circular grass area present?,3.73,3.92,9.92,56.0,1.98,0.0163,0.9922,0.0160,5686,1921,388,123,0.0038,8,35.217,4096
846,Qwen2.5-VL-3B,,117.37,72.76,190.13,0.205,124,2,126,1,No,no,Are there more water areas than residential buildings?,3.70,3.99,9.85,55.8,1.95,0.0157,0.9739,0.0155,5686,1921,388,125,0.0038,8,35.217,4096
847,Qwen2.5-VL-3B,,116.76,72.86,189.62,0.204,122,2,124,1,Yes,yes,Is a small residential building present?,3.59,3.84,9.68,55.9,1.91,0.0157,0.9575,0.0154,5686,1921,388,123,0.0038,8,35.217,4096
848,Qwen2.5-VL-3B,,117.37,72.86,190.22,0.204,124,2,126,0,No,yes,Are there less wetlands than water areas?,3.51,3.76,9.60,56.2,1.90,0.0153,0.9495,0.0151,5686,1921,388,125,0.0038,8,35.217,4096
849,Qwen2.5-VL-3B,,117.23,72.91,190.14,0.205,125,2,127,0,No,yes,Are there more water areas than square residential buildings?,3.49,3.72,9.56,56.2,1.89,0.0151,0.9456,0.0149,5686,1921,388,126,0.0038,8,35.217,4096
850,Qwen2.5-VL-3B,,106.64,72.83,179.47,0.194,124,2,126,1,No,no,Are there more square roads than residential buildings?,3.46,3.72,9.56,55.7,0.96,0.0077,0.4788,0.0076,5686,1921,388,125,0.0038,8,35.217,4096
851,Qwen2.5-VL-3B,,106.68,72.90,179.58,0.194,123,2,125,1,No,no,Are there less roads than grass areas?,3.60,3.68,9.76,56.1,0.98,0.0079,0.4887,0.0078,5686,1921,388,124,0.0038,8,35.217,4096
852,Qwen2.5-VL-3B,,118.70,72.87,191.57,0.206,129,2,131,1,No,no,Is the number of circular residential buildings equal to the number of roads?,3.99,4.11,10.32,56.1,2.07,0.0160,1.0327,0.0158,5686,1921,388,130,0.0040,8,35.217,4096
853,Qwen2.5-VL-3B,,106.70,72.88,179.58,0.195,122,2,124,1,Yes,yes,Is there a rectangular water area?,3.94,4.27,10.15,55.8,1.02,0.0083,0.5081,0.0082,5686,1921,388,123,0.0038,8,35.217,4096
854,Qwen2.5-VL-3B,,133.83,72.91,206.74,0.222,133,2,135,0,2,1,How many small place of worships on the left of a  commercial building are there?,3.92,4.03,10.18,56.0,2.04,0.0154,1.0211,0.0151,5686,1921,388,134,0.0041,8,35.217,4096
855,Qwen2.5-VL-3B,,117.03,72.84,189.86,0.205,123,2,125,1,Yes,yes,Are there more buildings than parkings?,3.98,4.31,10.22,56.3,2.03,0.0165,1.0126,0.0162,5686,1921,388,124,0.0038,8,35.217,4096
856,Qwen2.5-VL-3B,,106.62,72.81,179.44,0.194,124,2,126,1,Yes,yes,Are there more commercial buildings than parkings?,3.74,4.03,9.94,55.7,1.00,0.0080,0.4976,0.0079,5686,1921,388,125,0.0038,8,35.217,4096
857,Qwen2.5-VL-3B,,117.10,144.53,261.62,0.277,123,3,126,0,10,6,What is the number of orchards?,3.81,3.96,10.01,55.9,2.00,0.0163,0.6681,0.0159,5686,1921,388,126,0.0038,8,35.217,4096
858,Qwen2.5-VL-3B,,116.89,72.95,189.84,0.204,122,2,124,0,1,0,How many large roads are there?,4.15,4.22,10.56,56.1,2.11,0.0173,1.0560,0.0170,5686,1921,388,123,0.0038,8,35.217,4096
859,Qwen2.5-VL-3B,,117.16,72.90,190.06,0.205,123,2,125,1,Yes,yes,Are there more roads than water areas?,3.93,4.34,10.23,56.1,2.03,0.0165,1.0127,0.0162,5686,1921,388,124,0.0038,8,35.217,4096
860,Qwen2.5-VL-3B,,118.51,72.87,191.38,0.206,128,2,130,1,No,no,Is the number of buildings equal to the number of square roads?,3.74,4.11,9.85,56.0,1.95,0.0152,0.9749,0.0150,5686,1921,388,129,0.0039,8,35.217,4096
861,Qwen2.5-VL-3B,,117.46,72.87,190.33,0.206,125,2,127,0,No,yes,Is there a circular residential building in the image?,3.62,3.96,9.67,56.0,1.91,0.0153,0.9564,0.0151,5686,1921,388,126,0.0038,8,35.217,4096
862,Qwen2.5-VL-3B,,117.39,72.91,190.31,0.205,124,2,126,0,1,12,What is the amount of medium parkings?,3.60,3.92,9.62,56.0,1.90,0.0153,0.9516,0.0151,5686,1921,388,125,0.0038,8,35.217,4096
863,Qwen2.5-VL-3B,,118.55,72.87,191.42,0.206,128,2,130,1,No,no,Is the number of roads equal to the number of residential buildings?,3.56,3.88,9.60,55.9,1.90,0.0148,0.9504,0.0146,5686,1921,388,129,0.0039,8,35.217,4096
864,Qwen2.5-VL-3B,,116.79,72.92,189.71,0.205,122,2,124,0,1,39,How many large forests are there?,3.57,3.88,9.54,56.0,1.89,0.0155,0.9436,0.0152,5686,1921,388,123,0.0038,8,35.217,4096
865,Qwen2.5-VL-3B,,118.48,72.94,191.42,0.206,128,2,130,1,No,no,Is the number of commercial buildings equal to the number of forests?,3.53,3.84,9.51,56.0,1.88,0.0147,0.9406,0.0145,5686,1921,388,129,0.0039,8,35.217,4096
866,Qwen2.5-VL-3B,,117.43,72.95,190.38,0.205,128,2,130,1,No,no,Is the number of buildings equal to the number of grass areas?,3.56,3.88,9.55,56.0,1.89,0.0148,0.9446,0.0145,5686,1921,388,129,0.0039,8,35.217,4096
867,Qwen2.5-VL-3B,,106.73,72.97,179.70,0.194,122,2,124,1,Yes,yes,Is a large residential building present?,3.54,3.84,9.56,56.1,0.96,0.0078,0.4788,0.0077,5686,1921,388,123,0.0038,8,35.217,4096
868,Qwen2.5-VL-3B,,116.79,72.88,189.66,0.204,122,2,124,0,Yes,no,Are there more forests than roads?,3.76,3.84,9.92,55.9,1.98,0.0163,0.9923,0.0160,5686,1921,388,123,0.0038,8,35.217,4096
869,Qwen2.5-VL-3B,,117.38,212.58,329.96,0.344,124,4,128,0,100,104,What is the amount of small commercial buildings?,3.65,3.99,9.72,56.0,2.90,0.0234,0.7260,0.0227,5686,1921,388,129,0.0039,8,35.217,4096
870,Qwen2.5-VL-3B,,117.11,72.84,189.94,0.205,123,2,125,1,No,no,Are there less roads than water areas?,4.12,4.34,10.50,56.2,2.09,0.0170,1.0438,0.0167,5686,1921,388,124,0.0038,8,35.217,4096
871,Qwen2.5-VL-3B,,118.20,72.89,191.10,0.206,127,2,129,1,No,no,Is the number of forests equal to the number of buildings?,3.85,4.18,10.06,55.8,1.99,0.0157,0.9958,0.0154,5686,1921,388,128,0.0039,8,35.217,4096
872,Qwen2.5-VL-3B,,117.16,72.84,190.00,0.205,123,2,125,0,Yes,no,Are there more commercial buildings than roads?,3.68,3.99,9.83,55.8,1.94,0.0158,0.9724,0.0156,5686,1921,388,124,0.0038,8,35.217,4096
873,Qwen2.5-VL-3B,,118.71,72.89,191.61,0.206,129,2,131,1,No,no,Is the number of roads equal to the number of large water areas?,3.60,3.88,9.62,55.8,1.90,0.0148,0.9515,0.0145,5686,1921,388,130,0.0040,8,35.217,4096
874,Qwen2.5-VL-3B,,117.09,72.90,189.99,0.205,123,2,125,1,No,no,Are there more water areas than buildings?,3.56,3.84,9.62,55.8,1.90,0.0155,0.9515,0.0152,5686,1921,388,124,0.0038,8,35.217,4096
875,Qwen2.5-VL-3B,,116.91,72.86,189.77,0.204,124,2,126,0,Yes,no,Are there less residential buildings than grass areas?,3.56,3.84,9.54,55.9,1.89,0.0152,0.9436,0.0150,5686,1921,388,125,0.0038,8,35.217,4096
876,Qwen2.5-VL-3B,,116.92,72.85,189.77,0.205,122,2,124,1,Yes,yes,Is a large commercial building present?,3.52,3.80,9.47,55.9,1.87,0.0154,0.9366,0.0151,5686,1921,388,123,0.0038,8,35.217,4096
877,Qwen2.5-VL-3B,,117.12,72.94,190.06,0.205,123,2,125,0,1,0,What is the number of circular forests?,3.49,3.76,9.52,55.9,1.88,0.0153,0.9416,0.0151,5686,1921,388,124,0.0038,8,35.217,4096
878,Qwen2.5-VL-3B,,118.75,72.79,191.54,0.207,129,2,131,0,No,yes,Is there a water area at the top of a  residential building?,3.49,3.76,9.55,55.9,1.89,0.0146,0.9446,0.0144,5686,1921,388,130,0.0040,8,35.217,4096
879,Qwen2.5-VL-3B,,117.05,212.55,329.60,0.344,123,4,127,0,100,77,What is the amount of medium buildings?,3.60,3.88,9.72,56.0,2.88,0.0234,0.7201,0.0227,5686,1921,388,128,0.0039,8,35.217,4096
880,Qwen2.5-VL-3B,,106.66,73.01,179.67,0.194,121,2,123,0,Yes,no,Is a rectangular road present?,4.01,4.22,10.43,56.2,1.04,0.0086,0.5220,0.0085,5686,1921,388,122,0.0037,8,35.217,4096
881,Qwen2.5-VL-3B,,117.96,72.85,190.81,0.206,126,2,128,1,Yes,yes,Are there less forests than commercial buildings in the image?,4.05,4.15,10.48,55.9,2.10,0.0166,1.0484,0.0164,5686,1921,388,127,0.0039,8,35.217,4096
882,Qwen2.5-VL-3B,,116.89,72.90,189.79,0.205,122,2,124,1,Yes,yes,Is a place of worship present?,3.91,4.22,10.18,56.2,2.02,0.0165,1.0077,0.0163,5686,1921,388,123,0.0038,8,35.217,4096
883,Qwen2.5-VL-3B,,133.29,72.89,206.18,0.221,132,2,134,1,No,no,Is the number of grass areas equal to the number of residential buildings in the image?,3.69,3.99,9.84,56.2,1.95,0.0147,0.9734,0.0145,5686,1921,388,133,0.0041,8,35.217,4096
884,Qwen2.5-VL-3B,,117.40,72.84,190.24,0.205,128,2,130,1,No,no,Is the number of water areas equal to the number of buildings?,3.77,4.03,9.82,56.2,1.94,0.0152,0.9720,0.0150,5686,1921,388,129,0.0039,8,35.217,4096
885,Qwen2.5-VL-3B,,117.44,212.66,330.11,0.345,124,4,128,0,100,52,What is the amount of small grass areas?,3.77,4.07,9.77,56.2,2.90,0.0234,0.7251,0.0227,5686,1921,388,129,0.0039,8,35.217,4096
886,Qwen2.5-VL-3B,,117.12,72.85,189.97,0.205,123,2,125,1,Yes,yes,Are there less water areas than buildings?,4.14,4.38,10.45,56.3,2.07,0.0168,1.0363,0.0166,5686,1921,388,124,0.0038,8,35.217,4096
887,Qwen2.5-VL-3B,,116.92,72.89,189.81,0.204,122,2,124,1,Yes,yes,Is a large residential area present?,3.79,3.99,9.97,56.0,1.98,0.0162,0.9878,0.0159,5686,1921,388,123,0.0038,8,35.217,4096
888,Qwen2.5-VL-3B,,117.12,72.84,189.96,0.205,125,2,127,1,Yes,yes,Is a rectangular farmland present in the image?,3.66,3.84,9.67,56.0,1.92,0.0153,0.9585,0.0151,5686,1921,388,126,0.0038,8,35.217,4096
889,Qwen2.5-VL-3B,,117.39,280.36,397.75,0.413,124,5,129,0,1000,3043,What is the amount of small residential buildings?,3.81,4.38,10.05,56.1,3.98,0.0321,0.7970,0.0309,5686,1921,388,131,0.0040,8,35.217,4096
890,Qwen2.5-VL-3B,,116.80,72.85,189.65,0.204,122,2,124,0,1,48,How many rectangular forests are there?,3.99,4.22,10.37,55.9,2.06,0.0169,1.0291,0.0166,5686,1921,388,123,0.0038,8,35.217,4096
891,Qwen2.5-VL-3B,,132.86,72.93,205.79,0.221,130,2,132,1,No,no,Is the number of circular water areas equal to the number of commercial buildings?,3.72,3.88,9.92,55.9,1.97,0.0151,0.9843,0.0149,5686,1921,388,131,0.0040,8,35.217,4096
892,Qwen2.5-VL-3B,,106.59,72.86,179.45,0.194,122,2,124,1,Yes,yes,Is there a large grass area?,3.68,3.84,9.80,55.9,0.98,0.0080,0.4907,0.0079,5686,1921,388,123,0.0038,8,35.217,4096
893,Qwen2.5-VL-3B,,117.40,72.82,190.22,0.205,124,2,126,1,No,no,Are there less small buildings than water areas?,3.90,4.07,10.18,56.2,2.03,0.0164,1.0171,0.0161,5686,1921,388,125,0.0038,8,35.217,4096
894,Qwen2.5-VL-3B,,116.90,72.92,189.81,0.204,122,2,124,0,No,yes,Is a large water area present?,3.80,3.96,9.91,56.1,1.97,0.0161,0.9838,0.0159,5686,1921,388,123,0.0038,8,35.217,4096
895,Qwen2.5-VL-3B,,117.38,72.87,190.24,0.205,124,2,126,1,No,no,Are there more large forests than commercial buildings?,3.65,3.76,9.64,56.1,1.91,0.0154,0.9565,0.0152,5686,1921,388,125,0.0038,8,35.217,4096
896,Qwen2.5-VL-3B,,118.16,72.88,191.04,0.206,127,2,129,1,0,0,What is the amount of circular commercial buildings in the image?,3.60,3.72,9.52,56.1,1.89,0.0149,0.9446,0.0146,5686,1921,388,128,0.0039,8,35.217,4096
897,Qwen2.5-VL-3B,,105.81,144.42,250.22,0.265,123,3,126,0,10,7,What is the amount of residential areas?,3.55,3.68,9.52,56.0,1.89,0.0153,0.6290,0.0150,5686,1921,388,126,0.0038,8,35.217,4096
898,Qwen2.5-VL-3B,,133.32,72.92,206.25,0.221,131,2,133,1,No,no,Is the number of commercial buildings equal to the number of roads in the image?,3.97,4.03,10.31,56.2,2.05,0.0157,1.0266,0.0154,5686,1921,388,132,0.0040,8,35.217,4096
899,Qwen2.5-VL-3B,,106.69,72.94,179.63,0.195,122,2,124,1,Yes,yes,Is a medium residential building present?,3.86,3.99,10.07,55.7,1.01,0.0083,0.5042,0.0081,5686,1921,388,123,0.0038,8,35.217,4096
900,Qwen2.5-VL-3B,,592.63,144.57,737.20,0.764,124,3,127,1,Rural,rural,Is it a rural or an urban area,4.40,4.78,10.92,56.5,7.65,0.0617,2.5515,0.0603,5686,1921,388,127,0.0039,9,39.545,4096
901,Qwen2.5-VL-3B,,106.38,72.88,179.26,0.194,121,2,123,0,No,yes,Is a residential building present?,4.58,4.70,11.25,56.3,1.13,0.0093,0.5633,0.0092,5689,1918,388,122,0.0037,9,39.545,4096
902,Qwen2.5-VL-3B,,117.09,144.42,261.50,0.276,123,3,126,0,50,172,What is the amount of grass areas?,4.58,4.66,11.20,56.6,2.23,0.0182,0.7444,0.0177,5689,1918,388,126,0.0038,9,39.545,4096
903,Qwen2.5-VL-3B,,118.43,72.85,191.28,0.205,128,2,130,1,Yes,yes,Is a building at the bottom of a  grass area present?,4.53,4.62,11.16,56.6,2.22,0.0174,1.1106,0.0171,5689,1918,388,129,0.0039,9,39.545,4096
904,Qwen2.5-VL-3B,,106.08,72.86,178.93,0.193,121,2,123,1,Yes,yes,Is a water area present?,3.96,4.03,10.21,55.8,1.02,0.0084,0.5111,0.0083,5689,1918,388,122,0.0037,9,39.545,4096
905,Qwen2.5-VL-3B,,106.69,72.87,179.56,0.194,121,2,123,0,1,147,How many roads are there?,4.11,4.15,10.46,56.5,1.05,0.0087,0.5236,0.0085,5689,1918,388,122,0.0037,9,39.545,4096
906,Qwen2.5-VL-3B,,106.61,72.88,179.49,0.194,121,2,123,0,No,yes,Is there a commercial building?,4.25,4.30,10.72,56.2,1.07,0.0089,0.5365,0.0087,5689,1918,388,122,0.0037,9,39.545,4096
907,Qwen2.5-VL-3B,,116.94,72.89,189.83,0.204,123,2,125,1,0,0,How many circular residential buildings are there?,4.32,4.38,10.96,56.3,2.19,0.0178,1.0928,0.0175,5689,1918,388,124,0.0038,9,39.545,4096
908,Qwen2.5-VL-3B,,117.08,72.87,189.94,0.204,123,2,125,0,0,1,What is the amount of circular forests?,3.94,4.07,10.27,56.1,2.05,0.0166,1.0226,0.0164,5689,1918,388,124,0.0038,9,39.545,4096
909,Qwen2.5-VL-3B,,117.17,73.04,190.21,0.204,123,2,125,1,Yes,yes,Is a road present in the image?,3.73,3.92,9.87,56.1,1.96,0.0160,0.9813,0.0157,5689,1918,388,124,0.0038,9,39.545,4096
910,Qwen2.5-VL-3B,,106.66,72.94,179.61,0.194,122,2,124,1,Yes,yes,Is there a small commercial building?,3.52,3.56,9.56,55.8,0.96,0.0078,0.4788,0.0077,5689,1918,388,123,0.0038,9,39.545,4096
911,Qwen2.5-VL-3B,,116.83,72.80,189.62,0.204,122,2,124,0,0,263,What is the amount of buildings?,3.90,4.07,10.26,56.3,2.05,0.0168,1.0230,0.0165,5690,1917,388,123,0.0038,9,39.545,4096
912,Qwen2.5-VL-3B,,116.85,72.97,189.83,0.204,122,2,124,1,No,no,Is there a circular commercial building?,3.70,3.88,9.99,56.2,1.99,0.0163,0.9932,0.0160,5690,1917,388,123,0.0038,9,39.545,4096
913,Qwen2.5-VL-3B,,117.13,72.88,190.01,0.204,123,2,125,0,0,5,What is the amount of commercial buildings?,3.62,3.84,9.76,56.3,1.94,0.0158,0.9714,0.0155,5690,1917,388,124,0.0038,9,39.545,4096
914,Qwen2.5-VL-3B,,106.32,72.92,179.23,0.193,120,2,122,0,No,yes,Is a building present?,3.48,3.52,9.44,56.0,0.95,0.0079,0.4728,0.0078,5690,1917,388,121,0.0037,9,39.545,4096
915,Qwen2.5-VL-3B,,117.32,72.83,190.16,0.205,124,2,126,0,Yes,no,Are there more residential areas than residential buildings?,3.89,4.07,10.22,56.4,2.04,0.0164,1.0186,0.0162,5690,1917,388,125,0.0038,9,39.545,4096
916,Qwen2.5-VL-3B,,106.68,72.94,179.61,0.194,121,2,123,1,Yes,yes,Is a grass area present?,3.62,3.68,9.88,55.8,0.99,0.0082,0.4946,0.0080,5690,1917,388,122,0.0037,9,39.545,4096
917,Qwen2.5-VL-3B,,117.35,212.68,330.04,0.344,124,4,128,0,100,71,What is the amount of farmlands?,4.08,4.42,10.57,56.3,3.16,0.0255,0.7895,0.0247,5690,1917,388,129,0.0039,9,39.545,4096
918,Qwen2.5-VL-3B,,106.68,72.87,179.54,0.193,121,2,123,0,Yes,no,Is a square road present?,4.21,4.30,10.78,55.9,1.08,0.0089,0.5394,0.0088,5690,1917,388,122,0.0037,9,39.545,4096
919,Qwen2.5-VL-3B,,105.74,72.81,178.54,0.193,121,2,123,1,No,no,Is a square building present?,4.28,4.34,10.81,56.2,1.08,0.0089,0.5415,0.0088,5690,1917,388,122,0.0037,9,39.545,4096
920,Qwen2.5-VL-3B,,118.71,72.88,191.59,0.206,130,2,132,1,Yes,yes,Is there a residential building at the bottom of a  circular water area?,4.36,4.42,10.97,56.2,2.19,0.0168,1.0938,0.0166,5690,1917,388,131,0.0040,9,39.545,4096
921,Qwen2.5-VL-3B,,117.09,72.93,190.02,0.204,123,2,125,0,Yes,no,Are there less buildings than grass areas?,3.94,4.07,10.28,56.5,2.05,0.0166,1.0236,0.0164,5690,1917,388,124,0.0038,9,39.545,4096
922,Qwen2.5-VL-3B,,116.85,144.40,261.26,0.275,122,3,125,0,10,174,What is the number of forests?,3.74,3.92,9.85,56.5,1.96,0.0161,0.6535,0.0157,5690,1917,388,125,0.0038,9,39.545,4096
923,Qwen2.5-VL-3B,,116.87,72.91,189.78,0.204,122,2,124,0,0,251,How many residential buildings are there?,4.10,4.18,10.56,56.5,2.10,0.0172,1.0500,0.0169,5690,1917,388,123,0.0038,9,39.545,4096
924,Qwen2.5-VL-3B,,117.14,72.89,190.02,0.204,123,2,125,0,1,0,What is the number of rectangular roads?,3.78,3.96,10.01,56.4,1.99,0.0162,0.9962,0.0159,5690,1917,388,124,0.0038,9,39.545,4096
925,Qwen2.5-VL-3B,,106.31,72.87,179.17,0.193,120,2,122,1,Yes,yes,Is a forest present?,3.56,3.60,9.56,55.9,0.96,0.0080,0.4787,0.0078,5689,1918,388,121,0.0037,9,39.545,4096
926,Qwen2.5-VL-3B,,117.39,72.90,190.29,0.204,124,2,126,0,Yes,no,Are there more grass areas than residential buildings?,3.92,4.07,10.29,56.4,2.05,0.0165,1.0260,0.0163,5689,1918,388,125,0.0038,9,39.545,4096
927,Qwen2.5-VL-3B,,132.89,72.92,205.81,0.220,132,2,134,1,Yes,yes,Are there less water areas at the bottom of a  large building than grass areas?,3.74,3.92,9.92,56.2,1.97,0.0150,0.9873,0.0147,5689,1918,388,133,0.0041,9,39.545,4096
928,Qwen2.5-VL-3B,,116.87,72.85,189.72,0.204,122,2,124,0,2,26,How many water areas are there?,3.77,3.96,9.92,56.1,1.97,0.0162,0.9873,0.0159,5690,1917,388,123,0.0038,9,39.545,4096
929,Qwen2.5-VL-3B,,118.24,72.92,191.16,0.205,127,2,129,1,No,no,Is the number of roads equal to the number of buildings?,3.64,3.84,9.76,56.1,1.94,0.0153,0.9714,0.0151,5690,1917,388,128,0.0039,9,39.545,4096
930,Qwen2.5-VL-3B,,117.09,72.88,189.97,0.204,123,2,125,1,Yes,yes,Are there less roads than grass areas?,3.59,3.84,9.64,56.0,1.92,0.0156,0.9604,0.0154,5690,1917,388,124,0.0038,9,39.545,4096
931,Qwen2.5-VL-3B,,118.23,72.93,191.16,0.205,127,2,129,1,No,no,Is the number of roads equal to the number of forests?,3.56,3.80,9.56,56.3,1.90,0.0150,0.9525,0.0148,5690,1917,388,128,0.0039,9,39.545,4096
932,Qwen2.5-VL-3B,,117.42,72.92,190.34,0.204,124,2,126,1,Yes,yes,Are there less small commercial buildings than forests?,3.53,3.76,9.56,56.3,1.90,0.0153,0.9515,0.0151,5690,1917,388,125,0.0038,9,39.545,4096
933,Qwen2.5-VL-3B,,116.87,72.91,189.78,0.204,122,2,124,0,2,147,How many small roads are there?,3.51,3.76,9.63,56.3,1.92,0.0157,0.9585,0.0155,5690,1917,388,123,0.0038,9,39.545,4096
934,Qwen2.5-VL-3B,,117.14,72.95,190.10,0.204,123,2,125,0,No,yes,Are there more residential buildings than roads?,3.51,3.76,9.59,56.2,1.91,0.0155,0.9555,0.0153,5690,1917,388,124,0.0038,9,39.545,4096
935,Qwen2.5-VL-3B,,116.77,72.85,189.62,0.204,124,2,126,1,Yes,yes,Are there less commercial buildings than small roads?,3.49,3.76,9.58,56.1,1.91,0.0154,0.9534,0.0151,5690,1917,388,125,0.0038,9,39.545,4096
936,Qwen2.5-VL-3B,,106.60,72.77,179.38,0.193,121,2,123,1,Yes,yes,Is there a farmland?,3.36,3.40,9.36,55.7,0.94,0.0077,0.4688,0.0076,5690,1917,388,122,0.0037,9,39.545,4096
937,Qwen2.5-VL-3B,,105.68,72.86,178.54,0.193,121,2,123,1,No,no,Is there a circular road?,3.78,3.80,10.08,56.2,1.01,0.0083,0.5045,0.0082,5690,1917,388,122,0.0037,9,39.545,4096
938,Qwen2.5-VL-3B,,117.09,72.88,189.97,0.204,123,2,125,0,Yes,no,Are there less residential buildings than roads?,4.10,4.22,10.59,56.2,2.11,0.0172,1.0554,0.0169,5690,1917,388,124,0.0038,9,39.545,4096
939,Qwen2.5-VL-3B,,106.64,72.89,179.53,0.193,123,2,125,0,Yes,no,Are there more water areas than roads?,3.70,3.72,9.94,55.7,1.00,0.0081,0.4976,0.0080,5690,1917,388,124,0.0038,9,39.545,4096
940,Qwen2.5-VL-3B,,116.79,72.88,189.67,0.204,124,2,126,1,Yes,yes,Are there less commercial buildings than grass areas?,4.06,4.23,10.43,56.1,2.08,0.0168,1.0405,0.0165,5690,1917,388,125,0.0038,9,39.545,4096
941,Qwen2.5-VL-3B,,118.52,72.90,191.42,0.205,128,2,130,0,No,yes,Is a commercial building at the top of a  road present?,3.82,3.99,10.00,56.1,1.99,0.0156,0.9953,0.0153,5690,1917,388,129,0.0039,9,39.545,4096
942,Qwen2.5-VL-3B,,117.29,72.89,190.18,0.204,124,2,126,0,1,14,What is the amount of small water areas?,3.65,3.84,9.79,56.4,1.95,0.0157,0.9743,0.0155,5690,1917,388,125,0.0038,9,39.545,4096
943,Qwen2.5-VL-3B,,116.80,72.84,189.64,0.204,122,2,124,1,Yes,yes,Is there a large water area?,3.57,3.80,9.67,56.4,1.92,0.0158,0.9624,0.0155,5690,1917,388,123,0.0038,9,39.545,4096
944,Qwen2.5-VL-3B,,117.05,72.94,189.99,0.204,123,2,125,1,No,no,Are there more circular buildings than roads?,3.55,3.80,9.60,56.4,1.91,0.0156,0.9565,0.0153,5690,1917,388,124,0.0038,9,39.545,4096
945,Qwen2.5-VL-3B,,118.75,73.12,191.87,0.205,129,2,131,1,No,no,Is the number of water areas equal to the number of grass areas?,3.55,3.84,9.56,56.1,1.90,0.0148,0.9523,0.0145,5690,1917,388,130,0.0040,9,39.545,4096
946,Qwen2.5-VL-3B,,117.34,72.88,190.22,0.204,124,2,126,1,0,0,What is the number of large commercial buildings?,3.56,3.84,9.60,56.1,1.91,0.0154,0.9565,0.0152,5685,1922,388,125,0.0038,9,39.545,4096
947,Qwen2.5-VL-3B,,117.36,72.78,190.14,0.204,124,2,126,1,Yes,yes,Are there less commercial buildings than water areas?,3.56,3.80,9.59,56.0,1.91,0.0154,0.9545,0.0152,5685,1922,388,125,0.0038,9,39.545,4096
948,Qwen2.5-VL-3B,,116.78,72.82,189.60,0.204,122,2,124,1,Yes,yes,Is there a small water area?,3.55,3.84,9.58,56.0,1.91,0.0156,0.9545,0.0154,5685,1922,388,123,0.0038,9,39.545,4096
949,Qwen2.5-VL-3B,,117.04,72.80,189.83,0.204,123,2,125,1,Yes,yes,Are there less commercial buildings than roads?,3.59,3.88,9.54,56.1,1.90,0.0155,0.9511,0.0152,5686,1921,388,124,0.0038,9,39.545,4096
950,Qwen2.5-VL-3B,,117.19,72.84,190.03,0.204,126,2,128,1,No,no,Are there less roads than water areas in the image?,3.57,3.84,9.60,56.0,1.91,0.0152,0.9565,0.0149,5686,1921,388,127,0.0039,9,39.545,4096
951,Qwen2.5-VL-3B,,116.94,72.82,189.76,0.204,122,2,124,1,Yes,yes,Is a rectangular grass area present?,3.56,3.88,9.56,56.0,1.91,0.0156,0.9535,0.0154,5686,1921,388,123,0.0038,9,39.545,4096
952,Qwen2.5-VL-3B,,132.90,72.88,205.78,0.220,130,2,132,0,0,4,What is the amount of nature reserves at the top of a  building?,3.56,3.84,9.50,56.1,1.90,0.0146,0.9475,0.0144,5686,1921,388,131,0.0040,9,39.545,4096
953,Qwen2.5-VL-3B,,117.16,72.86,190.02,0.204,123,2,125,1,No,no,Are there more commercial buildings than forests?,3.55,3.60,9.46,55.9,1.90,0.0154,0.9485,0.0152,5686,1921,388,124,0.0038,9,39.545,4096
954,Qwen2.5-VL-3B,,117.43,72.88,190.31,0.205,124,2,126,0,0,150,What is the number of rectangular residential buildings?,3.43,3.56,9.26,56.0,1.85,0.0149,0.9247,0.0147,5686,1921,388,125,0.0038,9,39.545,4096
955,Qwen2.5-VL-3B,,118.76,72.86,191.62,0.206,129,2,131,1,No,no,Is the number of commercial buildings equal to the number of circular roads?,3.37,3.48,9.28,55.9,1.86,0.0144,0.9276,0.0142,5686,1921,388,130,0.0040,9,39.545,4096
956,Qwen2.5-VL-3B,,117.69,72.90,190.59,0.205,125,2,127,0,Yes,no,Are there less residential buildings than farmlands?,3.39,3.52,9.28,55.9,1.86,0.0148,0.9277,0.0146,5686,1921,388,126,0.0038,9,39.545,4096
957,Qwen2.5-VL-3B,,117.18,72.97,190.14,0.205,123,2,125,0,0,3,How many medium commercial buildings are there?,3.41,3.48,9.31,55.7,1.87,0.0152,0.9345,0.0150,5686,1921,388,124,0.0038,9,39.545,4096
958,Qwen2.5-VL-3B,,117.12,72.87,189.99,0.204,123,2,125,0,0,242,What is the amount of small buildings?,3.35,3.48,9.22,55.7,1.84,0.0150,0.9207,0.0147,5686,1921,388,124,0.0038,9,39.545,4096
959,Qwen2.5-VL-3B,,106.61,72.91,179.52,0.193,121,2,123,1,Yes,yes,Is there a heath?,3.29,3.29,9.13,55.2,0.91,0.0076,0.4569,0.0074,5686,1921,388,122,0.0037,9,39.545,4096
960,Qwen2.5-VL-3B,,118.42,72.87,191.29,0.205,128,2,130,0,1,263,How many buildings on the left of a  road are there?,3.85,3.88,10.01,56.0,2.01,0.0157,1.0032,0.0154,5686,1921,388,129,0.0039,9,39.545,4096
961,Qwen2.5-VL-3B,,118.04,72.89,190.93,0.205,126,2,128,0,No,yes,Are there less grass areas than buildings in the image?,3.63,3.68,9.71,55.8,1.95,0.0155,0.9734,0.0152,5686,1921,388,127,0.0039,9,39.545,4096
962,Qwen2.5-VL-3B,,118.20,72.86,191.07,0.205,127,2,129,1,No,no,Is the number of forests equal to the number of roads?,3.51,3.56,9.50,55.9,1.90,0.0150,0.9525,0.0148,5686,1921,388,128,0.0039,9,39.545,4096
963,Qwen2.5-VL-3B,,117.14,72.91,190.05,0.204,123,2,125,1,Yes,yes,Are there less roads than residential buildings?,3.49,3.56,9.40,55.8,1.89,0.0153,0.9436,0.0151,5686,1921,388,124,0.0038,9,39.545,4096
964,Qwen2.5-VL-3B,,118.21,72.88,191.08,0.205,127,2,129,0,0,2,What is the number of large residential buildings in the image?,3.39,3.52,9.26,55.8,1.85,0.0146,0.9247,0.0143,5686,1921,388,128,0.0039,9,39.545,4096
965,Qwen2.5-VL-3B,,105.75,72.76,178.51,0.192,123,2,125,0,0,16,What is the number of medium buildings?,3.28,3.28,9.13,55.3,0.91,0.0074,0.4569,0.0073,5686,1921,388,124,0.0038,9,39.545,4096
966,Qwen2.5-VL-3B,,116.75,72.85,189.60,0.204,122,2,124,1,Yes,yes,Is a medium water area present?,3.81,3.84,10.03,56.0,2.01,0.0165,1.0042,0.0162,5686,1921,388,123,0.0038,9,39.545,4096
967,Qwen2.5-VL-3B,,117.14,72.86,190.00,0.204,123,2,125,0,Yes,no,Are there less buildings than water areas?,3.53,3.64,9.67,55.7,1.93,0.0157,0.9664,0.0155,5686,1921,388,124,0.0038,9,39.545,4096
968,Qwen2.5-VL-3B,,132.88,72.92,205.80,0.219,130,2,132,0,0,152,What is the number of forests at the top of a  large building?,3.47,3.60,9.43,55.6,1.89,0.0145,0.9425,0.0143,5686,1921,388,131,0.0040,9,39.545,4096
969,Qwen2.5-VL-3B,,106.12,72.77,178.89,0.193,124,2,126,0,0,2,What is the number of small commercial buildings?,3.68,3.92,9.74,56.3,0.98,0.0079,0.4877,0.0077,5686,1921,388,125,0.0038,9,39.545,4096
970,Qwen2.5-VL-3B,,117.05,72.84,189.89,0.203,123,2,125,0,No,yes,Are there more residential buildings than forests?,3.78,3.92,10.03,55.9,2.01,0.0164,1.0062,0.0161,5686,1921,388,124,0.0038,9,39.545,4096
971,Qwen2.5-VL-3B,,116.88,72.97,189.85,0.204,122,2,124,1,No,no,Is there a large commercial building?,3.77,4.15,10.07,56.0,1.99,0.0163,0.9968,0.0161,5686,1921,388,123,0.0038,9,39.545,4096
972,Qwen2.5-VL-3B,,134.19,72.84,207.03,0.221,135,2,137,1,No,no,Is the number of water areas at the top of a  forest equal to the number of roads?,3.68,3.99,9.73,56.3,1.93,0.0143,0.9631,0.0141,5686,1921,388,136,0.0042,9,39.545,4096
973,Qwen2.5-VL-3B,,118.08,72.89,190.97,0.205,132,2,134,1,No,no,Is the number of water areas equal to the number of commercial buildings in the image?,3.72,3.99,9.72,56.1,1.92,0.0146,0.9624,0.0144,5686,1921,388,133,0.0041,9,39.545,4096
974,Qwen2.5-VL-3B,,132.82,72.82,205.64,0.220,130,2,132,0,0,5,What is the amount of commercial buildings at the top of a  road?,3.61,3.92,9.58,55.9,1.90,0.0146,0.9476,0.0144,5687,1920,388,131,0.0040,9,39.545,4096
975,Qwen2.5-VL-3B,,118.15,72.74,190.89,0.204,127,2,129,1,No,no,Is the number of buildings equal to the number of roads?,3.66,3.96,9.76,56.0,1.93,0.0152,0.9655,0.0150,5687,1920,388,128,0.0039,9,39.545,4096
976,Qwen2.5-VL-3B,,117.34,72.92,190.26,0.204,128,2,130,1,No,no,Is the number of roads equal to the number of water areas?,3.61,3.88,9.62,55.9,1.90,0.0149,0.9505,0.0146,5687,1920,388,129,0.0039,9,39.545,4096
977,Qwen2.5-VL-3B,,117.39,72.83,190.22,0.204,124,2,126,0,Yes,no,Are there less buildings than small water areas?,3.53,3.76,9.58,55.9,1.89,0.0153,0.9466,0.0150,5687,1920,388,125,0.0038,9,39.545,4096
978,Qwen2.5-VL-3B,,116.83,72.77,189.60,0.204,124,2,126,0,No,yes,Are there more residential buildings than water areas?,3.52,3.72,9.56,56.2,1.89,0.0153,0.9455,0.0150,5687,1920,388,125,0.0038,9,39.545,4096
979,Qwen2.5-VL-3B,,116.82,72.89,189.71,0.204,122,2,124,1,0,0,How many square roads are there?,3.52,3.72,9.48,56.2,1.88,0.0154,0.9376,0.0151,5687,1920,388,123,0.0038,9,39.545,4096
980,Qwen2.5-VL-3B,,117.39,72.98,190.37,0.204,124,2,126,1,No,no,Are there less water areas than commercial buildings?,3.55,3.72,9.44,56.1,1.87,0.0151,0.9347,0.0148,5687,1920,388,125,0.0038,9,39.545,4096
981,Qwen2.5-VL-3B,,106.67,72.97,179.64,0.194,121,2,123,1,No,no,Is there a circular building?,3.50,3.72,9.46,55.5,0.95,0.0078,0.4738,0.0077,5687,1920,388,122,0.0037,9,39.545,4096
982,Qwen2.5-VL-3B,,117.98,72.92,190.90,0.205,126,2,128,0,Yes,no,Are there less buildings than rectangular roads in the image?,3.72,3.92,9.92,56.4,1.98,0.0157,0.9912,0.0155,5687,1920,388,127,0.0039,9,39.545,4096
983,Qwen2.5-VL-3B,,106.28,72.89,179.17,0.193,120,2,122,0,No,yes,Is a pitch present?,3.72,3.99,9.87,55.8,0.99,0.0082,0.4942,0.0081,5687,1920,388,121,0.0037,9,39.545,4096
984,Qwen2.5-VL-3B,,118.17,72.89,191.07,0.205,127,2,129,0,0,3,What is the amount of large residential areas in the image?,3.86,4.03,10.11,56.0,2.02,0.0159,1.0107,0.0157,5687,1920,388,128,0.0039,9,39.545,4096
985,Qwen2.5-VL-3B,,117.10,72.95,190.04,0.203,123,2,125,0,Yes,no,Are there less roads than commercial buildings?,3.78,4.07,9.98,56.0,1.97,0.0160,0.9869,0.0158,5687,1920,388,124,0.0038,9,39.545,4096
986,Qwen2.5-VL-3B,,116.86,72.88,189.74,0.204,124,2,126,0,No,yes,Are there more buildings than farmlands?,3.63,3.88,9.73,55.9,1.92,0.0155,0.9625,0.0153,5687,1920,388,125,0.0038,9,39.545,4096
987,Qwen2.5-VL-3B,,106.67,72.92,179.60,0.193,121,2,123,0,No,yes,Is there a large building?,3.54,3.80,9.60,55.6,0.96,0.0079,0.4808,0.0078,5687,1920,388,122,0.0037,9,39.545,4096
988,Qwen2.5-VL-3B,,118.01,72.89,190.90,0.205,127,2,129,1,Yes,yes,Is a water area next to a  residential building present?,3.73,3.92,9.91,56.2,1.98,0.0156,0.9893,0.0153,5687,1920,388,128,0.0039,9,39.545,4096
989,Qwen2.5-VL-3B,,117.48,72.92,190.40,0.204,124,2,126,0,1,0,What is the number of medium nature reserves?,3.72,3.99,9.88,56.0,1.95,0.0157,0.9763,0.0155,5687,1920,388,125,0.0038,9,39.545,4096
990,Qwen2.5-VL-3B,,116.92,72.83,189.75,0.204,122,2,124,1,No,no,Is a circular residential building present?,3.64,3.88,9.68,55.8,1.91,0.0157,0.9571,0.0154,5687,1920,388,123,0.0038,9,39.545,4096
991,Qwen2.5-VL-3B,,118.51,72.95,191.46,0.205,129,2,131,1,No,no,Is the number of residential buildings equal to the number of water areas?,3.57,3.80,9.60,56.0,1.90,0.0147,0.9496,0.0145,5687,1920,388,130,0.0040,9,39.545,4096
992,Qwen2.5-VL-3B,,117.43,144.57,262.00,0.276,124,3,127,0,10,56,What is the number of rectangular grass areas?,3.55,3.76,9.60,56.1,1.90,0.0153,0.6330,0.0150,5687,1920,388,127,0.0039,9,39.545,4096
993,Qwen2.5-VL-3B,,117.13,72.89,190.02,0.204,123,2,125,0,Yes,no,Are there more roads than residential buildings?,3.90,3.99,10.22,56.2,2.04,0.0166,1.0181,0.0163,5687,1920,388,124,0.0038,9,39.545,4096
994,Qwen2.5-VL-3B,,118.35,73.02,191.37,0.205,127,2,129,1,No,no,Is the number of forests equal to the number of buildings?,3.80,4.07,10.03,55.9,1.98,0.0156,0.9919,0.0154,5687,1920,388,128,0.0039,9,39.545,4096
995,Qwen2.5-VL-3B,,117.69,72.88,190.57,0.205,129,2,131,1,No,no,Is the number of commercial buildings equal to the number of grass areas?,3.69,3.96,9.80,55.8,1.94,0.0150,0.9694,0.0148,5687,1920,388,130,0.0040,9,39.545,4096
996,Qwen2.5-VL-3B,,117.65,72.93,190.58,0.204,125,2,127,1,Yes,yes,Are there less commercial buildings than farmlands?,3.60,3.84,9.67,55.9,1.91,0.0153,0.9555,0.0150,5687,1920,388,126,0.0038,9,39.545,4096
997,Qwen2.5-VL-3B,,106.67,72.91,179.57,0.194,121,2,123,1,Yes,yes,Is a small forest present?,3.54,3.80,9.48,55.6,0.95,0.0078,0.4748,0.0077,5687,1920,388,122,0.0037,9,39.545,4096
998,Qwen2.5-VL-3B,,117.35,72.83,190.19,0.205,124,2,126,1,No,no,Are there more commercial buildings than water areas?,3.76,3.96,9.80,56.2,1.96,0.0158,0.9793,0.0155,5687,1920,388,125,0.0038,9,39.545,4096
999,Qwen2.5-VL-3B,,117.41,72.88,190.28,0.204,124,2,126,0,1,2,What is the amount of circular water areas?,3.73,4.03,9.85,56.1,1.95,0.0157,0.9739,0.0155,5687,1920,388,125,0.0038,9,39.545,4096
