Question ID,Model,Model Load Time (s),Prefill Time (ms),Decode Time (ms),Total Compute Time (ms),Latency (s),Input Tokens,Output Tokens,Total Tokens,Correct,Model Response,Ground Truth,Question,Avg GPU+CPU Power (W),Max GPU+CPU Power (W),Avg Board Power (W),Max GPU Temp (C),Total Energy (J),Energy per Input Token (J),Energy per Output Token (J),Energy per Total Token (J),RAM Used (MB),RAM Free (MB),Swap Used (MB),KV Active Tokens,KV Active Ratio,Prompt Cache Entries,Prompt Cache Size (MB),Prompt Cache Limit (MB)
0,Qwen2.5-VL-3B,43.46,2663.67,207.91,2871.58,2.901,124,3,127,0,Rural,urban,Is it a rural or an urban area,1.92,4.55,7.18,50.2,20.05,0.1617,6.6828,0.1579,5255,2352,463,127,0.0039,0,0.000,4096
1,Qwen2.5-VL-3B,,715.66,73.43,789.09,0.811,121,2,123,1,Yes,yes,Is there a water area?,4.64,5.17,11.31,50.5,9.06,0.0749,4.5318,0.0737,5535,2072,470,37,0.0011,1,4.433,4096
2,Qwen2.5-VL-3B,,733.69,279.83,1013.52,1.034,122,5,127,0,1000,5524,What is the amount of buildings?,4.62,5.25,11.20,50.7,11.20,0.0918,2.2397,0.0882,5606,2001,471,129,0.0039,2,8.725,4096
3,Qwen2.5-VL-3B,,701.50,144.22,845.72,0.866,126,3,129,0,10,82,What is the number of commercial buildings in the image?,4.87,5.29,11.62,51.3,9.26,0.0735,3.0851,0.0717,5618,1989,471,129,0.0039,3,13.158,4096
4,Qwen2.5-VL-3B,,700.37,73.05,773.42,0.794,122,2,124,1,Yes,yes,Is there a small water area?,5.01,5.33,11.80,51.3,8.24,0.0676,4.1218,0.0665,5628,1979,471,38,0.0012,4,17.661,4096
5,Qwen2.5-VL-3B,,731.83,279.40,1011.23,1.032,123,5,128,0,1000,5380,What is the amount of residential buildings?,5.07,5.41,11.90,51.5,11.88,0.0966,2.3770,0.0929,5633,1974,471,130,0.0040,5,21.989,4096
6,Qwen2.5-VL-3B,,699.21,72.78,771.99,0.792,120,2,122,1,Yes,yes,Is a building present?,4.86,5.41,11.67,51.3,8.13,0.0677,4.0644,0.0666,5638,1969,486,38,0.0012,6,26.457,4096
7,Qwen2.5-VL-3B,,698.53,72.80,771.33,0.791,121,2,123,1,Yes,yes,Is there a residential building?,5.11,5.37,11.88,51.4,8.31,0.0687,4.1566,0.0676,5643,1964,486,36,0.0011,7,30.714,4096
8,Qwen2.5-VL-3B,,700.40,211.56,911.96,0.931,125,4,129,0,100,1064,What is the amount of roads in the image?,5.18,5.45,12.02,51.5,10.81,0.0865,2.7016,0.0838,5647,1960,486,130,0.0040,8,35.006,4096
9,Qwen2.5-VL-3B,,700.69,73.09,773.78,0.793,124,2,126,0,Yes,no,Are there more water areas than commercial buildings?,4.87,5.41,11.66,51.6,8.13,0.0656,4.0644,0.0645,5652,1955,486,41,0.0013,9,39.510,4096
10,Qwen2.5-VL-3B,,699.56,73.10,772.66,0.793,120,2,122,1,Yes,yes,Is there a road?,5.06,5.29,11.86,51.9,8.31,0.0692,4.1527,0.0681,5660,1947,486,35,0.0011,10,43.907,4096
11,Qwen2.5-VL-3B,,700.10,72.72,772.81,0.794,122,2,124,1,Yes,yes,Are there less roads than buildings?,5.12,5.41,11.94,52.1,8.35,0.0685,4.1769,0.0674,5664,1943,486,37,0.0011,11,48.164,4096
12,Qwen2.5-VL-3B,,701.02,72.84,773.86,0.794,124,2,126,1,Yes,yes,Is there a commercial building in the image?,5.09,5.37,11.95,52.0,8.37,0.0675,4.1838,0.0664,5673,1934,486,39,0.0012,12,52.492,4096
13,Qwen2.5-VL-3B,,699.80,211.69,911.49,0.932,123,4,127,0,100,258,What is the amount of grass areas?,5.34,5.57,12.09,52.0,10.88,0.0885,2.7212,0.0857,5677,1930,508,128,0.0039,13,56.890,4096
14,Qwen2.5-VL-3B,,699.58,72.73,772.31,0.792,122,2,124,1,Yes,yes,Are there more buildings than roads?,4.88,5.33,11.61,52.1,8.10,0.0664,4.0476,0.0653,5676,1931,545,39,0.0012,14,61.322,4096
15,Qwen2.5-VL-3B,,716.42,144.91,861.33,0.881,122,3,125,0,10,44,How many village greens are there?,5.07,5.41,11.84,52.1,9.46,0.0775,3.1532,0.0757,5679,1928,545,125,0.0038,15,65.650,4096
16,Qwen2.5-VL-3B,,700.30,73.04,773.34,0.793,123,2,125,1,Yes,yes,Are there less grass areas than buildings?,4.99,5.21,11.84,52.2,8.29,0.0674,4.1440,0.0663,5684,1923,545,39,0.0012,16,70.012,4096
17,Qwen2.5-VL-3B,,700.42,211.72,912.14,0.932,123,4,127,0,100,19,How many medium residential buildings are there?,5.19,5.41,11.96,52.7,10.75,0.0874,2.6886,0.0847,5692,1915,545,128,0.0039,17,74.375,4096
18,Qwen2.5-VL-3B,,708.70,72.74,781.44,0.801,125,2,127,1,Yes,yes,Is a circular grass area present in the image?,4.81,5.25,11.62,52.7,8.11,0.0648,4.0526,0.0638,5697,1910,545,42,0.0013,18,78.808,4096
19,Qwen2.5-VL-3B,,700.16,72.83,772.99,0.794,123,2,125,0,2,27,What is the amount of pitchs?,5.05,5.33,11.87,52.5,8.31,0.0675,4.1534,0.0665,5700,1907,545,38,0.0012,19,83.241,4096
20,Qwen2.5-VL-3B,,698.69,72.54,771.23,0.792,121,2,123,1,Yes,yes,Is there a village green?,5.12,5.41,11.94,52.7,8.36,0.0691,4.1814,0.0680,5709,1898,545,36,0.0011,20,87.603,4096
21,Qwen2.5-VL-3B,,700.20,73.13,773.33,0.794,125,2,127,1,Yes,yes,Is a large commercial building present in the image?,5.16,5.45,11.92,52.7,8.35,0.0668,4.1753,0.0658,5709,1898,549,40,0.0012,21,91.896,4096
22,Qwen2.5-VL-3B,,700.39,72.75,773.14,0.793,123,2,125,0,1,42,What is the number of water areas?,5.15,5.45,11.90,52.7,8.33,0.0677,4.1637,0.0666,5716,1891,549,38,0.0012,22,96.329,4096
23,Qwen2.5-VL-3B,,712.88,72.88,785.76,0.806,128,2,130,1,No,no,Is the number of buildings equal to the number of water areas?,5.18,5.41,11.93,53.2,9.54,0.0746,4.7715,0.0734,5719,1888,549,129,0.0039,23,100.691,4096
24,Qwen2.5-VL-3B,,699.07,72.76,771.83,0.791,121,2,123,1,Yes,yes,Is there a small road?,4.70,5.01,11.29,52.7,7.92,0.0654,3.9583,0.0644,5722,1885,549,36,0.0011,24,105.230,4096
25,Qwen2.5-VL-3B,,697.99,72.87,770.86,0.791,121,2,123,1,No,no,Is there a rectangular road?,5.08,5.29,11.79,53.1,8.25,0.0682,4.1260,0.0671,5727,1880,549,36,0.0011,25,109.522,4096
26,Qwen2.5-VL-3B,,700.01,212.73,912.74,0.933,122,4,126,0,100,1064,How many small roads are there?,5.19,5.41,11.96,53.2,10.75,0.0881,2.6880,0.0853,5734,1873,549,127,0.0039,26,113.814,4096
27,Qwen2.5-VL-3B,,712.43,72.84,785.27,0.805,129,2,131,1,No,no,Is the number of residential buildings equal to the number of medium roads?,4.90,5.25,11.62,53.4,9.28,0.0720,4.6425,0.0709,5739,1868,549,130,0.0040,27,118.212,4096
28,Qwen2.5-VL-3B,,700.37,72.71,773.08,0.793,124,2,126,1,Yes,yes,Are there more roads than rectangular water areas?,4.60,5.01,11.22,53.1,7.86,0.0634,3.9308,0.0624,5742,1865,549,39,0.0012,28,122.786,4096
29,Qwen2.5-VL-3B,,700.36,143.76,844.12,0.864,123,3,126,0,10,2,How many circular residential buildings are there?,5.09,5.37,11.88,53.2,9.51,0.0773,3.1696,0.0755,5748,1859,549,126,0.0038,29,127.183,4096
30,Qwen2.5-VL-3B,,699.17,73.15,772.32,0.792,121,2,123,1,Yes,yes,Is there a grass area?,5.05,5.37,11.85,53.3,8.28,0.0684,4.1398,0.0673,5755,1852,549,37,0.0011,30,131.581,4096
31,Qwen2.5-VL-3B,,756.05,349.11,1105.16,1.125,122,6,128,0,10000,117,What is the amount of forests?,5.00,5.41,11.79,53.2,12.94,0.1060,2.1559,0.1011,5764,1843,549,131,0.0040,31,135.873,4096
32,Qwen2.5-VL-3B,,700.28,212.08,912.36,0.933,123,4,127,0,100,19,How many rectangular commercial buildings are there?,4.98,5.37,11.85,53.7,10.63,0.0864,2.6580,0.0837,5765,1842,550,128,0.0039,32,140.341,4096
33,Qwen2.5-VL-3B,,699.21,72.69,771.90,0.791,120,2,122,1,Yes,yes,Is a forest present?,4.86,5.29,11.60,53.8,8.10,0.0675,4.0524,0.0664,5768,1839,552,37,0.0011,33,144.774,4096
34,Qwen2.5-VL-3B,,699.72,211.68,911.40,0.932,123,4,127,0,100,498,How many farmlands are there?,5.15,5.45,12.01,53.7,10.80,0.0878,2.7011,0.0851,5773,1834,552,128,0.0039,34,149.031,4096
35,Qwen2.5-VL-3B,,711.78,73.32,785.10,0.806,126,2,128,0,Yes,no,Are there less buildings than grass areas in the image?,4.94,5.44,11.69,53.7,9.31,0.0739,4.6556,0.0727,5780,1827,552,127,0.0039,35,153.464,4096
36,Qwen2.5-VL-3B,,700.28,73.24,773.52,0.794,122,2,124,1,Yes,yes,Is a rectangular water area present?,4.73,5.21,11.35,53.7,7.93,0.0650,3.9636,0.0639,5784,1823,555,37,0.0011,36,157.933,4096
37,Qwen2.5-VL-3B,,700.57,144.71,845.28,0.866,124,3,127,0,10,104,What is the number of small grass areas?,5.10,5.41,11.94,54.1,9.55,0.0770,3.1836,0.0752,5790,1817,555,127,0.0039,37,162.260,4096
38,Qwen2.5-VL-3B,,699.53,73.12,772.65,0.794,121,2,123,0,No,yes,Is there a circular parking?,5.06,5.41,11.86,54.1,8.29,0.0685,4.1469,0.0674,5793,1814,556,37,0.0011,38,166.693,4096
39,Qwen2.5-VL-3B,,700.52,73.15,773.67,0.794,123,2,125,1,Yes,yes,Are there less roads than residential buildings?,5.13,5.41,11.95,53.9,8.36,0.0680,4.1823,0.0669,5799,1808,556,38,0.0012,39,170.985,4096
40,Qwen2.5-VL-3B,,700.40,211.68,912.08,0.933,124,4,128,0,100,3,What is the amount of square grass areas?,5.22,5.45,12.05,54.1,10.83,0.0874,2.7080,0.0846,5805,1802,556,129,0.0039,40,175.348,4096
41,Qwen2.5-VL-3B,,700.56,73.03,773.59,0.794,123,2,125,0,Yes,no,Are there more commercial buildings than roads?,4.80,5.05,11.62,53.9,8.14,0.0662,4.0695,0.0651,5809,1798,556,40,0.0012,41,179.816,4096
42,Qwen2.5-VL-3B,,699.67,73.12,772.79,0.794,121,2,123,1,Yes,yes,Is a small building present?,5.09,5.33,11.90,53.9,8.34,0.0689,4.1677,0.0678,5815,1792,556,36,0.0011,42,184.178,4096
43,Qwen2.5-VL-3B,,699.56,72.89,772.45,0.793,120,2,122,1,Yes,yes,Is there a parking?,5.13,5.41,11.98,54.2,8.39,0.0699,4.1925,0.0687,5821,1786,556,35,0.0011,43,188.471,4096
44,Qwen2.5-VL-3B,,699.50,279.83,979.34,1.000,123,5,128,0,1000,2,How many large commercial buildings are there?,5.19,5.41,12.09,54.3,10.87,0.0884,2.1736,0.0849,5825,1782,556,130,0.0040,44,192.728,4096
45,Qwen2.5-VL-3B,,700.64,72.72,773.36,0.795,124,2,126,1,Yes,yes,Are there more commercial buildings than residential areas?,5.12,5.36,12.20,54.2,8.54,0.0688,4.2678,0.0677,5830,1777,556,42,0.0013,45,197.196,4096
46,Qwen2.5-VL-3B,,699.44,72.86,772.30,0.794,126,2,128,0,Yes,no,Are there more commercial buildings than forests in the image?,5.15,5.45,12.05,54.7,8.44,0.0669,4.2175,0.0659,5834,1773,556,41,0.0013,46,201.594,4096
47,Qwen2.5-VL-3B,,700.39,144.80,845.18,0.866,123,3,126,0,10,0,What is the amount of circular roads?,5.20,5.45,12.00,54.3,9.59,0.0780,3.1969,0.0761,5839,1768,556,126,0.0038,47,206.062,4096
48,Qwen2.5-VL-3B,,712.78,73.40,786.18,0.807,128,2,130,1,No,no,Is the number of residential buildings equal to the number of roads?,5.11,5.53,11.95,54.3,9.55,0.0746,4.7750,0.0735,5845,1762,556,129,0.0039,48,210.459,4096
49,Qwen2.5-VL-3B,,699.75,73.19,772.94,0.793,121,2,123,1,No,no,Is there a square road?,4.71,5.09,11.36,54.6,7.97,0.0658,3.9835,0.0648,5849,1758,558,36,0.0011,49,214.998,4096
50,Qwen2.5-VL-3B,,700.18,73.13,773.31,0.794,125,2,127,1,Yes,yes,Are there less commercial buildings than farmlands?,5.10,5.33,11.89,54.8,8.33,0.0666,4.1638,0.0656,5860,1747,558,40,0.0012,50,219.290,4096
51,Qwen2.5-VL-3B,,700.54,73.13,773.67,0.793,125,2,127,1,Yes,yes,Is there a small residential building in the image?,5.18,5.45,11.96,54.6,8.37,0.0670,4.1847,0.0659,5864,1743,558,40,0.0012,51,223.723,4096
52,Qwen2.5-VL-3B,,699.73,73.13,772.86,0.793,123,2,125,1,Yes,yes,Are there less grass areas than roads?,5.12,5.41,12.02,54.5,8.41,0.0684,4.2073,0.0673,5869,1738,558,38,0.0012,52,228.156,4096
53,Qwen2.5-VL-3B,,699.71,73.20,772.91,0.794,121,2,123,0,Yes,no,Is a large road present?,5.16,5.45,12.02,54.7,8.42,0.0696,4.2096,0.0684,5876,1731,558,36,0.0011,53,232.519,4096
54,Qwen2.5-VL-3B,,712.55,72.90,785.45,0.806,127,2,129,1,No,no,Is the number of buildings equal to the number of roads?,5.19,5.45,11.96,54.9,9.56,0.0753,4.7818,0.0741,5881,1726,558,42,0.0013,54,236.811,4096
55,Qwen2.5-VL-3B,,700.76,279.57,980.32,1.001,124,5,129,0,1000,72,What is the number of small commercial buildings?,4.90,5.37,11.54,55.0,10.38,0.0837,2.0753,0.0804,5884,1723,558,131,0.0040,55,241.314,4096
56,Qwen2.5-VL-3B,,699.24,279.65,978.88,0.999,124,5,129,0,1000,2,What is the amount of square residential buildings?,5.19,5.45,12.19,54.9,10.96,0.0884,2.1926,0.0850,5890,1717,558,131,0.0040,56,245.817,4096
57,Qwen2.5-VL-3B,,701.01,73.24,774.25,0.805,124,2,126,1,Yes,yes,Are there less parkings than residential buildings?,5.19,5.48,12.12,54.9,9.68,0.0781,4.8420,0.0769,5895,1712,558,133,0.0041,57,250.321,4096
58,Qwen2.5-VL-3B,,739.16,72.67,811.83,0.832,124,2,126,1,Yes,yes,Is there a farmland in the image?,4.69,5.29,11.32,55.0,9.03,0.0728,4.5158,0.0717,5891,1716,558,39,0.0012,58,254.718,4096
59,Qwen2.5-VL-3B,,731.03,73.20,804.23,0.825,121,2,123,1,Yes,yes,Is there a orchard?,4.70,5.17,11.27,55.1,9.01,0.0744,4.5026,0.0732,5898,1709,558,36,0.0011,59,259.116,4096
60,Qwen2.5-VL-3B,,698.73,73.05,771.77,0.792,122,2,124,1,Yes,yes,Is there a rectangular residential building?,4.82,5.29,11.46,54.9,7.99,0.0655,3.9972,0.0645,5905,1702,558,37,0.0011,60,263.408,4096
61,Qwen2.5-VL-3B,,700.54,73.14,773.67,0.794,124,2,126,1,Yes,yes,Are there less commercial buildings than grass areas?,5.12,5.33,11.85,55.0,8.30,0.0669,4.1490,0.0659,5912,1695,558,39,0.0012,61,267.736,4096
62,Qwen2.5-VL-3B,,698.78,72.94,771.72,0.792,124,2,126,0,Yes,no,Are there less commercial buildings than water areas?,5.17,5.41,11.97,55.3,8.37,0.0675,4.1869,0.0665,5917,1690,558,39,0.0012,62,272.134,4096
63,Qwen2.5-VL-3B,,700.63,72.67,773.29,0.794,124,2,126,1,Yes,yes,Is there a residential area in the image?,5.17,5.48,11.99,55.2,8.40,0.0677,4.1975,0.0666,5925,1682,558,39,0.0012,63,276.531,4096
64,Qwen2.5-VL-3B,,712.43,73.23,785.66,0.806,129,2,131,1,No,no,Is the number of commercial buildings equal to the number of water areas?,5.22,5.49,11.96,55.4,9.57,0.0742,4.7847,0.0730,5928,1679,558,130,0.0040,64,280.929,4096
65,Qwen2.5-VL-3B,,700.71,281.36,982.07,1.002,124,5,129,0,1000,0,What is the amount of square commercial buildings?,4.94,5.36,11.64,55.2,11.62,0.0937,2.3236,0.0901,5935,1672,558,131,0.0040,65,285.503,4096
66,Qwen2.5-VL-3B,,700.50,144.49,844.99,0.864,122,3,125,0,10,0,How many medium roads are there?,4.78,5.29,11.45,55.2,9.16,0.0751,3.0542,0.0733,5938,1669,558,125,0.0038,66,290.006,4096
67,Qwen2.5-VL-3B,,700.46,73.28,773.74,0.794,123,2,125,1,Yes,yes,Are there more buildings than water areas?,5.01,5.33,11.72,55.5,8.20,0.0667,4.0992,0.0656,5941,1666,558,39,0.0012,67,294.369,4096
68,Qwen2.5-VL-3B,,700.44,73.13,773.57,0.794,124,2,126,1,Yes,yes,Are there less medium grass areas than roads?,5.17,5.41,11.88,55.6,8.32,0.0671,4.1581,0.0660,5949,1658,558,39,0.0012,68,298.731,4096
69,Qwen2.5-VL-3B,,733.04,144.02,877.06,0.898,122,3,125,0,10,11,How many orchards are there?,5.08,5.45,11.82,55.5,9.44,0.0774,3.1461,0.0755,5958,1649,557,125,0.0038,69,303.129,4096
70,Qwen2.5-VL-3B,,700.59,73.29,773.88,0.794,125,2,127,1,Yes,yes,Is there a medium residential building in the image?,5.10,5.32,11.99,55.5,8.40,0.0672,4.1975,0.0661,5962,1645,561,41,0.0013,70,307.492,4096
71,Qwen2.5-VL-3B,,713.12,73.43,786.56,0.807,128,2,130,1,No,no,Is the number of roads equal to the number of water areas?,5.17,5.45,11.96,55.7,9.56,0.0747,4.7815,0.0736,5970,1637,561,129,0.0039,71,311.925,4096
72,Qwen2.5-VL-3B,,701.07,73.14,774.21,0.794,125,2,127,0,Yes,no,Are there more medium water areas than commercial buildings?,4.77,5.21,11.34,55.8,7.92,0.0634,3.9604,0.0624,5971,1636,561,40,0.0012,72,316.463,4096
73,Qwen2.5-VL-3B,,700.14,73.12,773.26,0.794,124,2,126,1,Yes,yes,Are there less grass areas than residential buildings?,5.11,5.41,11.90,55.7,8.33,0.0672,4.1637,0.0661,5976,1631,561,39,0.0012,73,320.896,4096
74,Qwen2.5-VL-3B,,700.94,211.78,912.72,0.933,124,4,128,0,100,1,What is the amount of square water areas?,5.20,5.45,11.93,55.6,10.73,0.0866,2.6834,0.0839,5984,1623,561,129,0.0039,74,325.294,4096
75,Qwen2.5-VL-3B,,699.36,144.40,843.76,0.864,124,3,127,0,10,3,What is the amount of circular grass areas?,4.95,5.44,11.65,55.9,9.28,0.0748,3.0920,0.0730,5990,1617,561,127,0.0039,75,329.762,4096
76,Qwen2.5-VL-3B,,698.66,73.16,771.82,0.792,121,2,123,1,Yes,yes,Is there a large building?,5.06,5.37,11.85,56.0,8.28,0.0684,4.1400,0.0673,5995,1612,561,37,0.0011,76,334.195,4096
77,Qwen2.5-VL-3B,,699.72,73.18,772.90,0.794,122,2,124,1,Yes,yes,Is a circular water area present?,5.11,5.36,11.91,55.7,8.34,0.0684,4.1719,0.0673,6000,1607,561,37,0.0011,77,338.487,4096
78,Qwen2.5-VL-3B,,712.87,73.38,786.25,0.807,126,2,128,0,1,3,What is the amount of large buildings in the image?,5.21,5.49,11.94,55.8,9.55,0.0758,4.7735,0.0746,6009,1598,561,127,0.0039,78,342.814,4096
79,Qwen2.5-VL-3B,,700.63,73.05,773.68,0.793,125,2,127,0,Yes,no,Is there a square farmland in the image?,4.78,5.21,11.41,55.6,7.96,0.0637,3.9823,0.0627,6012,1595,561,40,0.0012,79,347.283,4096
80,Qwen2.5-VL-3B,,701.11,72.72,773.83,0.794,124,2,126,0,Yes,no,Are there less residential buildings than water areas?,5.12,5.41,11.86,55.8,8.30,0.0669,4.1508,0.0659,6017,1590,561,39,0.0012,80,351.715,4096
81,Qwen2.5-VL-3B,,699.06,72.67,771.73,0.792,124,2,126,1,Yes,yes,Are there less circular residential buildings than roads?,5.13,5.37,11.90,56.1,8.34,0.0672,4.1688,0.0662,6024,1583,561,39,0.0012,81,356.113,4096
82,Qwen2.5-VL-3B,,713.23,72.89,786.11,0.808,129,2,131,1,No,no,Is the number of commercial buildings equal to the number of pitchs?,5.18,5.45,11.92,56.0,9.54,0.0739,4.7689,0.0728,6027,1580,561,130,0.0040,82,360.511,4096
83,Qwen2.5-VL-3B,,712.88,73.42,786.31,0.807,126,2,128,1,Yes,yes,Are there less commercial buildings than roads in the image?,4.84,5.33,11.38,55.8,9.08,0.0721,4.5421,0.0710,6032,1575,561,127,0.0039,83,365.085,4096
84,Qwen2.5-VL-3B,,713.59,73.49,787.08,0.808,129,2,131,1,Yes,yes,Is there a commercial building at the bottom of the  circular forest?,4.76,5.25,11.31,55.9,9.05,0.0702,4.5267,0.0691,6040,1567,561,130,0.0040,84,369.553,4096
85,Qwen2.5-VL-3B,,701.18,73.14,774.32,0.795,124,2,126,1,Yes,yes,Are there less small grass areas than buildings?,4.61,5.05,11.15,56.1,7.81,0.0630,3.9073,0.0620,6044,1563,560,39,0.0012,85,374.126,4096
86,Qwen2.5-VL-3B,,700.84,72.72,773.56,0.795,125,2,127,0,Yes,no,Are there more water areas than small grass areas?,5.09,5.29,11.82,56.3,8.28,0.0662,4.1401,0.0652,6050,1557,560,40,0.0012,86,378.524,4096
87,Qwen2.5-VL-3B,,699.94,72.80,772.74,0.793,122,2,124,1,Yes,yes,Is there a small commercial building?,5.15,5.41,11.90,56.0,8.33,0.0682,4.1628,0.0671,6052,1555,560,37,0.0011,87,382.957,4096
88,Qwen2.5-VL-3B,,713.00,73.19,786.19,0.807,129,2,131,1,No,no,Is the number of water areas equal to the number of rectangular buildings?,5.20,5.48,11.99,56.1,9.60,0.0744,4.7985,0.0733,6060,1547,560,130,0.0040,88,387.284,4096
89,Qwen2.5-VL-3B,,699.55,73.17,772.72,0.792,122,2,124,0,No,yes,Is there a square water area?,4.70,5.09,11.19,55.9,7.85,0.0643,3.9229,0.0633,6065,1542,560,37,0.0011,89,391.858,4096
90,Qwen2.5-VL-3B,,699.23,73.17,772.40,0.793,122,2,124,0,Yes,no,Is there a square village green?,5.09,5.33,11.80,56.2,8.26,0.0677,4.1280,0.0666,6069,1538,560,37,0.0011,90,396.186,4096
91,Qwen2.5-VL-3B,,700.37,73.30,773.68,0.793,124,2,126,1,Yes,yes,Are there less circular buildings than water areas?,5.21,5.45,11.92,56.3,8.35,0.0673,4.1735,0.0662,6071,1536,560,39,0.0012,91,400.513,4096
92,Qwen2.5-VL-3B,,700.40,73.16,773.56,0.795,122,2,124,1,Yes,yes,Is there a rectangular commercial building?,5.16,5.44,11.95,56.2,8.37,0.0686,4.1845,0.0675,6073,1534,560,37,0.0011,92,404.911,4096
93,Qwen2.5-VL-3B,,712.94,73.38,786.31,0.807,128,2,130,1,No,no,Is the number of forests equal to the number of water areas?,5.21,5.49,12.00,56.4,9.60,0.0750,4.8015,0.0739,6078,1529,560,129,0.0039,93,409.238,4096
94,Qwen2.5-VL-3B,,700.03,73.16,773.18,0.794,121,2,123,0,No,yes,Is a circular building present?,4.80,5.21,11.33,56.1,7.91,0.0653,3.9534,0.0643,6076,1531,567,36,0.0011,94,413.777,4096
95,Qwen2.5-VL-3B,,712.43,73.47,785.89,0.807,128,2,130,1,No,no,Is the number of roads equal to the number of commercial buildings?,5.18,5.45,11.88,56.4,9.50,0.0742,4.7497,0.0731,6082,1525,567,43,0.0013,95,418.069,4096
96,Qwen2.5-VL-3B,,702.55,73.17,775.72,0.796,127,2,129,1,No,no,Is the number of roads equal to the number of forests?,4.67,5.01,11.28,56.2,7.90,0.0622,3.9504,0.0612,6087,1520,567,128,0.0039,96,422.607,4096
97,Qwen2.5-VL-3B,,700.14,72.93,773.07,0.794,123,2,125,0,Yes,no,Are there less forests than commercial buildings?,5.09,5.29,11.86,56.5,8.31,0.0676,4.1546,0.0665,6089,1518,575,38,0.0012,97,427.111,4096
98,Qwen2.5-VL-3B,,699.87,72.74,772.61,0.793,124,2,126,1,Yes,yes,Are there more grass areas than square buildings?,5.18,5.45,11.91,56.2,8.34,0.0673,4.1700,0.0662,6094,1513,575,39,0.0012,98,431.473,4096
99,Qwen2.5-VL-3B,,699.77,73.14,772.91,0.793,121,2,123,1,Yes,yes,Is there a square building?,5.21,5.49,11.94,56.3,8.36,0.0691,4.1788,0.0679,6098,1509,575,36,0.0011,99,435.871,4096
100,Qwen2.5-VL-3B,,616.17,144.94,761.10,0.786,124,3,127,1,Rural,rural,Is it a rural or an urban area,5.14,5.49,11.80,56.3,8.25,0.0665,2.7487,0.0649,6105,1502,575,127,0.0039,99,435.730,4096
101,Qwen2.5-VL-3B,,616.27,73.30,689.58,0.712,126,2,128,0,1,5,What is the number of commercial buildings in the image?,5.19,5.45,11.92,56.6,8.34,0.0662,4.1689,0.0651,6109,1498,575,127,0.0039,99,435.660,4096
102,Qwen2.5-VL-3B,,616.48,73.16,689.63,0.711,121,2,123,0,No,yes,Is there a residential building?,4.80,5.25,11.27,56.3,7.86,0.0649,3.9276,0.0639,6109,1498,575,122,0.0037,99,435.836,4096
103,Qwen2.5-VL-3B,,699.42,73.12,772.54,0.791,120,2,122,1,Yes,yes,Is a road present?,4.72,5.21,11.24,56.4,7.85,0.0654,3.9267,0.0644,6108,1499,575,35,0.0011,100,440.128,4096
104,Qwen2.5-VL-3B,,616.16,73.22,689.38,0.713,120,2,122,0,No,yes,Is a building present?,5.07,5.37,11.77,56.4,8.23,0.0686,4.1163,0.0675,6108,1499,575,121,0.0037,100,440.128,4096
105,Qwen2.5-VL-3B,,616.20,145.04,761.24,0.783,122,3,125,0,10,202,How many small roads are there?,4.90,5.41,11.46,56.7,7.98,0.0654,2.6595,0.0638,6113,1494,575,125,0.0038,100,439.987,4096
106,Qwen2.5-VL-3B,,699.02,73.05,772.07,0.791,121,2,123,1,Yes,yes,Is a farmland present?,5.13,5.41,11.87,56.7,8.31,0.0687,4.1570,0.0676,6113,1494,575,37,0.0011,101,444.350,4096
107,Qwen2.5-VL-3B,,699.29,73.11,772.41,0.793,121,2,123,1,Yes,yes,Is a grass area present?,5.13,5.40,11.99,56.5,8.39,0.0694,4.1974,0.0683,6113,1494,575,36,0.0011,102,448.642,4096
108,Qwen2.5-VL-3B,,616.30,73.21,689.51,0.712,125,2,127,1,Yes,yes,Are there less commercial buildings than farmlands?,5.16,5.45,11.91,56.6,8.34,0.0667,4.1709,0.0657,6119,1488,575,126,0.0038,102,448.501,4096
109,Qwen2.5-VL-3B,,699.83,281.17,981.00,0.999,121,5,126,0,1000,202,How many roads are there?,4.90,5.33,11.49,56.5,10.31,0.0852,2.0615,0.0818,6124,1483,575,128,0.0039,103,452.934,4096
110,Qwen2.5-VL-3B,,712.65,74.02,786.66,0.807,129,2,131,1,No,no,Is the number of residential buildings equal to the number of water areas?,5.17,5.40,12.06,56.4,9.64,0.0748,4.8221,0.0736,6124,1483,575,130,0.0040,104,457.332,4096
111,Qwen2.5-VL-3B,,699.14,73.17,772.31,0.793,121,2,123,1,Yes,yes,Is there a rectangular building?,4.72,5.01,11.35,56.5,7.95,0.0657,3.9763,0.0647,6129,1478,575,36,0.0011,105,461.906,4096
112,Qwen2.5-VL-3B,,616.35,73.08,689.43,0.713,124,2,126,1,Yes,yes,Are there more water areas than commercial buildings?,5.13,5.45,11.82,56.7,8.27,0.0667,4.1370,0.0657,6134,1473,575,125,0.0038,105,461.800,4096
113,Qwen2.5-VL-3B,,616.14,73.23,689.38,0.711,120,2,122,1,Yes,yes,Is a forest present?,4.93,5.33,11.39,56.9,7.94,0.0662,3.9704,0.0651,6140,1467,575,121,0.0037,105,461.941,4096
114,Qwen2.5-VL-3B,,700.53,73.24,773.77,0.791,125,2,127,0,0,230,What is the amount of buildings in the image?,4.77,5.25,11.27,56.9,7.88,0.0630,3.9406,0.0621,6140,1467,575,40,0.0012,106,466.198,4096
115,Qwen2.5-VL-3B,,699.17,145.04,844.21,0.864,123,3,126,0,10,224,What is the number of residential buildings?,5.13,5.52,11.91,56.7,9.52,0.0774,3.1731,0.0756,6140,1467,575,126,0.0038,107,470.631,4096
116,Qwen2.5-VL-3B,,700.79,73.16,773.94,0.794,124,2,126,1,Yes,yes,Are there more buildings than farmlands?,5.10,5.48,11.84,56.7,8.28,0.0667,4.1379,0.0657,6148,1459,575,40,0.0012,108,475.029,4096
117,Qwen2.5-VL-3B,,700.06,73.21,773.27,0.792,123,2,125,0,Yes,no,Are there more grass areas than buildings?,5.18,5.44,11.91,56.8,8.34,0.0678,4.1684,0.0667,6151,1456,575,38,0.0012,109,479.426,4096
118,Qwen2.5-VL-3B,,699.14,73.08,772.22,0.792,121,2,123,0,No,yes,Is a water area present?,5.15,5.40,11.99,56.6,8.39,0.0694,4.1963,0.0682,6156,1451,575,36,0.0011,110,483.789,4096
119,Qwen2.5-VL-3B,,714.73,73.27,787.99,0.807,132,2,134,1,No,no,Is the number of water areas equal to the number of commercial buildings in the image?,5.22,5.49,12.01,56.8,9.61,0.0728,4.8072,0.0717,6163,1444,575,133,0.0041,111,488.081,4096
120,Qwen2.5-VL-3B,,699.61,73.14,772.76,0.801,121,2,123,1,Yes,yes,Is there a commercial building?,4.79,5.21,11.32,57.0,7.89,0.0652,3.9455,0.0642,6171,1436,575,36,0.0011,112,492.760,4096
121,Qwen2.5-VL-3B,,616.08,347.24,963.32,0.986,122,6,128,0,10000,90,What is the amount of forests?,5.20,5.48,11.95,56.9,10.74,0.0880,1.7903,0.0839,6162,1445,575,131,0.0040,112,492.585,4096
122,Qwen2.5-VL-3B,,615.31,72.79,688.10,0.709,124,2,126,0,Yes,no,Are there less residential buildings than water areas?,5.20,5.48,12.16,57.1,8.50,0.0686,4.2514,0.0675,6170,1437,575,125,0.0038,112,492.655,4096
123,Qwen2.5-VL-3B,,615.31,72.83,688.13,0.709,123,2,125,0,1,14,What is the number of water areas?,4.87,5.40,11.35,56.9,7.90,0.0642,3.9476,0.0632,6170,1437,575,124,0.0038,112,492.690,4096
124,Qwen2.5-VL-3B,,615.20,72.75,687.95,0.709,127,2,129,1,No,no,Is the number of buildings equal to the number of roads?,4.77,5.25,11.22,56.8,7.82,0.0615,3.9078,0.0606,6171,1436,575,128,0.0039,112,492.549,4096
125,Qwen2.5-VL-3B,,700.75,73.11,773.86,0.793,129,2,131,1,No,no,Is the number of grass areas equal to the number of water areas?,4.72,5.21,11.24,56.9,7.85,0.0609,3.9265,0.0599,6171,1436,575,44,0.0013,113,497.053,4096
126,Qwen2.5-VL-3B,,700.18,72.68,772.86,0.794,123,2,125,0,Yes,no,Are there more water areas than roads?,5.08,5.28,11.88,57.0,8.32,0.0677,4.1616,0.0666,6172,1435,575,38,0.0012,114,501.626,4096
127,Qwen2.5-VL-3B,,699.74,211.87,911.61,0.932,123,4,127,0,100,5,What is the amount of orchards?,5.22,5.48,12.02,57.2,10.81,0.0879,2.7021,0.0851,6177,1430,575,128,0.0039,115,505.989,4096
128,Qwen2.5-VL-3B,,699.90,72.85,772.75,0.795,123,2,125,1,Yes,yes,Are there more roads than water areas?,4.98,5.52,11.81,57.0,8.23,0.0669,4.1139,0.0658,6183,1424,575,40,0.0012,116,510.422,4096
129,Qwen2.5-VL-3B,,700.11,72.77,772.88,0.794,124,2,126,0,Yes,no,Are there more small commercial buildings than forests?,5.19,5.44,12.08,57.2,8.46,0.0682,4.2313,0.0672,6186,1421,576,39,0.0012,117,514.784,4096
130,Qwen2.5-VL-3B,,713.29,74.14,787.43,0.808,129,2,131,1,No,no,Is the number of water areas equal to the number of circular roads?,5.20,5.48,12.17,57.0,9.73,0.0755,4.8670,0.0743,6192,1415,583,130,0.0040,118,519.182,4096
131,Qwen2.5-VL-3B,,616.28,213.32,829.61,0.853,124,4,128,0,100,0,What is the amount of square residential buildings?,4.87,5.40,11.51,57.0,9.15,0.0738,2.2873,0.0715,6197,1410,583,129,0.0039,118,519.253,4096
132,Qwen2.5-VL-3B,,713.54,73.49,787.03,0.805,128,2,130,1,No,no,Is the number of grass areas equal to the number of buildings?,5.00,5.36,11.75,57.2,9.37,0.0732,4.6872,0.0721,6202,1405,583,129,0.0039,119,523.721,4096
133,Qwen2.5-VL-3B,,699.99,73.19,773.18,0.794,122,2,124,1,Yes,yes,Is a rectangular farmland present?,4.78,5.25,11.34,57.2,7.93,0.0650,3.9673,0.0640,6202,1405,583,37,0.0011,120,528.259,4096
134,Qwen2.5-VL-3B,,699.91,144.09,843.99,0.864,122,3,125,0,10,126,How many grass areas are there?,5.12,5.44,11.89,57.3,9.51,0.0780,3.1705,0.0761,6207,1400,583,125,0.0038,121,532.587,4096
135,Qwen2.5-VL-3B,,699.82,211.91,911.73,0.932,122,4,126,0,100,63,How many large forests are there?,5.13,5.41,11.89,57.1,10.68,0.0875,2.6694,0.0847,6212,1395,583,127,0.0039,122,536.949,4096
136,Qwen2.5-VL-3B,,700.44,347.61,1048.05,1.068,125,6,131,0,10000,77,What is the amount of large farmlands?,5.04,5.48,11.79,57.3,11.76,0.0941,1.9606,0.0898,6217,1390,583,134,0.0041,123,541.347,4096
137,Qwen2.5-VL-3B,,700.07,73.24,773.31,0.795,123,2,125,0,1,76,How many large grass areas are there?,5.04,5.21,11.92,57.3,8.35,0.0679,4.1757,0.0668,6222,1385,583,42,0.0013,124,545.921,4096
138,Qwen2.5-VL-3B,,700.54,73.19,773.73,0.794,123,2,125,1,Yes,yes,Are there less water areas than forests?,5.14,5.44,11.97,57.4,8.38,0.0681,4.1895,0.0670,6227,1380,583,38,0.0012,125,550.283,4096
139,Qwen2.5-VL-3B,,699.50,73.15,772.65,0.793,122,2,124,0,Yes,no,Are there less roads than forests?,5.17,5.44,11.98,57.2,8.38,0.0687,4.1908,0.0676,6232,1375,583,37,0.0011,126,554.646,4096
140,Qwen2.5-VL-3B,,699.41,72.81,772.22,0.793,122,2,124,1,Yes,yes,Is there a medium commercial building?,5.17,5.48,11.95,57.1,8.37,0.0686,4.1834,0.0675,6237,1370,583,37,0.0011,127,558.973,4096
141,Qwen2.5-VL-3B,,700.80,279.83,980.63,1.002,124,5,129,0,1000,78,What is the number of farmlands?,5.24,5.48,12.02,57.5,12.02,0.0970,2.4045,0.0932,6242,1365,583,131,0.0040,128,563.301,4096
142,Qwen2.5-VL-3B,,699.54,144.21,843.74,0.863,127,3,130,0,10,217,What is the number of small residential buildings in the image?,4.87,5.32,11.61,57.5,9.26,0.0729,3.0866,0.0712,6246,1361,583,130,0.0040,129,567.804,4096
143,Qwen2.5-VL-3B,,616.02,72.83,688.85,0.712,128,2,130,1,No,no,Is the number of residential buildings equal to the number of roads?,5.01,5.33,11.73,57.3,8.20,0.0641,4.1000,0.0631,6254,1353,583,129,0.0039,129,567.804,4096
144,Qwen2.5-VL-3B,,615.49,279.69,895.18,0.917,124,5,129,0,1000,0,What is the amount of square commercial buildings?,4.83,5.36,11.37,57.5,10.24,0.0826,2.0482,0.0794,6260,1347,583,131,0.0040,129,567.839,4096
145,Qwen2.5-VL-3B,,699.53,144.17,843.70,0.862,123,3,126,0,10,0,What is the number of medium roads?,4.96,5.41,11.69,57.6,9.32,0.0758,3.1072,0.0740,6260,1347,583,126,0.0038,130,572.342,4096
146,Qwen2.5-VL-3B,,700.39,73.25,773.64,0.794,122,2,124,1,No,no,Is a square residential building present?,5.04,5.29,11.81,57.4,8.27,0.0678,4.1332,0.0667,6260,1347,583,38,0.0012,131,576.740,4096
147,Qwen2.5-VL-3B,,714.53,73.33,787.86,0.808,131,2,133,1,No,no,Is the number of circular commercial buildings equal to the number of farmlands?,5.19,5.48,11.92,57.5,9.54,0.0728,4.7707,0.0717,6267,1340,583,132,0.0040,132,581.067,4096
148,Qwen2.5-VL-3B,,714.57,213.24,927.81,0.948,132,4,136,0,100,1,What is the amount of medium farmlands on the left of a  building?,4.92,5.37,11.53,57.5,10.34,0.0784,2.5857,0.0760,6271,1336,583,137,0.0042,133,585.711,4096
149,Qwen2.5-VL-3B,,712.71,73.26,785.97,0.806,129,2,131,1,No,no,Is the number of roads equal to the number of square residential buildings?,5.03,5.44,11.76,57.5,9.39,0.0728,4.6947,0.0717,6273,1334,583,130,0.0040,134,590.461,4096
150,Qwen2.5-VL-3B,,761.43,73.13,834.56,0.855,121,2,123,1,1,1,How many commercials are there?,4.50,5.13,10.94,57.3,8.74,0.0723,4.3716,0.0711,6279,1328,583,36,0.0011,135,595.035,4096
151,Qwen2.5-VL-3B,,699.71,72.60,772.31,0.793,123,2,125,1,Yes,yes,Are there more residential buildings than roads?,4.91,5.29,11.51,57.4,8.04,0.0654,4.0200,0.0643,6288,1319,583,38,0.0012,136,599.327,4096
152,Qwen2.5-VL-3B,,699.91,72.81,772.73,0.794,123,2,125,1,0,0,How many large residential buildings are there?,5.16,5.41,11.88,57.4,8.32,0.0676,4.1587,0.0665,6293,1314,583,38,0.0012,137,603.689,4096
153,Qwen2.5-VL-3B,,699.48,73.17,772.65,0.793,123,2,125,0,Yes,no,Are there more commercial buildings than forests?,5.19,5.44,12.03,57.6,8.42,0.0684,4.2081,0.0673,6299,1308,583,38,0.0012,138,608.052,4096
154,Qwen2.5-VL-3B,,616.06,144.14,760.21,0.784,123,3,126,0,10,7,How many medium residential buildings are there?,5.15,5.44,11.93,57.7,8.35,0.0679,2.7822,0.0662,6304,1303,583,126,0.0038,138,607.982,4096
155,Qwen2.5-VL-3B,,700.51,73.23,773.74,0.792,124,2,126,1,Yes,yes,Are there more residential buildings than water areas?,5.16,5.40,12.03,57.8,8.42,0.0679,4.2112,0.0668,6309,1298,583,40,0.0012,139,612.379,4096
156,Qwen2.5-VL-3B,,616.35,73.09,689.44,0.713,121,2,123,1,No,no,Is a circular building present?,5.19,5.44,11.93,57.6,8.34,0.0690,4.1715,0.0678,6309,1298,583,122,0.0037,139,612.485,4096
157,Qwen2.5-VL-3B,,700.68,73.50,774.18,0.792,122,2,124,0,Yes,no,Are there less buildings than roads?,4.81,5.09,11.49,57.6,8.06,0.0660,4.0289,0.0650,6314,1293,583,37,0.0011,140,616.777,4096
158,Qwen2.5-VL-3B,,701.19,73.15,774.34,0.795,124,2,126,0,1,9,What is the number of rectangular water areas?,5.15,5.37,11.87,57.5,8.31,0.0670,4.1566,0.0660,6314,1293,583,39,0.0012,141,621.105,4096
159,Qwen2.5-VL-3B,,700.82,73.23,774.05,0.795,122,2,124,0,0,1,How many large buildings are there?,5.17,5.44,11.98,57.5,8.38,0.0687,4.1915,0.0676,6318,1289,583,37,0.0011,142,625.502,4096
160,Qwen2.5-VL-3B,,700.89,73.05,773.95,0.795,125,2,127,0,No,yes,Is a rectangular residential building present in the image?,5.18,5.44,11.98,57.5,8.38,0.0671,4.1924,0.0660,6319,1288,583,40,0.0012,143,629.830,4096
161,Qwen2.5-VL-3B,,700.62,73.27,773.88,0.795,125,2,127,0,Yes,no,Are there more circular grass areas than commercial buildings?,5.14,5.40,12.00,57.7,8.41,0.0673,4.2034,0.0662,6324,1283,583,40,0.0012,144,634.263,4096
162,Qwen2.5-VL-3B,,699.57,73.13,772.70,0.793,123,2,125,0,Yes,no,Are there less residential buildings than roads?,5.20,5.48,12.00,57.8,8.41,0.0683,4.2027,0.0672,6329,1278,583,38,0.0012,145,638.696,4096
163,Qwen2.5-VL-3B,,700.53,144.84,845.37,0.866,123,3,126,0,10,2,How many small commercial buildings are there?,5.22,5.48,12.03,57.7,9.62,0.0782,3.2070,0.0764,6335,1272,583,126,0.0038,146,643.058,4096
164,Qwen2.5-VL-3B,,701.01,72.92,773.92,0.794,125,2,127,1,Yes,yes,Are there less square residential buildings than residential buildings?,5.07,5.36,11.89,57.5,8.32,0.0666,4.1596,0.0655,6340,1267,583,41,0.0013,147,647.456,4096
165,Qwen2.5-VL-3B,,699.93,72.71,772.65,0.793,123,2,125,0,1,2,How many circular grass areas are there?,5.14,5.33,11.98,57.5,8.39,0.0682,4.1960,0.0671,6346,1261,583,38,0.0012,148,651.889,4096
166,Qwen2.5-VL-3B,,615.79,72.71,688.50,0.711,129,2,131,1,No,no,Is the number of commercial buildings equal to the number of water areas?,5.20,5.48,11.90,57.7,8.32,0.0645,4.1607,0.0635,6353,1254,583,130,0.0040,148,651.678,4096
167,Qwen2.5-VL-3B,,714.49,73.22,787.71,0.806,131,2,133,0,3,14,What is the number of water areas on the right of a  residential building?,4.88,5.36,11.41,57.8,9.11,0.0696,4.5561,0.0685,6359,1248,583,132,0.0040,149,656.251,4096
168,Qwen2.5-VL-3B,,712.89,73.26,786.16,0.806,127,2,129,1,No,no,Is the number of buildings equal to the number of forests?,4.83,5.29,11.42,57.8,9.14,0.0720,4.5712,0.0709,6359,1248,583,128,0.0039,150,660.895,4096
169,Qwen2.5-VL-3B,,715.06,73.33,788.39,0.808,137,2,139,1,No,no,Is the number of residential buildings equal to the number of water areas on the right of a  residential building?,4.74,5.33,11.25,57.6,9.01,0.0658,4.5067,0.0648,6365,1242,583,138,0.0042,151,665.399,4096
170,Qwen2.5-VL-3B,,700.84,73.19,774.03,0.794,123,2,125,1,Yes,yes,Are there less medium buildings than roads?,4.74,5.17,11.34,57.6,7.91,0.0643,3.9554,0.0633,6368,1239,583,38,0.0012,152,670.254,4096
171,Qwen2.5-VL-3B,,713.34,73.29,786.63,0.807,129,2,131,1,No,no,Is the number of water areas equal to the number of residential buildings?,5.16,5.48,11.93,57.5,9.54,0.0739,4.7686,0.0728,6377,1230,583,130,0.0040,153,674.616,4096
172,Qwen2.5-VL-3B,,699.84,73.16,773.00,0.795,121,2,123,1,No,no,Is there a circular road?,4.74,5.01,11.36,57.6,7.96,0.0658,3.9814,0.0647,6379,1228,583,36,0.0011,154,679.190,4096
173,Qwen2.5-VL-3B,,699.81,73.19,773.00,0.793,122,2,124,0,1,130,How many rectangular buildings are there?,5.09,5.25,11.87,57.8,8.32,0.0682,4.1596,0.0671,6389,1218,583,37,0.0011,155,683.482,4096
174,Qwen2.5-VL-3B,,714.35,74.06,788.41,0.811,130,2,132,1,No,no,Is the number of commercial buildings equal to the number of farmlands?,5.19,5.48,12.01,57.9,9.60,0.0739,4.8023,0.0728,6394,1213,583,131,0.0040,156,687.810,4096
175,Qwen2.5-VL-3B,,616.07,73.42,689.49,0.713,122,2,124,1,Yes,yes,Are there more buildings than roads?,4.84,5.33,11.34,57.7,7.92,0.0649,3.9576,0.0638,6399,1208,583,123,0.0038,156,688.091,4096
176,Qwen2.5-VL-3B,,700.21,73.13,773.34,0.791,125,2,127,0,Yes,no,Are there more commercial buildings than farmlands?,4.77,5.29,11.29,57.5,7.90,0.0632,3.9515,0.0622,6406,1201,583,40,0.0012,157,692.418,4096
177,Qwen2.5-VL-3B,,714.43,73.32,787.75,0.808,131,2,133,0,0,5,What is the number of commercial buildings at the top of a  water area?,5.11,5.44,11.88,57.7,9.51,0.0726,4.7539,0.0715,6406,1201,583,132,0.0040,158,696.851,4096
178,Qwen2.5-VL-3B,,700.62,73.29,773.91,0.794,123,2,125,0,1,2,How many large water areas are there?,4.79,5.20,11.40,57.5,7.95,0.0646,3.9742,0.0636,6409,1198,583,38,0.0012,159,701.495,4096
179,Qwen2.5-VL-3B,,701.14,73.13,774.27,0.795,124,2,126,0,Yes,no,Are there more commercial buildings than water areas?,5.12,5.36,11.84,57.5,8.29,0.0669,4.1449,0.0658,6415,1192,583,39,0.0012,160,705.858,4096
180,Qwen2.5-VL-3B,,712.69,72.92,785.62,0.806,128,2,130,1,No,no,Is the number of buildings equal to the number of large roads?,5.18,5.44,12.03,57.8,9.62,0.0751,4.8092,0.0740,6420,1187,583,129,0.0039,161,710.256,4096
181,Qwen2.5-VL-3B,,712.75,73.56,786.32,0.807,133,2,135,1,No,no,Is the number of farmlands equal to the number of residential buildings in the image?,4.80,5.40,11.41,57.8,9.14,0.0687,4.5676,0.0677,6425,1182,583,48,0.0015,162,714.794,4096
182,Qwen2.5-VL-3B,,698.99,73.22,772.21,0.792,122,2,124,1,No,no,Is there a circular commercial building?,4.76,5.17,11.33,57.5,7.90,0.0648,3.9517,0.0637,6427,1180,584,37,0.0011,163,719.509,4096
183,Qwen2.5-VL-3B,,700.15,73.41,773.56,0.794,122,2,124,0,1,0,How many circular roads are there?,5.14,5.41,11.84,57.6,8.29,0.0679,4.1430,0.0668,6434,1173,584,37,0.0011,164,723.836,4096
184,Qwen2.5-VL-3B,,701.59,213.20,914.80,0.935,124,4,128,0,100,3,What is the amount of medium commercial buildings?,5.20,5.48,12.02,57.9,10.81,0.0872,2.7025,0.0845,6437,1170,584,129,0.0039,165,728.163,4096
185,Qwen2.5-VL-3B,,699.66,72.76,772.42,0.793,122,2,124,1,0,0,How many circular buildings are there?,4.92,5.48,11.70,57.8,8.15,0.0668,4.0772,0.0658,6444,1163,584,39,0.0012,166,732.632,4096
186,Qwen2.5-VL-3B,,714.58,73.23,787.81,0.808,132,2,134,0,Yes,no,Are there more water areas on the left of a  farmland than water areas?,5.17,5.44,12.00,57.8,9.60,0.0727,4.8006,0.0717,6451,1156,584,133,0.0041,167,736.959,4096
187,Qwen2.5-VL-3B,,699.77,73.17,772.95,0.793,122,2,124,0,1,0,How many square buildings are there?,4.80,5.29,11.41,57.6,7.97,0.0654,3.9873,0.0643,6463,1144,584,37,0.0011,168,741.638,4096
188,Qwen2.5-VL-3B,,700.68,73.19,773.88,0.794,122,2,124,1,No,no,Is a square commercial building present?,5.10,5.36,11.89,57.7,8.33,0.0683,4.1659,0.0672,6466,1141,584,37,0.0011,169,745.966,4096
189,Qwen2.5-VL-3B,,616.43,73.30,689.74,0.713,128,2,130,1,No,no,Is the number of roads equal to the number of water areas?,5.23,5.48,11.89,57.7,8.32,0.0650,4.1579,0.0640,6469,1138,584,129,0.0039,169,745.754,4096
190,Qwen2.5-VL-3B,,698.94,73.10,772.04,0.790,122,2,124,1,Yes,yes,Is there a medium grass area?,4.82,5.21,11.35,57.8,7.92,0.0649,3.9593,0.0639,6472,1135,584,37,0.0011,170,750.293,4096
191,Qwen2.5-VL-3B,,616.27,72.80,689.07,0.713,123,2,125,1,0,0,How many circular residential buildings are there?,5.15,5.44,11.79,57.9,8.24,0.0670,4.1211,0.0659,6472,1135,584,124,0.0038,170,750.223,4096
192,Qwen2.5-VL-3B,,699.63,72.73,772.36,0.791,121,2,123,0,Yes,no,Is a medium road present?,4.77,5.01,11.35,57.5,7.95,0.0657,3.9772,0.0647,6479,1128,584,36,0.0011,171,754.585,4096
193,Qwen2.5-VL-3B,,700.12,72.89,773.02,0.793,124,2,126,0,Yes,no,Are there less grass areas than circular roads?,5.14,5.29,11.89,57.5,8.34,0.0672,4.1677,0.0662,6479,1128,584,39,0.0012,172,758.877,4096
194,Qwen2.5-VL-3B,,714.93,73.55,788.47,0.809,131,2,133,0,0,10,What is the amount of water areas at the top of a  commercial building?,5.20,5.48,11.95,57.9,9.56,0.0730,4.7805,0.0719,6483,1124,584,132,0.0040,173,763.275,4096
195,Qwen2.5-VL-3B,,713.83,73.48,787.30,0.808,131,2,133,1,Yes,yes,Are there more water areas than commercial buildings at the bottom of a  forest?,4.88,5.37,11.44,57.8,9.13,0.0697,4.5653,0.0687,6489,1118,584,132,0.0040,174,767.919,4096
196,Qwen2.5-VL-3B,,713.64,73.35,786.98,0.807,128,2,130,0,Yes,no,Is there a forest at the bottom of a  large road?,4.77,5.29,11.35,58.0,9.09,0.0710,4.5445,0.0699,6494,1113,584,129,0.0039,175,772.563,4096
197,Qwen2.5-VL-3B,,701.02,73.19,774.21,0.795,125,2,127,0,Yes,no,Are there less rectangular grass areas than water areas?,4.77,5.28,11.33,57.6,7.89,0.0631,3.9466,0.0622,6500,1107,584,40,0.0012,176,777.102,4096
198,Qwen2.5-VL-3B,,701.66,212.06,913.72,0.934,124,4,128,0,100,0,What is the amount of circular commercial buildings?,5.17,5.44,11.94,57.6,10.74,0.0866,2.6856,0.0839,6501,1106,585,129,0.0039,177,781.535,4096
199,Qwen2.5-VL-3B,,700.16,72.72,772.88,0.793,123,2,125,1,Yes,yes,Are there more buildings than grass areas?,4.92,5.33,11.63,57.8,8.12,0.0661,4.0621,0.0650,6506,1101,585,40,0.0012,178,786.003,4096
200,Qwen2.5-VL-3B,,615.56,144.25,759.81,0.787,124,3,127,1,Rural,rural,Is it a rural or an urban area,5.12,5.36,11.80,57.7,8.25,0.0665,2.7487,0.0649,6511,1096,585,127,0.0039,178,785.932,4096
201,Qwen2.5-VL-3B,,699.90,72.79,772.68,0.791,123,2,125,1,Yes,yes,Is there a forest in the image?,5.17,5.40,11.97,57.9,8.38,0.0682,4.1924,0.0671,6516,1091,585,39,0.0012,179,790.365,4096
202,Qwen2.5-VL-3B,,699.47,72.72,772.19,0.793,122,2,124,0,1,13,What is the number of forests?,5.21,5.48,11.96,57.9,8.37,0.0686,4.1854,0.0675,6516,1091,585,37,0.0011,180,794.728,4096
203,Qwen2.5-VL-3B,,615.33,72.76,688.09,0.711,121,2,123,1,Yes,yes,Is a water area present?,5.22,5.48,11.95,57.8,8.35,0.0690,4.1755,0.0679,6522,1085,585,122,0.0037,180,794.763,4096
204,Qwen2.5-VL-3B,,699.22,279.48,978.71,0.996,122,5,127,0,1000,30,What is the amount of roads?,4.87,5.36,11.50,57.7,10.36,0.0849,2.0718,0.0816,6527,1080,585,129,0.0039,181,799.055,4096
205,Qwen2.5-VL-3B,,748.14,72.78,820.92,0.841,122,2,124,0,Yes,no,Is there a circular nature reserve?,5.04,5.40,11.90,57.6,9.51,0.0779,4.7544,0.0767,6527,1080,585,40,0.0012,182,803.488,4096
206,Qwen2.5-VL-3B,,699.61,72.80,772.42,0.792,122,2,124,1,1,1,How many water areas are there?,4.98,5.33,11.70,57.7,8.17,0.0669,4.0833,0.0659,6540,1067,586,37,0.0011,183,807.816,4096
207,Qwen2.5-VL-3B,,712.78,73.27,786.06,0.806,127,2,129,0,1,0,What is the amount of medium water areas in the image?,5.16,5.44,11.95,57.9,9.56,0.0753,4.7803,0.0741,6545,1062,586,128,0.0039,184,812.143,4096
208,Qwen2.5-VL-3B,,701.83,73.18,775.01,0.795,123,2,125,0,Yes,no,Are there less roads than water areas?,4.70,5.13,11.28,57.9,7.90,0.0643,3.9515,0.0632,6550,1057,586,38,0.0012,185,816.646,4096
209,Qwen2.5-VL-3B,,616.15,73.08,689.24,0.713,120,2,122,1,Yes,yes,Is there a road?,5.16,5.44,11.78,57.8,8.24,0.0686,4.1190,0.0675,6553,1054,586,121,0.0037,185,816.752,4096
210,Qwen2.5-VL-3B,,700.62,72.75,773.36,0.792,125,2,127,1,3,3,How many grass areas are there in the image?,4.79,5.21,11.35,57.8,7.93,0.0634,3.9632,0.0624,6558,1049,586,40,0.0012,186,821.009,4096
211,Qwen2.5-VL-3B,,748.68,72.72,821.40,0.842,124,2,126,1,Yes,yes,Are there more nature reserves than water areas?,4.96,5.33,11.67,57.8,9.32,0.0752,4.6604,0.0740,6558,1049,586,39,0.0012,187,825.442,4096
212,Qwen2.5-VL-3B,,712.44,73.56,785.99,0.809,127,2,129,1,Yes,yes,Is a road at the top of a  forest present?,5.03,5.44,11.71,57.6,9.35,0.0736,4.6736,0.0725,6563,1044,585,128,0.0039,188,829.840,4096
213,Qwen2.5-VL-3B,,699.14,73.27,772.41,0.792,124,2,126,1,Yes,yes,Is a small forest present in the image?,4.79,5.21,11.39,57.7,7.95,0.0641,3.9754,0.0631,6571,1036,591,39,0.0012,189,834.343,4096
214,Qwen2.5-VL-3B,,616.23,73.20,689.42,0.714,123,2,125,0,Yes,no,Are there more water areas than roads?,5.13,5.44,11.83,57.9,8.27,0.0672,4.1342,0.0661,6571,1036,591,124,0.0038,189,834.378,4096
215,Qwen2.5-VL-3B,,616.13,73.15,689.28,0.710,121,2,123,0,Yes,no,Is there a circular road?,4.82,5.33,11.32,57.8,7.92,0.0655,3.9606,0.0644,6576,1031,591,122,0.0037,189,834.448,4096
216,Qwen2.5-VL-3B,,615.52,72.74,688.26,0.709,123,2,125,0,1,0,How many large water areas are there?,4.78,5.29,11.26,57.6,7.84,0.0637,3.9205,0.0627,6577,1030,591,124,0.0038,189,834.378,4096
217,Qwen2.5-VL-3B,,712.39,72.94,785.33,0.804,128,2,130,1,Yes,yes,Is a water area at the top of a  forest present?,4.83,5.32,11.34,57.5,9.05,0.0707,4.5248,0.0696,6577,1030,591,129,0.0039,190,838.741,4096
218,Qwen2.5-VL-3B,,700.58,281.40,981.98,1.002,122,5,127,0,1000,3,How many nature reserves are there?,4.90,5.32,11.48,57.7,11.49,0.0942,2.2976,0.0905,6577,1030,591,129,0.0039,191,843.279,4096
219,Qwen2.5-VL-3B,,713.80,73.26,787.06,0.808,131,2,133,0,Yes,no,Is the number of water areas equal to the number of forests in the image?,4.85,5.32,11.54,57.8,9.19,0.0702,4.5957,0.0691,6582,1025,591,132,0.0040,192,847.712,4096
220,Qwen2.5-VL-3B,,714.04,73.57,787.61,0.808,130,2,132,1,1,1,What is the amount of water areas on the left of a  road?,4.83,5.32,11.37,57.7,9.08,0.0698,4.5388,0.0688,6586,1021,591,131,0.0040,193,852.356,4096
221,Qwen2.5-VL-3B,,700.24,73.12,773.36,0.794,123,2,125,0,No,yes,Are there more forests than water areas?,4.76,5.29,11.31,57.6,7.91,0.0643,3.9564,0.0633,6597,1010,593,38,0.0012,194,856.965,4096
222,Qwen2.5-VL-3B,,616.26,73.29,689.55,0.713,122,2,124,1,Yes,yes,Is a rectangular water area present?,5.11,5.41,11.81,57.8,8.26,0.0677,4.1312,0.0666,6603,1004,593,123,0.0038,194,857.000,4096
223,Qwen2.5-VL-3B,,616.56,73.15,689.72,0.711,121,2,123,1,Yes,yes,Is there a grass area?,4.92,5.40,11.46,57.8,7.98,0.0660,3.9914,0.0649,6607,1000,593,122,0.0037,194,857.035,4096
224,Qwen2.5-VL-3B,,700.45,213.19,913.64,0.931,124,4,128,0,100,3,What is the amount of large nature reserves?,4.89,5.36,11.43,57.7,10.27,0.0828,2.5666,0.0802,6608,999,593,129,0.0039,195,861.327,4096
225,Qwen2.5-VL-3B,,615.98,72.86,688.84,0.713,122,2,124,0,1,0,How many medium roads are there?,4.88,5.25,11.47,57.6,8.02,0.0658,4.0112,0.0647,6608,999,593,123,0.0038,195,861.433,4096
226,Qwen2.5-VL-3B,,699.84,72.73,772.58,0.791,124,2,126,0,Yes,no,Are there more square roads than water areas?,4.70,5.09,11.22,57.6,7.87,0.0635,3.9349,0.0625,6608,999,593,39,0.0012,196,865.760,4096
227,Qwen2.5-VL-3B,,700.19,72.81,773.00,0.794,123,2,125,1,1,1,What is the number of circular forests?,5.14,5.36,11.94,57.6,8.37,0.0680,4.1828,0.0669,6608,999,593,38,0.0012,197,870.158,4096
228,Qwen2.5-VL-3B,,615.56,72.88,688.44,0.713,127,2,129,1,No,no,Is the number of roads equal to the number of forests?,5.22,5.52,11.98,57.8,8.37,0.0659,4.1864,0.0649,6610,997,593,128,0.0039,197,870.017,4096
229,Qwen2.5-VL-3B,,700.72,72.80,773.52,0.792,124,2,126,1,1,1,What is the number of circular water areas?,4.79,5.29,11.43,57.8,8.00,0.0645,4.0000,0.0635,6616,991,593,39,0.0012,198,874.521,4096
230,Qwen2.5-VL-3B,,616.21,73.36,689.57,0.713,123,2,125,1,Yes,yes,Are there more roads than water areas?,5.13,5.48,11.82,57.7,8.27,0.0672,4.1344,0.0661,6616,991,593,124,0.0038,198,874.556,4096
231,Qwen2.5-VL-3B,,701.10,73.38,774.48,0.810,124,2,126,1,Yes,yes,Is a nature reserve present in the image?,4.90,5.36,11.53,57.8,9.18,0.0741,4.5923,0.0729,6616,991,596,39,0.0012,199,878.918,4096
232,Qwen2.5-VL-3B,,714.25,145.10,859.35,0.880,130,3,133,0,10,5,What is the number of roads at the bottom of the  water area?,4.83,5.33,11.39,57.9,9.10,0.0700,3.0324,0.0684,6616,991,596,133,0.0041,200,883.316,4096
233,Qwen2.5-VL-3B,,700.71,73.18,773.89,0.794,122,2,124,1,Yes,yes,Are there more roads than forests?,5.01,5.24,11.81,57.9,8.26,0.0677,4.1321,0.0666,6621,986,596,38,0.0012,201,887.960,4096
234,Qwen2.5-VL-3B,,713.12,73.36,786.48,0.807,129,2,131,1,No,no,Is the number of water areas equal to the number of grass areas?,5.16,5.48,11.92,58.0,9.53,0.0739,4.7658,0.0728,6622,985,596,130,0.0040,202,892.288,4096
235,Qwen2.5-VL-3B,,616.59,73.19,689.78,0.715,128,2,130,1,No,no,Is the number of forests equal to the number of water areas?,4.82,5.29,11.37,57.7,7.92,0.0619,3.9607,0.0609,6627,980,596,129,0.0039,202,892.323,4096
236,Qwen2.5-VL-3B,,701.01,73.33,774.34,0.793,123,2,125,0,Yes,no,Are there more grass areas than roads?,4.85,5.32,11.48,57.7,8.03,0.0653,4.0161,0.0643,6632,975,596,38,0.0012,203,896.861,4096
237,Qwen2.5-VL-3B,,699.52,73.19,772.71,0.793,123,2,125,1,Yes,yes,Are there less water areas than roads?,5.08,5.28,11.96,57.8,8.38,0.0681,4.1887,0.0670,6633,974,595,38,0.0012,204,901.224,4096
238,Qwen2.5-VL-3B,,700.16,144.09,844.25,0.865,123,3,126,0,10,3,What is the amount of rectangular forests?,5.22,5.48,12.00,57.9,9.60,0.0780,3.1990,0.0762,6638,969,595,126,0.0038,205,905.586,4096
239,Qwen2.5-VL-3B,,699.76,144.24,844.00,0.865,122,3,125,0,10,1,How many small forests are there?,5.16,5.48,11.98,58.0,9.57,0.0784,3.1894,0.0765,6643,964,595,125,0.0038,206,909.984,4096
240,Qwen2.5-VL-3B,,712.70,72.86,785.56,0.806,128,2,130,1,No,no,Is the number of grass areas equal to the number of roads?,5.08,5.44,11.89,57.9,9.52,0.0744,4.7588,0.0732,6651,956,607,129,0.0039,207,914.347,4096
241,Qwen2.5-VL-3B,,701.21,73.23,774.44,0.795,124,2,126,1,1,1,What is the number of square water areas?,4.81,5.24,11.43,57.7,7.97,0.0643,3.9836,0.0632,6655,952,607,39,0.0012,208,918.885,4096
242,Qwen2.5-VL-3B,,616.33,73.20,689.53,0.713,122,2,124,0,Yes,no,Are there less roads than forests?,5.15,5.44,11.78,58.0,8.23,0.0675,4.1173,0.0664,6662,945,609,123,0.0038,208,918.956,4096
243,Qwen2.5-VL-3B,,700.48,72.76,773.24,0.791,124,2,126,1,Yes,yes,Are there more forests than medium water areas?,4.82,5.29,11.31,58.0,7.91,0.0638,3.9555,0.0628,6671,936,609,39,0.0012,209,923.283,4096
244,Qwen2.5-VL-3B,,699.64,72.80,772.44,0.793,121,2,123,1,Yes,yes,Is there a circular forest?,5.11,5.32,11.94,57.8,8.36,0.0691,4.1817,0.0680,6671,936,609,36,0.0011,210,927.681,4096
245,Qwen2.5-VL-3B,,700.13,72.82,772.95,0.794,122,2,124,1,Yes,yes,Are there less forests than roads?,5.21,5.48,12.04,58.1,8.44,0.0692,4.2188,0.0680,6670,937,615,37,0.0011,211,931.973,4096
246,Qwen2.5-VL-3B,,700.14,73.12,773.26,0.793,124,2,126,0,Yes,no,Are there more water areas than square forests?,5.22,5.48,11.96,57.8,8.37,0.0675,4.1858,0.0664,6655,952,639,39,0.0012,212,936.300,4096
247,Qwen2.5-VL-3B,,616.40,72.79,689.19,0.713,122,2,124,1,Yes,yes,Is a circular water area present?,5.22,5.48,11.93,57.7,8.34,0.0684,4.1703,0.0673,6666,941,639,123,0.0038,212,936.371,4096
248,Qwen2.5-VL-3B,,700.27,72.76,773.03,0.791,124,2,126,0,Yes,no,Are there less grass areas than water areas?,4.82,5.17,11.44,57.8,8.02,0.0647,4.0102,0.0637,6673,934,639,39,0.0012,213,940.698,4096
249,Qwen2.5-VL-3B,,699.65,72.75,772.39,0.792,124,2,126,0,Yes,no,Are there more water areas than nature reserves?,5.14,5.36,11.86,58.0,8.30,0.0670,4.1518,0.0659,6673,934,639,39,0.0012,214,945.096,4096
250,Qwen2.5-VL-3B,,700.12,73.23,773.34,0.793,122,2,124,0,Yes,no,Is a medium water area present?,5.16,5.44,12.01,57.9,8.41,0.0689,4.2030,0.0678,6676,931,639,37,0.0011,215,949.494,4096
251,Qwen2.5-VL-3B,,713.01,73.36,786.37,0.807,128,2,130,1,Yes,yes,Is there a water area on the left of a  road?,5.18,5.44,12.07,57.8,9.66,0.0754,4.8286,0.0743,6678,929,639,129,0.0039,216,953.821,4096
252,Qwen2.5-VL-3B,,700.36,145.03,845.39,0.866,123,3,126,0,10,0,What is the number of square roads?,4.89,5.40,11.46,57.8,9.13,0.0742,3.0422,0.0724,6678,929,639,126,0.0038,217,958.360,4096
253,Qwen2.5-VL-3B,,699.51,73.18,772.69,0.793,121,2,123,1,Yes,yes,Is a medium forest present?,5.03,5.32,11.84,57.8,8.28,0.0684,4.1401,0.0673,6683,924,639,37,0.0011,218,962.757,4096
254,Qwen2.5-VL-3B,,711.85,73.30,785.15,0.806,127,2,129,1,No,no,Is the number of forests equal to the number of roads?,5.20,5.44,12.01,58.1,9.60,0.0756,4.8025,0.0745,6688,919,639,42,0.0013,219,967.050,4096
255,Qwen2.5-VL-3B,,713.08,214.29,927.37,0.948,129,4,133,0,100,10,What is the amount of forests at the bottom of a  road?,4.82,5.32,11.43,58.0,10.30,0.0798,2.5747,0.0774,6689,918,647,134,0.0041,220,971.553,4096
256,Qwen2.5-VL-3B,,699.42,73.16,772.58,0.793,123,2,125,0,1,0,What is the number of large roads?,4.97,5.40,11.73,57.9,8.18,0.0665,4.0920,0.0655,6694,913,647,40,0.0012,221,976.197,4096
257,Qwen2.5-VL-3B,,713.40,74.08,787.48,0.807,129,2,131,1,No,no,Is the number of water areas equal to the number of small roads?,5.17,5.44,11.98,57.8,9.58,0.0743,4.7904,0.0731,6700,907,647,130,0.0040,222,980.559,4096
258,Qwen2.5-VL-3B,,679.32,73.23,752.55,0.773,128,2,130,1,No,no,Is the number of water areas equal to the number of roads?,4.78,5.12,11.43,58.0,8.02,0.0627,4.0101,0.0617,6703,904,647,129,0.0039,223,985.133,4096
259,Qwen2.5-VL-3B,,699.44,73.14,772.57,0.793,122,2,124,0,Yes,no,Is there a large water area?,5.02,5.36,11.79,57.8,8.24,0.0676,4.1223,0.0665,6706,901,654,37,0.0011,224,989.672,4096
260,Qwen2.5-VL-3B,,714.88,72.82,787.70,0.808,131,2,133,0,Yes,no,Are there less water areas than water areas on the right of a  forest?,5.17,5.48,11.96,57.9,9.57,0.0730,4.7846,0.0719,6711,896,654,132,0.0040,225,993.999,4096
261,Qwen2.5-VL-3B,,615.66,72.92,688.57,0.714,122,2,124,0,1,0,How many circular roads are there?,4.85,5.32,11.32,57.7,7.91,0.0648,3.9527,0.0638,6716,891,654,123,0.0038,225,994.316,4096
262,Qwen2.5-VL-3B,,700.65,143.99,844.64,0.863,123,3,126,0,10,0,What is the number of rectangular roads?,4.84,5.36,11.44,57.8,9.17,0.0745,3.0555,0.0727,6712,895,659,126,0.0038,226,998.643,4096
263,Qwen2.5-VL-3B,,731.25,73.29,804.53,0.824,139,2,141,0,Yes,no,Is the number of roads equal to the number of forests on the left of a  medium water area in the image?,5.08,5.44,11.82,57.8,9.44,0.0679,4.7196,0.0669,6712,895,659,140,0.0043,227,1003.041,4096
264,Qwen2.5-VL-3B,,701.04,73.24,774.28,0.795,124,2,126,1,Yes,yes,Are there less water areas than grass areas?,4.92,5.32,11.54,57.9,8.07,0.0651,4.0338,0.0640,6720,887,659,39,0.0012,228,1007.966,4096
265,Qwen2.5-VL-3B,,699.70,73.06,772.76,0.793,123,2,125,0,Yes,no,Are there less forests than water areas?,5.11,5.36,12.00,58.0,8.40,0.0683,4.2014,0.0672,6719,888,671,38,0.0012,229,1012.364,4096
266,Qwen2.5-VL-3B,,699.63,73.08,772.71,0.793,123,2,125,0,Yes,no,Are there more water areas than forests?,5.18,5.48,12.02,57.8,8.42,0.0684,4.2093,0.0673,6726,881,671,38,0.0012,230,1016.726,4096
267,Qwen2.5-VL-3B,,699.45,72.76,772.21,0.792,122,2,124,0,Yes,no,Is there a medium nature reserve?,5.21,5.48,12.00,57.8,8.40,0.0689,4.2016,0.0678,6731,876,671,37,0.0011,231,1021.089,4096
268,Qwen2.5-VL-3B,,616.35,73.16,689.51,0.711,128,2,130,1,No,no,Is the number of roads equal to the number of water areas?,5.22,5.48,11.93,57.8,8.34,0.0651,4.1681,0.0641,6724,883,687,129,0.0039,231,1020.878,4096
269,Qwen2.5-VL-3B,,700.75,72.70,773.45,0.792,123,2,125,1,1,1,What is the number of square forests?,4.80,5.33,11.42,57.8,7.99,0.0650,3.9959,0.0639,6727,880,687,38,0.0012,232,1025.416,4096
270,Qwen2.5-VL-3B,,699.87,72.91,772.78,0.793,124,2,126,0,Yes,no,Are there less roads than circular water areas?,5.10,5.25,11.88,57.9,8.32,0.0671,4.1597,0.0660,6728,879,687,39,0.0012,233,1029.779,4096
271,Qwen2.5-VL-3B,,712.78,73.27,786.05,0.806,129,2,131,0,No,yes,Is the number of circular forests equal to the number of water areas?,5.19,5.48,11.98,58.0,9.58,0.0743,4.7913,0.0732,6733,874,687,130,0.0040,234,1034.177,4096
272,Qwen2.5-VL-3B,,616.27,144.87,761.14,0.784,122,3,125,0,10,30,How many small roads are there?,4.82,5.28,11.36,57.8,7.93,0.0650,2.6425,0.0634,6738,869,687,125,0.0038,234,1034.388,4096
273,Qwen2.5-VL-3B,,699.87,73.31,773.17,0.790,121,2,123,1,Yes,yes,Is a small road present?,5.10,5.32,11.93,57.8,8.35,0.0690,4.1765,0.0679,6743,864,687,37,0.0011,235,1038.750,4096
274,Qwen2.5-VL-3B,,616.53,73.25,689.78,0.716,121,2,123,1,No,no,Is there a square road?,5.20,5.48,11.96,58.0,8.37,0.0692,4.1867,0.0681,6743,864,687,122,0.0037,235,1038.750,4096
275,Qwen2.5-VL-3B,,712.82,73.33,786.15,0.805,129,2,131,1,No,no,Is the number of roads equal to the number of rectangular water areas?,4.95,5.40,11.62,57.9,9.27,0.0718,4.6337,0.0707,6732,875,705,130,0.0040,236,1043.043,4096
276,Qwen2.5-VL-3B,,712.34,74.10,786.44,0.806,127,2,129,0,2,3,How many nature reserves next to a  road are there?,4.83,5.28,11.36,57.9,9.09,0.0716,4.5474,0.0705,6732,875,705,128,0.0039,237,1047.616,4096
277,Qwen2.5-VL-3B,,699.87,73.11,772.98,0.793,123,2,125,0,Yes,no,Are there less roads than grass areas?,4.67,5.05,11.20,57.8,7.85,0.0638,3.9266,0.0628,6734,873,705,38,0.0012,238,1052.120,4096
278,Qwen2.5-VL-3B,,700.89,73.07,773.96,0.793,124,2,126,0,3,0,What is the number of rectangular grass areas?,5.12,5.32,11.85,58.0,8.30,0.0669,4.1489,0.0659,6739,868,705,39,0.0012,239,1056.482,4096
279,Qwen2.5-VL-3B,,699.53,72.69,772.22,0.793,122,2,124,0,Yes,no,Are there more forests than roads?,5.18,5.44,11.93,58.1,8.35,0.0684,4.1727,0.0673,6741,866,705,37,0.0011,240,1060.880,4096
280,Qwen2.5-VL-3B,,712.82,72.92,785.73,0.806,128,2,130,0,2,1,What is the number of water areas next to a  forest?,5.21,5.52,12.01,58.1,9.60,0.0750,4.8000,0.0738,6746,861,705,129,0.0039,241,1065.207,4096
281,Qwen2.5-VL-3B,,712.53,73.17,785.70,0.806,128,2,130,1,3,3,How many grass areas next to the  water area are there?,4.81,5.36,11.36,57.9,9.10,0.0711,4.5477,0.0700,6751,856,705,129,0.0039,242,1069.746,4096
282,Qwen2.5-VL-3B,,701.02,73.17,774.18,0.795,125,2,127,0,Yes,no,Are there more large water areas than medium forests?,4.76,5.16,11.34,58.0,7.91,0.0633,3.9535,0.0623,6756,851,705,40,0.0012,243,1074.284,4096
283,Qwen2.5-VL-3B,,616.27,73.19,689.46,0.713,121,2,123,1,No,no,Is there a rectangular road?,5.13,5.44,11.82,58.2,8.27,0.0683,4.1332,0.0672,6751,856,718,122,0.0037,243,1074.425,4096
284,Qwen2.5-VL-3B,,701.54,145.05,846.59,0.865,124,3,127,0,10,0,What is the amount of circular nature reserves?,4.85,5.32,11.49,58.0,9.18,0.0740,3.0588,0.0723,6757,850,718,127,0.0039,244,1078.717,4096
285,Qwen2.5-VL-3B,,616.16,73.09,689.25,0.713,124,2,126,1,1,1,What is the number of rectangular water areas?,4.99,5.36,11.72,58.2,8.20,0.0661,4.1004,0.0651,6757,850,718,125,0.0038,244,1078.752,4096
286,Qwen2.5-VL-3B,,729.60,73.25,802.84,0.821,135,2,137,0,1,no,Is the number of forests equal to the number of water areas on the right of a  road?,4.83,5.32,11.40,57.8,9.08,0.0672,4.5386,0.0663,6762,845,718,136,0.0042,245,1083.150,4096
287,Qwen2.5-VL-3B,,713.16,72.88,786.04,0.806,128,2,130,0,3,13,How many forests at the top of a  road are there?,4.94,5.40,11.48,58.1,9.16,0.0716,4.5808,0.0705,6762,845,718,129,0.0039,246,1087.935,4096
288,Qwen2.5-VL-3B,,712.86,73.54,786.39,0.806,126,2,128,1,Yes,yes,Is there a nature reserve next to a  road?,4.84,5.36,11.38,57.9,9.10,0.0722,4.5494,0.0711,6762,845,724,127,0.0039,247,1092.473,4096
289,Qwen2.5-VL-3B,,699.62,73.17,772.78,0.793,122,2,124,0,Yes,no,Is a circular grass area present?,4.69,5.05,11.22,58.1,7.86,0.0645,3.9319,0.0634,6768,839,724,37,0.0011,248,1096.941,4096
290,Qwen2.5-VL-3B,,616.25,73.15,689.40,0.713,123,2,125,1,Yes,yes,Are there less water areas than forests?,5.13,5.44,11.77,57.9,8.23,0.0669,4.1164,0.0659,6773,834,724,124,0.0038,248,1096.906,4096
291,Qwen2.5-VL-3B,,700.32,72.65,772.97,0.791,124,2,126,1,Yes,yes,Are there more water areas than rectangular roads?,4.81,5.21,11.34,57.8,7.91,0.0638,3.9565,0.0628,6778,829,724,39,0.0012,249,1101.269,4096
292,Qwen2.5-VL-3B,,713.95,74.10,788.04,0.808,131,2,133,1,1,1,What is the number of square water areas at the bottom of a  road?,5.18,5.48,11.89,58.1,9.51,0.0726,4.7542,0.0715,6778,829,724,132,0.0040,250,1105.667,4096
293,Qwen2.5-VL-3B,,700.62,72.74,773.37,0.794,124,2,126,0,Yes,no,Are there more medium forests than water areas?,4.74,5.05,11.32,58.0,7.93,0.0640,3.9666,0.0630,6784,823,724,39,0.0012,251,1110.311,4096
294,Qwen2.5-VL-3B,,700.02,73.15,773.17,0.794,126,2,128,1,Yes,yes,Are there more roads than large forests in the image?,5.11,5.32,11.87,58.2,8.31,0.0660,4.1568,0.0649,6789,818,724,41,0.0013,252,1114.708,4096
295,Qwen2.5-VL-3B,,699.77,73.22,772.99,0.793,122,2,124,1,1,1,How many medium forests are there?,5.17,5.44,11.93,58.0,8.35,0.0684,4.1736,0.0673,6794,813,724,37,0.0011,253,1119.176,4096
296,Qwen2.5-VL-3B,,713.92,73.56,787.48,0.807,129,2,131,1,Yes,yes,Is a forest on the right of the  circular water area present?,5.20,5.44,12.00,58.0,9.60,0.0744,4.7982,0.0733,6799,808,724,130,0.0040,254,1123.504,4096
297,Qwen2.5-VL-3B,,616.36,73.13,689.48,0.713,129,2,131,1,No,no,Is the number of water areas equal to the number of circular roads?,4.73,5.25,11.28,57.9,7.89,0.0612,3.9475,0.0603,6804,803,724,130,0.0040,254,1123.504,4096
298,Qwen2.5-VL-3B,,700.42,73.12,773.54,0.792,124,2,126,1,Yes,yes,Are there less rectangular nature reserves than roads?,4.83,5.24,11.47,58.0,8.00,0.0645,4.0001,0.0635,6810,797,724,39,0.0012,255,1128.078,4096
299,Qwen2.5-VL-3B,,699.51,73.21,772.72,0.793,121,2,123,1,Yes,yes,Is a square forest present?,5.12,5.40,11.93,58.2,8.35,0.0690,4.1758,0.0679,6810,797,724,36,0.0011,256,1132.475,4096
300,Qwen2.5-VL-3B,,616.30,145.06,761.36,0.794,124,3,127,1,Rural,rural,Is it a rural or an urban area,5.13,5.44,11.89,58.0,8.31,0.0670,2.7698,0.0654,6815,792,724,128,0.0039,256,1132.335,4096
301,Qwen2.5-VL-3B,,699.72,72.72,772.44,0.790,121,2,123,1,No,no,Is a rectangular road present?,5.18,5.32,12.04,58.1,8.44,0.0697,4.2184,0.0686,6825,782,724,37,0.0011,257,1136.768,4096
302,Qwen2.5-VL-3B,,699.95,72.88,772.83,0.795,122,2,124,0,0,7,How many commercial buildings are there?,5.22,5.48,12.02,58.0,8.42,0.0690,4.2081,0.0679,6825,782,724,37,0.0011,258,1141.060,4096
303,Qwen2.5-VL-3B,,711.90,73.34,785.25,0.805,126,2,128,0,1,164,What is the amount of residential buildings in the image?,5.24,5.52,12.03,58.1,9.62,0.0764,4.8109,0.0752,6824,783,746,127,0.0039,259,1145.387,4096
304,Qwen2.5-VL-3B,,615.99,486.02,1102.01,1.126,122,8,130,0,1000000,152,What is the amount of forests?,4.97,5.44,11.59,58.3,12.75,0.1045,1.5937,0.0981,6829,778,746,135,0.0041,259,1145.387,4096
305,Qwen2.5-VL-3B,,615.43,73.03,688.46,0.711,120,2,122,1,Yes,yes,Is a building present?,4.92,5.36,11.73,58.2,8.17,0.0681,4.0843,0.0670,6831,776,746,121,0.0037,259,1145.669,4096
306,Qwen2.5-VL-3B,,700.71,72.78,773.50,0.791,124,2,126,0,1,187,How many roads are there in the image?,4.75,5.25,11.37,58.0,7.94,0.0641,3.9725,0.0631,6831,776,746,39,0.0012,260,1149.926,4096
307,Qwen2.5-VL-3B,,767.40,144.35,911.75,0.932,126,3,129,1,10,10,What is the number of orchards in the image?,5.01,5.44,11.71,58.0,10.52,0.0835,3.5055,0.0815,6831,776,746,129,0.0039,261,1154.323,4096
308,Qwen2.5-VL-3B,,699.68,73.19,772.87,0.794,121,2,123,0,No,yes,Is a residential building present?,4.90,5.40,11.60,58.2,8.09,0.0669,4.0446,0.0658,6832,775,771,37,0.0011,262,1158.827,4096
309,Qwen2.5-VL-3B,,699.85,72.74,772.59,0.793,123,2,125,0,No,yes,Is a road present in the image?,5.11,5.36,11.91,58.2,8.34,0.0678,4.1686,0.0667,6837,770,771,38,0.0012,263,1163.119,4096
310,Qwen2.5-VL-3B,,615.65,72.77,688.42,0.714,121,2,123,1,Yes,yes,Is there a commercial building?,5.20,5.48,11.90,58.1,8.32,0.0687,4.1593,0.0676,6842,765,771,122,0.0037,263,1163.189,4096
311,Qwen2.5-VL-3B,,615.50,72.81,688.31,0.711,121,2,123,1,Yes,yes,Is a water area present?,4.85,5.33,11.37,58.2,7.96,0.0658,3.9814,0.0647,6847,760,770,122,0.0037,263,1163.189,4096
312,Qwen2.5-VL-3B,,615.51,72.75,688.27,0.710,121,2,123,1,Yes,yes,Is a grass area present?,4.81,5.29,11.24,58.0,7.82,0.0647,3.9118,0.0636,6848,759,770,122,0.0037,263,1163.189,4096
313,Qwen2.5-VL-3B,,700.02,279.88,979.90,0.998,123,5,128,0,1000,25,What is the amount of water areas?,4.85,5.32,11.46,58.0,10.29,0.0836,2.0573,0.0804,6848,759,770,130,0.0040,264,1167.482,4096
314,Qwen2.5-VL-3B,,700.44,72.81,773.25,0.794,122,2,124,0,No,yes,Is there a circular orchard?,5.14,5.40,12.12,58.1,8.48,0.0695,4.2397,0.0684,6846,761,769,40,0.0012,265,1171.950,4096
315,Qwen2.5-VL-3B,,615.80,213.00,828.80,0.863,124,4,128,0,100,79,What is the number of farmlands?,5.15,5.44,11.94,58.3,9.54,0.0769,2.3853,0.0745,6846,761,769,130,0.0040,265,1171.774,4096
316,Qwen2.5-VL-3B,,698.93,73.10,772.04,0.792,121,2,123,0,Yes,no,Is there a medium road?,5.09,5.44,11.91,58.0,8.32,0.0688,4.1624,0.0677,6844,763,772,38,0.0012,266,1176.242,4096
317,Qwen2.5-VL-3B,,699.58,73.17,772.75,0.792,122,2,124,1,Yes,yes,Is there a circular water area?,5.15,5.40,11.97,58.0,8.38,0.0686,4.1876,0.0675,6845,762,771,37,0.0011,267,1180.534,4096
318,Qwen2.5-VL-3B,,616.29,73.24,689.52,0.713,123,2,125,0,1,0,How many large residential buildings are there?,5.16,5.40,11.92,58.0,8.33,0.0678,4.1674,0.0667,6850,757,771,124,0.0038,267,1180.499,4096
319,Qwen2.5-VL-3B,,699.52,73.11,772.63,0.791,121,2,123,0,1,191,How many buildings are there?,4.93,5.48,11.53,58.3,8.04,0.0664,4.0177,0.0653,6858,749,771,36,0.0011,268,1184.862,4096
320,Qwen2.5-VL-3B,,713.08,73.30,786.38,0.806,126,2,128,0,Yes,no,Are there less roads than commercial buildings in the image?,5.22,5.52,11.95,58.3,9.56,0.0759,4.7793,0.0747,6858,749,771,127,0.0039,269,1189.154,4096
321,Qwen2.5-VL-3B,,616.31,73.19,689.50,0.712,128,2,130,1,No,no,Is the number of roads equal to the number of commercial buildings?,4.83,5.21,11.30,58.3,7.91,0.0618,3.9552,0.0608,6853,754,785,129,0.0039,269,1189.083,4096
322,Qwen2.5-VL-3B,,699.50,73.18,772.68,0.791,122,2,124,0,No,yes,Is a large water area present?,4.69,5.05,11.25,58.0,7.89,0.0647,3.9447,0.0636,6860,747,785,37,0.0011,270,1193.622,4096
323,Qwen2.5-VL-3B,,701.32,73.21,774.53,0.796,124,2,126,0,1,0,What is the number of square commercial buildings?,5.10,5.32,11.90,58.1,8.34,0.0673,4.1698,0.0662,6860,747,785,39,0.0012,271,1197.949,4096
324,Qwen2.5-VL-3B,,712.98,73.27,786.26,0.807,128,2,130,1,No,no,Is the number of water areas equal to the number of buildings?,5.23,5.48,11.95,58.2,9.56,0.0746,4.7776,0.0735,6865,742,785,129,0.0039,272,1202.347,4096
325,Qwen2.5-VL-3B,,700.00,73.19,773.20,0.795,123,2,125,0,Yes,no,Are there less buildings than grass areas?,4.84,5.32,11.40,58.5,7.98,0.0648,3.9882,0.0638,6870,737,785,38,0.0012,273,1206.885,4096
326,Qwen2.5-VL-3B,,699.28,73.15,772.43,0.793,120,2,122,1,Yes,yes,Is there a forest?,5.11,5.32,11.94,58.2,8.36,0.0696,4.1788,0.0685,6866,741,792,35,0.0011,274,1211.248,4096
327,Qwen2.5-VL-3B,,616.20,73.24,689.44,0.713,128,2,130,1,No,no,Is the number of residential buildings equal to the number of roads?,5.19,5.48,11.90,58.2,8.33,0.0650,4.1628,0.0640,6872,735,792,129,0.0039,274,1210.967,4096
328,Qwen2.5-VL-3B,,616.28,74.19,690.47,0.712,121,2,123,1,Yes,yes,Is a small road present?,4.82,5.29,11.33,58.0,7.90,0.0653,3.9487,0.0642,6877,730,792,122,0.0037,274,1211.213,4096
329,Qwen2.5-VL-3B,,712.92,73.72,786.65,0.805,129,2,131,0,1,164,How many residential buildings at the top of a  road are there?,4.84,5.40,11.37,58.0,9.08,0.0704,4.5410,0.0693,6877,730,792,130,0.0040,275,1215.505,4096
330,Qwen2.5-VL-3B,,700.32,73.24,773.55,0.794,122,2,124,0,Yes,no,Are there more roads than buildings?,4.76,5.09,11.32,58.0,7.94,0.0651,3.9685,0.0640,6878,729,792,37,0.0011,276,1220.079,4096
331,Qwen2.5-VL-3B,,700.61,73.30,773.91,0.795,123,2,125,0,1,0,How many circular commercial buildings are there?,5.12,5.32,11.86,58.1,8.31,0.0676,4.1555,0.0665,6895,712,801,38,0.0012,277,1224.406,4096
332,Qwen2.5-VL-3B,,616.52,281.62,898.14,0.922,123,5,128,0,1000,114,What is the amount of grass areas?,5.25,5.48,12.01,58.3,10.80,0.0878,2.1594,0.0844,6901,706,802,130,0.0040,277,1224.336,4096
333,Qwen2.5-VL-3B,,699.25,212.35,911.61,0.930,124,4,128,0,100,101,What is the amount of rectangular residential buildings?,5.03,5.40,11.73,58.1,10.55,0.0851,2.6382,0.0824,6905,702,802,129,0.0039,278,1228.804,4096
334,Qwen2.5-VL-3B,,616.07,72.86,688.92,0.713,121,2,123,1,No,no,Is there a circular road?,4.82,5.32,11.42,58.3,8.00,0.0661,3.9976,0.0650,6905,702,802,122,0.0037,278,1228.980,4096
335,Qwen2.5-VL-3B,,700.14,144.16,844.30,0.863,123,3,126,0,10,3,What is the number of residential areas?,4.82,5.32,11.44,58.3,9.12,0.0741,3.0397,0.0724,6913,694,802,126,0.0038,279,1233.272,4096
336,Qwen2.5-VL-3B,,615.51,73.18,688.69,0.713,121,2,123,1,Yes,yes,Is a farmland present?,5.09,5.40,11.77,58.4,8.22,0.0679,4.1077,0.0668,6913,694,802,122,0.0037,279,1233.378,4096
337,Qwen2.5-VL-3B,,700.62,213.43,914.06,0.933,124,4,128,0,100,8,What is the amount of medium water areas?,4.91,5.32,11.49,58.2,10.34,0.0834,2.5855,0.0808,6918,689,802,129,0.0039,280,1237.670,4096
338,Qwen2.5-VL-3B,,713.27,74.11,787.38,0.811,128,2,130,0,No,yes,Is there a residential building at the top of a  road?,4.85,5.40,11.55,58.1,9.24,0.0722,4.6221,0.0711,6918,689,802,129,0.0039,281,1242.138,4096
339,Qwen2.5-VL-3B,,700.47,73.08,773.55,0.794,125,2,127,1,No,no,Is a large residential building present in the image?,4.76,5.17,11.35,57.9,7.91,0.0633,3.9564,0.0623,6926,681,808,40,0.0012,282,1246.676,4096
340,Qwen2.5-VL-3B,,616.49,213.29,829.78,0.866,123,4,127,0,100,23,What is the amount of rectangular forests?,5.17,5.44,11.83,58.3,9.46,0.0769,2.3647,0.0745,6929,678,808,128,0.0039,282,1246.712,4096
341,Qwen2.5-VL-3B,,700.53,73.17,773.71,0.792,122,2,124,0,1,0,How many large roads are there?,5.08,5.28,11.94,58.2,8.36,0.0685,4.1801,0.0674,6920,687,834,39,0.0012,283,1251.145,4096
342,Qwen2.5-VL-3B,,616.38,73.07,689.44,0.714,124,2,126,1,Yes,yes,Are there less commercial buildings than water areas?,5.21,5.48,11.92,58.4,8.34,0.0672,4.1686,0.0662,6924,683,834,125,0.0038,283,1251.074,4096
343,Qwen2.5-VL-3B,,701.16,72.77,773.93,0.793,124,2,126,1,Yes,yes,Is a medium building present in the image?,4.90,5.28,11.53,58.0,8.05,0.0649,4.0248,0.0639,6930,677,834,39,0.0012,284,1255.472,4096
344,Qwen2.5-VL-3B,,712.45,144.22,856.66,0.877,127,3,130,0,10,14,What is the number of small grass areas in the image?,5.14,5.44,11.92,58.2,9.54,0.0751,3.1796,0.0734,6930,677,834,130,0.0040,285,1259.870,4096
345,Qwen2.5-VL-3B,,698.98,73.17,772.15,0.793,124,2,126,0,1,3,What is the number of square residential buildings?,5.05,5.24,11.78,58.1,8.25,0.0665,4.1233,0.0654,6935,672,834,40,0.0012,286,1264.408,4096
346,Qwen2.5-VL-3B,,700.56,73.39,773.95,0.809,123,2,125,0,Yes,no,Are there less buildings than water areas?,5.19,5.48,11.91,58.0,9.53,0.0774,4.7625,0.0762,6940,667,834,127,0.0039,287,1268.806,4096
347,Qwen2.5-VL-3B,,699.58,73.23,772.81,0.793,124,2,126,1,Yes,yes,Are there more grass areas than water areas?,4.85,5.28,11.39,58.0,7.96,0.0642,3.9793,0.0632,6945,662,845,39,0.0012,288,1273.169,4096
348,Qwen2.5-VL-3B,,700.11,73.14,773.25,0.793,125,2,127,1,Yes,yes,Are there less water areas than farmlands?,5.11,5.32,11.91,58.3,8.34,0.0667,4.1705,0.0657,6946,661,845,40,0.0012,289,1277.566,4096
349,Qwen2.5-VL-3B,,699.25,73.14,772.39,0.792,121,2,123,1,Yes,yes,Is a orchard present?,5.15,5.28,12.05,58.4,8.44,0.0698,4.2212,0.0686,6954,653,845,36,0.0011,290,1281.999,4096
350,Qwen2.5-VL-3B,,616.15,73.08,689.23,0.714,123,2,125,1,Yes,yes,Are there less residential buildings than roads?,5.18,5.48,11.93,58.2,8.34,0.0678,4.1707,0.0667,6961,646,845,124,0.0038,290,1281.929,4096
351,Qwen2.5-VL-3B,,700.15,73.14,773.29,0.792,122,2,124,0,Yes,no,Is a small farmland present?,4.88,5.32,11.56,58.2,8.08,0.0663,4.0416,0.0652,6967,640,845,37,0.0011,291,1286.291,4096
352,Qwen2.5-VL-3B,,702.35,73.31,775.66,0.797,122,2,124,1,Yes,yes,Is a small commercial building present?,5.09,5.28,11.94,58.0,8.37,0.0686,4.1827,0.0675,6967,640,845,37,0.0011,292,1290.619,4096
353,Qwen2.5-VL-3B,,712.89,73.24,786.13,0.807,128,2,130,0,Yes,no,Are there more commercial buildings than farmlands in the image?,5.24,5.48,11.97,58.3,9.58,0.0748,4.7880,0.0737,6971,636,854,129,0.0039,293,1294.946,4096
354,Qwen2.5-VL-3B,,699.70,73.13,772.84,0.793,123,2,125,0,1,2,How many medium commercial buildings are there?,4.81,5.24,11.40,58.1,7.96,0.0647,3.9781,0.0636,6976,631,854,38,0.0012,294,1299.485,4096
355,Qwen2.5-VL-3B,,712.62,73.40,786.02,0.813,127,2,129,0,No,yes,Are there more commercial buildings than rectangular roads in the image?,5.17,5.48,11.93,58.5,9.54,0.0751,4.7711,0.0740,6982,625,854,128,0.0039,295,1303.847,4096
356,Qwen2.5-VL-3B,,700.70,73.12,773.82,0.795,127,2,129,0,Yes,no,Are there more circular water areas than buildings in the image?,4.75,5.05,11.32,58.0,7.93,0.0625,3.9672,0.0615,6989,618,855,42,0.0013,296,1308.351,4096
357,Qwen2.5-VL-3B,,616.30,72.86,689.16,0.717,129,2,131,1,No,no,Is the number of residential buildings equal to the number of water areas?,5.18,5.48,11.85,58.3,8.29,0.0643,4.1460,0.0633,6994,613,855,130,0.0040,296,1308.280,4096
358,Qwen2.5-VL-3B,,699.40,72.71,772.11,0.792,122,2,124,1,Yes,yes,Are there less forests than buildings?,4.92,5.28,11.51,58.1,8.04,0.0659,4.0190,0.0648,6984,623,870,37,0.0011,297,1312.854,4096
359,Qwen2.5-VL-3B,,615.43,72.71,688.14,0.712,123,2,125,0,Yes,no,Are there more water areas than roads?,5.15,5.40,11.88,58.2,8.30,0.0675,4.1511,0.0664,6986,621,870,124,0.0038,297,1312.819,4096
360,Qwen2.5-VL-3B,,615.36,72.84,688.20,0.710,121,2,123,0,No,yes,Is a circular building present?,4.74,5.24,11.25,58.1,7.88,0.0651,3.9397,0.0641,6993,614,870,122,0.0037,297,1312.889,4096
361,Qwen2.5-VL-3B,,699.01,72.69,771.70,0.794,122,2,124,0,Yes,no,Is there a large commercial building?,4.73,5.20,11.34,57.9,7.90,0.0648,3.9506,0.0637,6994,613,870,37,0.0011,298,1317.181,4096
362,Qwen2.5-VL-3B,,615.27,72.74,688.01,0.712,123,2,125,1,Yes,yes,Are there more buildings than water areas?,5.14,5.44,11.78,58.0,8.24,0.0670,4.1179,0.0659,6994,613,870,124,0.0038,298,1317.146,4096
363,Qwen2.5-VL-3B,,699.21,72.69,771.89,0.790,123,2,125,1,Yes,yes,Are there more roads than grass areas?,4.82,5.24,11.36,58.1,7.93,0.0645,3.9672,0.0635,6999,608,870,38,0.0012,299,1321.509,4096
364,Qwen2.5-VL-3B,,713.54,72.84,786.39,0.807,128,2,130,1,Yes,yes,Is there a building on the right of a  water area?,5.13,5.44,11.90,58.3,9.52,0.0744,4.7585,0.0732,6999,608,870,129,0.0039,300,1325.871,4096
365,Qwen2.5-VL-3B,,701.10,212.19,913.29,0.938,124,4,128,0,100,9,What is the amount of rectangular water areas?,4.91,5.40,11.48,58.3,10.35,0.0834,2.5867,0.0808,7003,604,870,129,0.0039,301,1330.410,4096
366,Qwen2.5-VL-3B,,615.82,72.82,688.64,0.712,121,2,123,1,No,no,Is there a square road?,5.00,5.36,11.72,58.2,8.17,0.0675,4.0851,0.0664,6989,618,907,122,0.0037,301,1330.586,4096
367,Qwen2.5-VL-3B,,699.56,144.31,843.88,0.862,123,3,126,0,10,163,How many small residential buildings are there?,4.84,5.32,11.48,58.0,9.18,0.0746,3.0589,0.0728,6993,614,907,126,0.0038,302,1334.878,4096
368,Qwen2.5-VL-3B,,616.13,73.13,689.26,0.718,124,2,126,1,Yes,yes,Are there more residential buildings than water areas?,5.02,5.40,11.73,58.3,8.21,0.0662,4.1065,0.0652,6993,614,907,125,0.0038,302,1334.878,4096
369,Qwen2.5-VL-3B,,700.68,72.78,773.47,0.796,124,2,126,0,1,0,What is the number of large commercial buildings?,4.86,5.24,11.50,58.3,8.02,0.0647,4.0110,0.0637,6995,612,904,39,0.0012,303,1339.276,4096
370,Qwen2.5-VL-3B,,712.73,72.86,785.59,0.806,128,2,130,1,No,no,Is the number of buildings equal to the number of grass areas?,5.19,5.44,11.93,58.4,9.54,0.0745,4.7705,0.0734,6995,612,904,129,0.0039,304,1343.673,4096
371,Qwen2.5-VL-3B,,616.32,73.16,689.48,0.713,122,2,124,1,Yes,yes,Is there a small water area?,4.75,5.25,11.24,58.1,7.87,0.0645,3.9356,0.0635,7000,607,904,123,0.0038,304,1343.884,4096
372,Qwen2.5-VL-3B,,700.93,213.12,914.05,0.932,124,4,128,0,100,3,What is the amount of large water areas?,4.95,5.36,11.59,58.2,10.40,0.0839,2.5997,0.0812,7005,602,904,129,0.0039,305,1348.212,4096
373,Qwen2.5-VL-3B,,698.98,211.82,910.80,0.931,124,4,128,0,100,1,What is the amount of medium orchards?,4.99,5.36,11.80,58.1,10.59,0.0854,2.6487,0.0828,7005,602,904,129,0.0039,306,1352.680,4096
374,Qwen2.5-VL-3B,,713.64,73.64,787.29,0.808,130,2,132,1,No,no,Is the number of commercial buildings equal to the number of square grass areas?,4.88,5.36,11.66,58.0,9.34,0.0718,4.6687,0.0707,6997,610,917,131,0.0040,307,1357.148,4096
375,Qwen2.5-VL-3B,,712.75,73.40,786.15,0.808,127,2,129,0,Yes,no,Are there less residential buildings than water areas in the image?,4.82,5.32,11.47,57.8,9.13,0.0719,4.5669,0.0708,7004,603,917,128,0.0039,308,1361.757,4096
376,Qwen2.5-VL-3B,,699.43,73.13,772.56,0.793,125,2,127,0,Yes,no,Are there less residential buildings than square water areas?,4.77,5.21,11.29,58.0,7.89,0.0631,3.9426,0.0621,7009,598,917,40,0.0012,309,1366.260,4096
377,Qwen2.5-VL-3B,,700.21,73.30,773.51,0.795,122,2,124,0,Yes,no,Is a circular commercial building present?,5.16,5.44,11.90,58.2,8.33,0.0683,4.1649,0.0672,7013,594,917,37,0.0011,310,1370.693,4096
378,Qwen2.5-VL-3B,,700.37,213.14,913.52,0.934,124,4,128,0,100,2,What is the amount of rectangular commercial buildings?,5.24,5.52,12.05,58.2,10.85,0.0875,2.7117,0.0847,7014,593,917,129,0.0039,311,1375.021,4096
379,Qwen2.5-VL-3B,,616.41,73.38,689.79,0.714,122,2,124,0,Yes,no,Is a square commercial building present?,4.95,5.48,11.63,58.0,8.10,0.0664,4.0505,0.0653,7019,588,917,123,0.0038,311,1375.161,4096
380,Qwen2.5-VL-3B,,701.32,213.29,914.62,0.933,124,4,128,0,100,14,What is the amount of small water areas?,4.96,5.40,11.60,58.2,10.42,0.0841,2.6058,0.0814,7025,582,917,129,0.0039,312,1379.489,4096
381,Qwen2.5-VL-3B,,699.96,72.87,772.83,0.794,122,2,124,1,Yes,yes,Are there more buildings than forests?,4.83,5.09,11.56,58.0,8.10,0.0664,4.0507,0.0653,7025,582,917,39,0.0012,313,1383.957,4096
382,Qwen2.5-VL-3B,,712.98,73.30,786.28,0.807,130,2,132,1,No,no,Is the number of small water areas equal to the number of commercial buildings?,5.19,5.48,11.95,58.4,9.56,0.0736,4.7814,0.0724,7027,580,917,131,0.0040,314,1388.284,4096
383,Qwen2.5-VL-3B,,615.65,281.60,897.25,0.921,122,5,127,0,1000,26,How many small forests are there?,4.92,5.36,11.49,58.0,10.31,0.0845,2.0612,0.0812,7032,575,917,129,0.0039,314,1388.530,4096
384,Qwen2.5-VL-3B,,712.28,73.34,785.62,0.804,127,2,129,0,Yes,no,Are there less grass areas than water areas in the image?,4.89,5.32,11.65,58.2,9.32,0.0734,4.6617,0.0723,7038,569,917,128,0.0039,315,1392.963,4096
385,Qwen2.5-VL-3B,,700.18,73.10,773.28,0.795,125,2,127,0,Yes,no,Are there less commercial buildings than circular water areas?,4.80,5.36,11.34,58.2,7.90,0.0632,3.9502,0.0622,7038,569,917,40,0.0012,316,1397.467,4096
386,Qwen2.5-VL-3B,,699.83,73.30,773.12,0.795,123,2,125,0,Yes,no,Are there less residential buildings than forests?,5.16,5.40,11.83,58.5,8.28,0.0673,4.1388,0.0662,7043,564,917,38,0.0012,317,1401.900,4096
387,Qwen2.5-VL-3B,,714.34,73.35,787.69,0.809,130,2,132,0,0,164,What is the amount of residential buildings on the left of a  road?,5.21,5.44,11.99,58.2,9.58,0.0737,4.7920,0.0726,7049,558,929,131,0.0040,318,1406.262,4096
388,Qwen2.5-VL-3B,,713.26,73.46,786.71,0.807,128,2,130,1,Yes,yes,Is a medium water area next to a  farmland present?,4.86,5.40,11.55,58.1,9.26,0.0723,4.6279,0.0712,7053,554,929,129,0.0039,319,1410.871,4096
389,Qwen2.5-VL-3B,,700.63,73.13,773.77,0.795,124,2,126,1,Yes,yes,Are there more residential buildings than grass areas?,4.81,5.36,11.38,58.0,7.93,0.0639,3.9629,0.0629,7047,560,970,39,0.0012,320,1415.409,4096
390,Qwen2.5-VL-3B,,616.41,73.42,689.83,0.715,123,2,125,0,Yes,no,Are there more residential buildings than roads?,5.11,5.44,11.80,58.2,8.25,0.0671,4.1273,0.0660,7054,553,970,124,0.0038,320,1415.445,4096
391,Qwen2.5-VL-3B,,700.12,73.18,773.29,0.792,125,2,127,1,Yes,yes,Are there less square commercial buildings than grass areas?,4.90,5.32,11.52,58.2,8.06,0.0645,4.0306,0.0635,7059,548,970,40,0.0012,321,1419.807,4096
392,Qwen2.5-VL-3B,,714.52,73.29,787.81,0.809,130,2,132,1,No,no,Is the number of water areas equal to the number of circular commercial buildings?,5.16,5.48,11.89,58.3,9.51,0.0731,4.7538,0.0720,7059,548,970,131,0.0040,322,1424.240,4096
393,Qwen2.5-VL-3B,,616.32,73.23,689.55,0.716,123,2,125,0,Yes,no,Are there more commercial buildings than roads?,4.81,5.28,11.30,58.0,7.87,0.0640,3.9339,0.0629,7065,542,970,124,0.0038,322,1424.486,4096
394,Qwen2.5-VL-3B,,713.91,73.32,787.23,0.808,129,2,131,1,No,no,Is the number of commercial buildings equal to the number of grass areas?,4.88,5.36,11.49,58.0,9.18,0.0712,4.5910,0.0701,7070,537,969,130,0.0040,323,1428.849,4096
395,Qwen2.5-VL-3B,,700.53,73.13,773.67,0.795,123,2,125,0,1,118,What is the number of rectangular buildings?,4.70,5.05,11.27,58.2,7.90,0.0642,3.9513,0.0632,7070,537,969,38,0.0012,324,1433.423,4096
396,Qwen2.5-VL-3B,,700.12,73.19,773.31,0.795,125,2,127,1,Yes,yes,Are there more residential buildings than circular water areas?,5.13,5.32,11.86,58.1,8.31,0.0664,4.1530,0.0654,7076,531,969,40,0.0012,325,1437.785,4096
397,Qwen2.5-VL-3B,,616.55,73.28,689.83,0.714,128,2,130,1,No,no,Is the number of forests equal to the number of water areas?,5.23,5.52,11.98,58.3,8.38,0.0655,4.1897,0.0645,7081,526,969,129,0.0039,325,1437.680,4096
398,Qwen2.5-VL-3B,,700.71,73.16,773.88,0.792,122,2,124,0,1,3,How many medium buildings are there?,4.95,5.36,11.56,58.1,8.09,0.0663,4.0447,0.0652,7083,524,982,37,0.0011,326,1442.218,4096
399,Qwen2.5-VL-3B,,714.32,74.02,788.33,0.809,130,2,132,1,No,no,Is the number of square roads equal to the number of rectangular water areas?,5.16,5.48,11.88,58.0,9.50,0.0731,4.7519,0.0720,7083,524,982,131,0.0040,327,1446.546,4096
400,Qwen2.5-VL-3B,,616.53,145.13,761.65,0.794,124,3,127,1,Rural,rural,Is it a rural or an urban area,4.80,5.28,11.32,58.2,7.88,0.0635,2.6262,0.0620,7092,515,982,128,0.0039,327,1446.721,4096
401,Qwen2.5-VL-3B,,616.37,281.71,898.08,0.924,121,5,126,0,1000,14,How many roads are there?,5.19,5.48,11.89,58.2,10.69,0.0883,2.1372,0.0848,7097,510,981,128,0.0039,327,1446.757,4096
402,Qwen2.5-VL-3B,,616.48,73.27,689.74,0.713,120,2,122,1,Yes,yes,Is there a forest?,4.86,5.28,11.55,58.1,8.08,0.0674,4.0421,0.0663,7097,510,980,121,0.0037,327,1446.897,4096
403,Qwen2.5-VL-3B,,699.82,73.46,773.28,0.793,122,2,124,0,Yes,no,Is there a medium water area?,4.68,5.13,11.21,58.1,7.86,0.0644,3.9281,0.0634,7098,509,980,37,0.0011,328,1451.154,4096
404,Qwen2.5-VL-3B,,616.38,73.22,689.60,0.714,123,2,125,0,2,1,What is the number of water areas?,5.14,5.44,11.80,57.9,8.25,0.0671,4.1272,0.0660,7097,510,980,124,0.0038,328,1451.119,4096
405,Qwen2.5-VL-3B,,616.50,73.35,689.85,0.715,120,2,122,1,Yes,yes,Is a road present?,4.92,5.36,11.41,58.2,7.97,0.0664,3.9863,0.0653,7099,508,980,121,0.0037,328,1451.225,4096
406,Qwen2.5-VL-3B,,616.45,145.25,761.69,0.785,122,3,125,0,10,1,How many orchards are there?,4.80,5.32,11.24,58.3,7.87,0.0645,2.6233,0.0630,7100,507,978,125,0.0038,328,1451.119,4096
407,Qwen2.5-VL-3B,,700.95,73.39,774.34,0.792,124,2,126,1,Yes,yes,Is a water area present in the image?,5.12,5.36,11.93,58.2,8.36,0.0674,4.1777,0.0663,7101,506,978,40,0.0012,329,1455.482,4096
408,Qwen2.5-VL-3B,,712.01,145.07,857.08,0.878,127,3,130,0,10,7,What is the number of farmlands in the image?,5.24,5.48,11.96,58.2,9.56,0.0753,3.1861,0.0735,7101,506,978,130,0.0040,330,1459.880,4096
409,Qwen2.5-VL-3B,,699.66,73.37,773.02,0.794,121,2,123,1,Yes,yes,Is there a farmland?,5.04,5.24,11.89,57.9,8.33,0.0688,4.1628,0.0677,7106,501,978,37,0.0011,331,1464.418,4096
410,Qwen2.5-VL-3B,,616.49,144.99,761.48,0.786,122,3,125,0,10,5,What is the number of forests?,5.19,5.48,11.87,58.1,8.30,0.0681,2.7680,0.0664,7111,496,978,125,0.0038,331,1464.383,4096
411,Qwen2.5-VL-3B,,616.47,144.99,761.46,0.785,122,3,125,0,10,4,How many grass areas are there?,5.20,5.44,11.95,58.4,8.35,0.0685,2.7842,0.0668,7116,491,978,125,0.0038,331,1464.383,4096
412,Qwen2.5-VL-3B,,616.32,73.35,689.67,0.712,121,2,123,1,Yes,yes,Is there a grass area?,5.20,5.44,11.95,58.1,8.36,0.0691,4.1784,0.0679,7116,491,978,122,0.0037,331,1464.453,4096
413,Qwen2.5-VL-3B,,698.12,73.15,771.27,0.790,121,2,123,1,Yes,yes,Is there a nature reserve?,4.74,5.09,11.29,58.2,7.92,0.0654,3.9585,0.0644,7116,491,978,36,0.0011,332,1468.745,4096
414,Qwen2.5-VL-3B,,616.32,72.69,689.00,0.713,128,2,130,0,Yes,no,Is there a water area on the left of a  road?,5.12,5.44,11.79,58.2,8.25,0.0645,4.1261,0.0635,7116,491,978,129,0.0039,332,1468.499,4096
415,Qwen2.5-VL-3B,,615.79,72.81,688.60,0.711,122,2,124,1,Yes,yes,Are there less forests than roads?,4.90,5.32,11.52,58.1,8.05,0.0659,4.0226,0.0649,7121,486,978,123,0.0038,332,1468.710,4096
416,Qwen2.5-VL-3B,,699.57,73.17,772.74,0.792,121,2,123,1,No,no,Is a square road present?,4.71,5.01,11.29,58.2,7.91,0.0654,3.9566,0.0643,7121,486,978,36,0.0011,333,1473.038,4096
417,Qwen2.5-VL-3B,,616.59,73.34,689.94,0.714,121,2,123,0,Yes,no,Is a medium road present?,5.15,5.48,11.87,58.2,8.31,0.0687,4.1560,0.0676,7121,486,978,122,0.0037,333,1473.038,4096
418,Qwen2.5-VL-3B,,700.27,73.12,773.39,0.792,125,2,127,1,Yes,yes,Is a rectangular farmland present in the image?,4.90,5.24,11.54,58.2,8.06,0.0644,4.0277,0.0634,7123,484,1006,40,0.0012,334,1477.330,4096
419,Qwen2.5-VL-3B,,616.44,145.13,761.57,0.786,122,3,125,0,10,2,How many medium forests are there?,5.15,5.44,11.89,58.4,8.31,0.0681,2.7703,0.0665,7122,485,1006,125,0.0038,334,1477.435,4096
420,Qwen2.5-VL-3B,,701.13,73.14,774.27,0.794,124,2,126,0,Yes,no,Are there more farmlands than roads?,5.13,5.28,12.01,58.0,8.41,0.0678,4.2054,0.0668,7124,483,1006,40,0.0012,335,1481.798,4096
421,Qwen2.5-VL-3B,,700.97,281.42,982.39,1.003,125,5,130,0,1000,0,What is the amount of circular farmlands?,5.28,5.48,12.09,58.0,12.08,0.0966,2.4160,0.0929,7124,483,1006,132,0.0040,336,1486.196,4096
422,Qwen2.5-VL-3B,,714.50,72.87,787.37,0.809,133,2,135,1,No,no,Is the number of farmlands equal to the number of water areas in the image?,4.88,5.32,11.60,58.3,9.27,0.0697,4.6338,0.0686,7128,479,1006,134,0.0041,337,1490.734,4096
423,Qwen2.5-VL-3B,,700.65,73.34,773.99,0.796,123,2,125,0,1,0,What is the amount of large roads?,4.68,5.05,11.30,58.2,7.92,0.0644,3.9616,0.0634,7134,473,1006,38,0.0012,338,1495.449,4096
424,Qwen2.5-VL-3B,,699.70,73.15,772.85,0.795,121,2,123,1,Yes,yes,Is a large forest present?,5.12,5.36,11.84,58.2,8.29,0.0685,4.1450,0.0674,7140,467,1006,36,0.0011,339,1499.811,4096
425,Qwen2.5-VL-3B,,616.57,73.26,689.83,0.715,123,2,125,0,Yes,no,Are there more water areas than forests?,5.21,5.48,11.86,58.1,8.30,0.0675,4.1490,0.0664,7146,461,1006,124,0.0038,339,1499.741,4096
426,Qwen2.5-VL-3B,,700.62,73.15,773.77,0.792,124,2,126,0,1,0,What is the number of medium water areas?,4.89,5.09,11.48,57.9,8.04,0.0648,4.0206,0.0638,7149,458,1006,39,0.0012,340,1504.103,4096
427,Qwen2.5-VL-3B,,616.47,73.18,689.65,0.715,121,2,123,1,Yes,yes,Is there a orchard?,5.13,5.44,11.75,58.2,8.22,0.0679,4.1106,0.0668,7150,457,1006,122,0.0037,340,1504.209,4096
428,Qwen2.5-VL-3B,,700.28,73.17,773.45,0.793,124,2,126,0,Yes,no,Are there less roads than rectangular grass areas?,4.92,5.32,11.56,58.2,8.07,0.0651,4.0344,0.0640,7155,452,1006,39,0.0012,341,1508.501,4096
429,Qwen2.5-VL-3B,,700.89,281.50,982.38,1.010,123,5,128,0,1000,2,What is the number of nature reserves?,5.25,5.48,12.01,58.4,12.02,0.0977,2.4035,0.0939,7155,452,1006,130,0.0040,342,1512.899,4096
430,Qwen2.5-VL-3B,,699.66,73.18,772.84,0.794,122,2,124,0,Yes,no,Is a square farmland present?,4.71,5.08,11.41,58.2,7.99,0.0655,3.9973,0.0645,7152,455,1032,40,0.0012,343,1517.367,4096
431,Qwen2.5-VL-3B,,699.77,144.81,844.58,0.866,123,3,126,0,10,0,What is the amount of rectangular roads?,5.16,5.44,11.89,58.1,9.51,0.0773,3.1694,0.0755,7157,450,1032,126,0.0038,344,1521.694,4096
432,Qwen2.5-VL-3B,,616.23,73.43,689.66,0.715,123,2,125,0,Yes,no,Are there more grass areas than roads?,5.12,5.44,11.81,58.1,8.25,0.0670,4.1230,0.0660,7163,444,1032,124,0.0038,344,1521.730,4096
433,Qwen2.5-VL-3B,,714.03,73.31,787.34,0.806,132,2,134,0,Yes,no,Are there less roads at the bottom of the  water area than farmlands?,4.88,5.36,11.46,58.2,9.17,0.0695,4.5865,0.0685,7175,432,1032,133,0.0041,345,1526.092,4096
434,Qwen2.5-VL-3B,,699.55,73.26,772.81,0.794,123,2,125,1,Yes,yes,Are there more roads than nature reserves?,4.78,5.20,11.34,58.1,7.91,0.0643,3.9555,0.0633,7175,432,1032,38,0.0012,346,1530.771,4096
435,Qwen2.5-VL-3B,,699.92,73.25,773.17,0.795,122,2,124,0,Yes,no,Is a small water area present?,5.14,5.40,11.92,58.2,8.35,0.0684,4.1726,0.0673,7180,427,1032,37,0.0011,347,1535.134,4096
436,Qwen2.5-VL-3B,,616.21,73.24,689.45,0.715,123,2,125,0,Yes,no,Are there more water areas than roads?,5.18,5.44,11.90,58.3,8.32,0.0676,4.1579,0.0665,7179,428,1046,124,0.0038,347,1535.099,4096
437,Qwen2.5-VL-3B,,699.70,73.18,772.88,0.791,124,2,126,0,Yes,no,Are there less roads than farmlands?,4.82,5.17,11.42,58.1,8.01,0.0646,4.0029,0.0635,7184,423,1046,39,0.0012,348,1539.461,4096
438,Qwen2.5-VL-3B,,700.24,73.23,773.47,0.795,126,2,128,0,Yes,no,Are there less medium grass areas than small water areas?,5.14,5.36,11.87,58.2,8.31,0.0659,4.1545,0.0649,7184,423,1046,41,0.0013,349,1543.859,4096
439,Qwen2.5-VL-3B,,700.82,73.23,774.04,0.796,126,2,128,0,Yes,no,Are there more small farmlands than water areas?,5.21,5.44,12.03,58.1,8.42,0.0668,4.2110,0.0658,7189,418,1046,41,0.0013,350,1548.327,4096
440,Qwen2.5-VL-3B,,616.17,73.23,689.40,0.714,121,2,123,0,Yes,no,Is a rectangular road present?,5.17,5.48,11.92,58.2,8.34,0.0689,4.1691,0.0678,7199,408,1059,122,0.0037,350,1548.503,4096
441,Qwen2.5-VL-3B,,616.08,73.12,689.19,0.712,121,2,123,0,Yes,no,Is there a circular road?,4.95,5.48,11.47,58.0,7.99,0.0660,3.9946,0.0650,7199,408,1059,122,0.0037,350,1548.503,4096
442,Qwen2.5-VL-3B,,616.15,73.11,689.27,0.711,122,2,124,1,Yes,yes,Is a large water area present?,4.78,5.28,11.26,58.0,7.85,0.0643,3.9237,0.0633,7200,407,1059,123,0.0038,350,1548.468,4096
443,Qwen2.5-VL-3B,,699.95,145.03,844.99,0.864,123,3,126,0,10,0,How many small water areas are there?,4.79,5.28,11.37,58.2,9.08,0.0738,3.0276,0.0721,7200,407,1059,126,0.0038,351,1552.795,4096
444,Qwen2.5-VL-3B,,616.59,73.15,689.73,0.733,122,2,124,0,Yes,no,Is a rectangular water area present?,4.96,5.28,11.64,58.4,8.14,0.0667,4.0704,0.0657,7200,407,1059,126,0.0038,351,1552.866,4096
445,Qwen2.5-VL-3B,,616.17,73.24,689.41,0.712,124,2,126,1,Yes,yes,Are there more nature reserves than water areas?,4.91,5.40,11.46,58.5,7.98,0.0644,3.9903,0.0633,7202,405,1086,125,0.0038,351,1552.795,4096
446,Qwen2.5-VL-3B,,699.76,73.22,772.99,0.792,123,2,125,1,Yes,yes,Are there more roads than small forests?,4.76,5.17,11.34,58.1,7.91,0.0643,3.9536,0.0633,7202,405,1086,38,0.0012,352,1557.193,4096
447,Qwen2.5-VL-3B,,698.84,73.08,771.92,0.794,124,2,126,1,Yes,yes,Are there more roads than farmlands?,5.09,5.36,11.87,58.2,8.31,0.0670,4.1533,0.0659,7202,405,1086,39,0.0012,353,1561.556,4096
448,Qwen2.5-VL-3B,,700.43,73.36,773.79,0.812,123,2,125,1,1,1,What is the number of rectangular forests?,5.15,5.48,11.87,58.2,9.49,0.0772,4.7452,0.0759,7207,400,1086,127,0.0039,354,1565.953,4096
449,Qwen2.5-VL-3B,,616.12,73.18,689.30,0.713,128,2,130,1,No,no,Is the number of water areas equal to the number of roads?,4.73,5.28,11.17,58.1,7.82,0.0611,3.9079,0.0601,7215,392,1091,129,0.0039,354,1565.778,4096
450,Qwen2.5-VL-3B,,616.17,73.26,689.42,0.712,122,2,124,0,Yes,no,Is a circular water area present?,4.80,5.28,11.22,58.1,7.81,0.0640,3.9041,0.0630,7218,389,1091,123,0.0038,354,1565.989,4096
451,Qwen2.5-VL-3B,,616.21,73.27,689.48,0.712,123,2,125,1,Yes,yes,Are there less water areas than roads?,4.76,5.28,11.18,58.3,7.79,0.0633,3.8959,0.0623,7218,389,1091,124,0.0038,354,1565.953,4096
452,Qwen2.5-VL-3B,,712.77,144.96,857.73,0.878,127,3,130,0,10,0,How many medium farmlands are there in the image?,4.82,5.32,11.37,58.2,9.08,0.0715,3.0279,0.0699,7217,390,1091,130,0.0040,355,1570.316,4096
453,Qwen2.5-VL-3B,,701.00,73.15,774.15,0.796,124,2,126,1,Yes,yes,Are there less farmlands than roads?,5.07,5.40,11.83,58.4,8.27,0.0667,4.1367,0.0657,7218,389,1091,40,0.0012,356,1574.854,4096
454,Qwen2.5-VL-3B,,700.76,73.26,774.02,0.811,125,2,127,0,Yes,no,Are there more water areas than farmlands?,5.16,5.48,11.88,58.1,9.50,0.0760,4.7481,0.0748,7221,386,1101,127,0.0039,357,1579.252,4096
455,Qwen2.5-VL-3B,,701.02,73.25,774.27,0.814,123,2,125,0,1,0,How many rectangular water areas are there?,4.84,5.32,11.34,58.1,9.03,0.0734,4.5158,0.0723,7226,381,1111,128,0.0039,358,1583.685,4096
456,Qwen2.5-VL-3B,,714.93,73.25,788.17,0.809,130,2,132,1,No,no,Is the number of water areas equal to the number of medium nature reserves?,4.91,5.36,11.46,58.1,9.16,0.0704,4.5786,0.0694,7229,378,1119,131,0.0040,359,1588.048,4096
457,Qwen2.5-VL-3B,,713.40,73.35,786.75,0.819,128,2,130,0,Yes,no,Is there a road on the right of the  water area?,4.85,5.32,11.38,58.1,9.11,0.0712,4.5575,0.0701,7235,372,1119,133,0.0041,360,1592.657,4096
458,Qwen2.5-VL-3B,,616.31,73.28,689.59,0.716,123,2,125,0,Yes,no,Are there less roads than water areas?,4.89,5.40,11.46,58.4,7.98,0.0648,3.9880,0.0638,7235,372,1187,124,0.0038,360,1592.832,4096
459,Qwen2.5-VL-3B,,700.01,73.21,773.22,0.793,122,2,124,0,Yes,no,Is there a small nature reserve?,4.84,5.28,11.46,58.1,8.01,0.0656,4.0042,0.0646,7242,365,1186,37,0.0011,361,1597.195,4096
460,Qwen2.5-VL-3B,,700.79,281.57,982.37,1.004,124,5,129,0,1000,4,What is the amount of large grass areas?,5.21,5.48,12.00,58.2,11.99,0.0967,2.3981,0.0930,7242,365,1186,131,0.0040,362,1601.522,4096
461,Qwen2.5-VL-3B,,616.06,72.84,688.90,0.714,123,2,125,1,Yes,yes,Are there less water areas than forests?,4.82,5.28,11.52,58.0,8.02,0.0652,4.0087,0.0641,7247,360,1186,124,0.0038,362,1601.663,4096
462,Qwen2.5-VL-3B,,615.67,73.22,688.89,0.712,122,2,124,1,Yes,yes,Are there more roads than forests?,4.85,5.28,11.41,58.0,7.97,0.0653,3.9844,0.0643,7252,355,1186,123,0.0038,362,1601.698,4096
463,Qwen2.5-VL-3B,,699.13,73.25,772.38,0.792,124,2,126,1,Yes,yes,Are there more water areas than medium roads?,4.70,5.01,11.24,58.0,7.88,0.0635,3.9396,0.0625,7252,355,1186,39,0.0012,363,1606.026,4096
464,Qwen2.5-VL-3B,,700.32,213.47,913.79,0.935,122,4,126,0,100,0,How many square roads are there?,5.20,5.48,11.95,58.3,10.75,0.0881,2.6882,0.0853,7252,355,1191,127,0.0039,364,1610.424,4096
465,Qwen2.5-VL-3B,,714.17,73.31,787.48,0.808,130,2,132,1,No,no,Is the number of water areas equal to the number of farmlands?,4.99,5.40,11.71,58.2,9.34,0.0719,4.6705,0.0708,7261,346,1191,131,0.0040,365,1614.821,4096
466,Qwen2.5-VL-3B,,712.80,73.50,786.29,0.807,131,2,133,0,Yes,no,Is the number of roads equal to the number of water areas in the image?,4.85,5.36,11.39,58.1,9.10,0.0695,4.5519,0.0684,7262,345,1219,132,0.0040,366,1619.430,4096
467,Qwen2.5-VL-3B,,701.43,73.21,774.64,0.796,125,2,127,0,Yes,no,Are there less roads than circular farmlands?,4.71,5.05,11.29,58.0,7.92,0.0633,3.9585,0.0623,7270,337,1219,40,0.0012,367,1624.074,4096
468,Qwen2.5-VL-3B,,712.84,73.43,786.27,0.808,126,2,128,1,Yes,yes,Is a water area next to a  road present?,5.15,5.44,11.89,58.4,9.51,0.0755,4.7568,0.0743,7275,332,1219,127,0.0039,368,1628.507,4096
469,Qwen2.5-VL-3B,,700.77,73.36,774.14,0.796,125,2,127,0,Yes,no,Is there a circular grass area in the image?,4.86,5.24,11.43,58.5,7.98,0.0639,3.9916,0.0629,7280,327,1219,40,0.0012,369,1632.975,4096
470,Qwen2.5-VL-3B,,712.27,73.37,785.64,0.807,126,2,128,0,No,yes,Are there more forests than water areas in the image?,5.23,5.48,12.03,58.3,9.62,0.0764,4.8110,0.0752,7283,324,1254,41,0.0013,370,1637.408,4096
471,Qwen2.5-VL-3B,,713.38,73.27,786.65,0.808,126,2,128,1,Yes,yes,Is a road next to a  farmland present?,4.92,5.40,11.49,58.2,9.21,0.0731,4.6064,0.0720,7287,320,1254,41,0.0013,371,1641.876,4096
472,Qwen2.5-VL-3B,,700.50,73.14,773.63,0.795,123,2,125,0,1,0,How many square water areas are there?,4.81,5.28,11.31,58.0,7.88,0.0641,3.9402,0.0630,7290,317,1320,38,0.0012,372,1646.344,4096
473,Qwen2.5-VL-3B,,701.01,73.41,774.42,0.796,122,2,124,1,Yes,yes,Is a large grass area present?,5.13,5.36,11.82,58.2,8.27,0.0678,4.1370,0.0667,7297,310,1320,37,0.0011,373,1650.707,4096
474,Qwen2.5-VL-3B,,700.74,73.54,774.28,0.796,125,2,127,0,Yes,no,Are there less farmlands than water areas?,5.19,5.44,12.00,58.4,8.40,0.0672,4.1977,0.0661,7309,298,1320,40,0.0012,374,1655.034,4096
475,Qwen2.5-VL-3B,,699.88,73.16,773.04,0.796,122,2,124,0,Yes,no,Is a square orchard present?,5.19,5.52,12.07,58.1,8.45,0.0692,4.2238,0.0681,7309,298,1320,37,0.0011,375,1659.467,4096
476,Qwen2.5-VL-3B,,701.40,73.30,774.70,0.796,124,2,126,0,Yes,no,Are there more circular roads than water areas?,5.25,5.52,12.04,58.3,8.43,0.0680,4.2138,0.0669,7301,306,1321,39,0.0012,376,1663.795,4096
477,Qwen2.5-VL-3B,,714.27,73.26,787.53,0.808,129,2,131,1,No,no,Is the number of farmlands equal to the number of roads?,5.44,5.72,12.33,58.3,9.87,0.0765,4.9362,0.0754,7310,297,1330,130,0.0040,377,1668.192,4096
478,Qwen2.5-VL-3B,,702.14,73.62,775.76,0.798,124,2,126,0,Yes,no,Are there more rectangular nature reserves than forests?,5.03,5.44,11.81,58.2,8.27,0.0667,4.1361,0.0657,7312,295,1332,39,0.0012,378,1672.766,4096
479,Qwen2.5-VL-3B,,700.24,73.20,773.44,0.795,122,2,124,0,Yes,no,Is there a square grass area?,5.19,5.48,12.23,58.3,8.57,0.0702,4.2838,0.0691,7319,288,1412,37,0.0011,379,1677.164,4096
480,Qwen2.5-VL-3B,,700.58,281.96,982.54,1.003,123,5,128,0,1000,0,What is the amount of small forests?,5.28,5.52,12.12,58.4,12.11,0.0985,2.4229,0.0946,7318,289,1417,130,0.0040,380,1681.491,4096
481,Qwen2.5-VL-3B,,713.88,72.95,786.83,0.808,129,2,131,0,Yes,no,Is the number of rectangular orchards equal to the number of roads?,4.87,5.36,11.66,58.4,9.30,0.0721,4.6495,0.0710,7329,278,1417,130,0.0040,381,1685.959,4096
482,Qwen2.5-VL-3B,,616.37,74.32,690.69,0.715,125,2,127,1,Yes,yes,Are there less water areas than farmlands?,4.79,5.21,11.34,58.4,7.94,0.0635,3.9683,0.0625,7334,273,1417,126,0.0038,381,1686.100,4096
483,Qwen2.5-VL-3B,,616.46,73.19,689.65,0.719,128,2,130,1,No,no,Is the number of grass areas equal to the number of roads?,4.83,5.28,11.37,58.2,7.92,0.0619,3.9608,0.0609,7338,269,1427,129,0.0039,381,1685.995,4096
484,Qwen2.5-VL-3B,,713.64,145.33,858.97,0.880,129,3,132,0,10,0,What is the amount of roads next to a  small nature reserve?,4.88,5.36,11.50,58.1,9.18,0.0712,3.0598,0.0695,7337,270,1423,132,0.0040,382,1690.533,4096
485,Qwen2.5-VL-3B,,749.75,73.53,823.28,0.844,128,2,130,0,Yes,no,Is a water area at the top of a  road present?,4.99,5.40,11.71,58.4,9.33,0.0729,4.6662,0.0718,7338,269,1422,129,0.0039,383,1695.142,4096
486,Qwen2.5-VL-3B,,713.16,73.34,786.50,0.807,129,2,131,1,No,no,Is the number of nature reserves equal to the number of water areas?,4.92,5.40,11.62,58.4,9.29,0.0720,4.6468,0.0709,7341,266,1441,130,0.0040,384,1699.680,4096
487,Qwen2.5-VL-3B,,616.45,73.50,689.94,0.716,123,2,125,0,1,0,What is the number of square forests?,4.81,5.28,11.31,58.2,7.88,0.0641,3.9407,0.0631,7348,259,1441,124,0.0038,384,1699.891,4096
488,Qwen2.5-VL-3B,,700.07,145.40,845.47,0.865,123,3,126,0,10,0,How many square grass areas are there?,4.90,5.32,11.49,58.2,9.18,0.0747,3.0608,0.0729,7354,253,1441,126,0.0038,385,1704.254,4096
489,Qwen2.5-VL-3B,,701.14,73.29,774.43,0.796,124,2,126,1,Yes,yes,Are there more roads than circular water areas?,4.96,5.20,11.77,58.1,8.24,0.0665,4.1218,0.0654,7354,253,1441,40,0.0012,386,1708.652,4096
490,Qwen2.5-VL-3B,,713.47,73.40,786.88,0.809,128,2,130,1,No,no,Is the number of water areas equal to the number of forests?,5.22,5.48,11.99,58.4,9.60,0.0750,4.7988,0.0738,7359,248,1441,129,0.0039,387,1713.049,4096
491,Qwen2.5-VL-3B,,700.64,73.10,773.74,0.795,129,2,131,1,No,no,Is the number of grass areas equal to the number of rectangular roads?,4.81,5.24,11.38,58.3,7.95,0.0616,3.9764,0.0607,7361,246,1468,44,0.0013,388,1717.588,4096
492,Qwen2.5-VL-3B,,726.04,73.21,799.25,0.821,128,2,130,1,Yes,yes,Are there more farmlands than water areas in the image?,5.13,5.40,11.92,58.2,9.53,0.0745,4.7675,0.0733,7366,241,1468,129,0.0039,389,1722.162,4096
493,Qwen2.5-VL-3B,,714.50,73.50,788.00,0.809,131,2,133,1,No,no,Is the number of square grass areas equal to the number of farmlands?,4.98,5.48,11.61,58.4,9.25,0.0706,4.6262,0.0696,7369,238,1502,132,0.0040,390,1726.700,4096
494,Qwen2.5-VL-3B,,752.50,73.39,825.89,0.848,128,2,130,0,Yes,no,Is a water area at the bottom of a  forest present?,4.68,5.28,11.24,58.4,8.95,0.0699,4.4747,0.0688,7374,233,1502,129,0.0039,391,1731.344,4096
495,Qwen2.5-VL-3B,,715.00,73.49,788.49,0.810,131,2,133,0,2,0,What is the number of water areas on the left of a  farmland?,5.07,5.40,11.70,58.2,9.35,0.0714,4.6747,0.0703,7379,228,1502,132,0.0040,392,1735.882,4096
496,Qwen2.5-VL-3B,,713.43,214.71,928.14,0.949,131,4,135,0,100,0,What is the amount of roads at the bottom of a  medium water area?,4.84,5.36,11.50,58.2,10.37,0.0792,2.5927,0.0768,7380,227,1554,136,0.0042,393,1740.526,4096
497,Qwen2.5-VL-3B,,616.47,73.17,689.63,0.722,127,2,129,1,No,no,Is the number of roads equal to the number of forests?,4.94,5.36,11.69,58.4,8.15,0.0642,4.0740,0.0632,7384,223,1554,132,0.0040,393,1740.737,4096
498,Qwen2.5-VL-3B,,767.92,74.07,841.99,0.865,134,2,136,0,2,0,How many large water areas on the right of a  circular forest are there in the image?,4.75,5.32,11.27,58.3,8.99,0.0671,4.4930,0.0661,7393,214,1550,135,0.0041,394,1745.241,4096
499,Qwen2.5-VL-3B,,713.93,146.10,860.03,0.881,130,3,133,0,10,0,What is the number of roads on the right of the  water area?,5.04,5.44,11.78,58.4,9.43,0.0725,3.1427,0.0709,7393,214,1549,133,0.0041,395,1749.990,4096
500,Qwen2.5-VL-3B,,616.36,123.51,739.87,0.766,124,2,126,1,Urban,urban,Is it a rural or an urban area,4.99,5.40,11.69,58.3,8.19,0.0660,4.0935,0.0650,7397,210,1549,125,0.0038,395,1750.201,4096
501,Qwen2.5-VL-3B,,616.43,73.21,689.64,0.717,121,2,123,1,Yes,yes,Is there a residential building?,4.83,5.32,11.44,58.3,7.99,0.0660,3.9955,0.0650,7403,204,1549,122,0.0037,395,1750.307,4096
502,Qwen2.5-VL-3B,,616.57,281.67,898.23,0.931,123,5,128,0,1000,6891,What is the number of residential buildings?,4.94,5.32,11.46,58.3,10.30,0.0838,2.0607,0.0805,7403,204,1546,130,0.0040,395,1750.201,4096
503,Qwen2.5-VL-3B,,618.74,145.22,763.96,0.796,125,3,128,0,10,984,What is the amount of roads in the image?,4.78,5.24,11.44,58.5,8.01,0.0640,2.6686,0.0625,7403,204,1541,133,0.0041,395,1750.166,4096
504,Qwen2.5-VL-3B,,616.64,73.26,689.90,0.724,122,2,124,1,Yes,yes,Is a medium water area present?,5.12,5.44,11.83,58.2,8.28,0.0679,4.1391,0.0668,7404,203,1536,126,0.0038,395,1750.307,4096
505,Qwen2.5-VL-3B,,729.63,213.88,943.51,0.966,125,4,129,0,100,44,How many commercial buildings are there in the image?,4.88,5.36,11.49,58.1,10.31,0.0825,2.5780,0.0799,7401,206,1552,130,0.0040,396,1754.634,4096
506,Qwen2.5-VL-3B,,700.80,144.55,845.35,0.866,123,3,126,0,10,295,What is the number of grass areas?,5.28,5.64,12.26,58.3,9.81,0.0798,3.2712,0.0779,7399,208,1599,126,0.0038,397,1759.138,4096
507,Qwen2.5-VL-3B,,616.00,73.24,689.24,0.722,122,2,124,1,Yes,yes,Is there a rectangular commercial building?,5.12,5.60,11.95,58.2,8.33,0.0683,4.1667,0.0672,7393,214,1702,126,0.0038,397,1759.208,4096
508,Qwen2.5-VL-3B,,734.89,73.36,808.25,0.831,121,2,123,1,Yes,yes,Is a commercial building present?,4.74,5.20,11.34,58.4,9.05,0.0748,4.5274,0.0736,7404,203,1698,36,0.0011,398,1763.535,4096
509,Qwen2.5-VL-3B,,616.37,145.09,761.46,0.786,122,3,125,0,10,48,How many medium forests are there?,4.75,5.28,11.31,58.5,7.92,0.0649,2.6396,0.0634,7403,204,1697,125,0.0038,398,1763.465,4096
510,Qwen2.5-VL-3B,,616.53,73.13,689.66,0.712,120,2,122,1,Yes,yes,Is a building present?,5.13,5.44,11.89,58.2,8.32,0.0693,4.1594,0.0682,7411,196,1697,121,0.0037,398,1763.570,4096
511,Qwen2.5-VL-3B,,616.31,73.17,689.48,0.712,123,2,125,0,3,40,What is the number of water areas?,4.88,5.28,11.46,58.2,8.00,0.0651,4.0012,0.0640,7411,196,1697,124,0.0038,398,1763.465,4096
512,Qwen2.5-VL-3B,,616.74,73.29,690.02,0.721,124,2,126,0,Yes,no,Are there more water areas than commercial buildings?,4.70,5.20,11.37,58.1,7.97,0.0643,3.9845,0.0632,7410,197,1697,127,0.0039,398,1763.430,4096
513,Qwen2.5-VL-3B,,760.02,281.61,1041.63,1.064,121,5,126,0,1000,178,How many forests are there?,4.96,5.44,11.65,58.5,11.62,0.0961,2.3249,0.0923,7406,201,1707,128,0.0039,399,1767.828,4096
514,Qwen2.5-VL-3B,,839.78,212.65,1052.43,1.073,123,4,127,0,100,4,What is the amount of scrubs?,4.74,5.48,11.38,58.3,11.32,0.0920,2.8297,0.0891,7395,212,1806,128,0.0039,400,1772.225,4096
515,Qwen2.5-VL-3B,,616.85,280.46,897.31,0.931,123,5,128,0,1000,38,How many farmlands are there?,5.15,5.44,11.89,58.3,10.71,0.0870,2.1411,0.0836,7402,205,1806,130,0.0040,400,1772.225,4096
516,Qwen2.5-VL-3B,,616.46,144.63,761.09,0.786,124,3,127,0,10,50,What is the number of rectangular grass areas?,4.93,5.40,11.67,58.5,8.12,0.0655,2.7081,0.0640,7399,208,1872,127,0.0039,400,1772.296,4096
517,Qwen2.5-VL-3B,,872.71,212.33,1085.04,1.108,124,4,128,0,100,91,What is the amount of medium grass areas?,4.70,5.32,11.34,58.2,12.42,0.1002,3.1052,0.0970,7396,211,1872,129,0.0039,401,1776.729,4096
518,Qwen2.5-VL-3B,,735.72,73.27,808.98,0.832,124,2,126,0,2,8,What is the number of large water areas?,4.87,5.44,11.56,58.3,9.20,0.0742,4.6011,0.0730,7396,211,1870,41,0.0013,402,1781.197,4096
519,Qwen2.5-VL-3B,,616.58,73.30,689.88,0.722,121,2,123,1,Yes,yes,Is a small road present?,4.85,5.32,11.45,58.2,7.98,0.0659,3.9883,0.0648,7389,218,2024,124,0.0038,402,1781.302,4096
520,Qwen2.5-VL-3B,,616.57,73.29,689.86,0.718,120,2,122,1,Yes,yes,Is there a road?,4.84,5.32,11.44,58.2,7.98,0.0665,3.9919,0.0654,7397,210,2020,121,0.0037,402,1781.337,4096
521,Qwen2.5-VL-3B,,616.32,73.22,689.54,0.717,121,2,123,1,Yes,yes,Is there a water area?,4.74,5.28,11.27,58.1,7.88,0.0652,3.9419,0.0641,7398,209,2018,122,0.0037,402,1781.302,4096
522,Qwen2.5-VL-3B,,713.06,73.50,786.56,0.809,130,2,132,1,No,no,Is the number of farmlands equal to the number of water areas?,4.91,5.32,11.47,58.2,9.14,0.0703,4.5705,0.0693,7398,209,2016,131,0.0040,403,1785.594,4096
523,Qwen2.5-VL-3B,,748.43,73.36,821.79,0.843,123,2,125,1,Yes,yes,Are there more buildings than parkings?,4.69,5.32,11.26,58.2,8.99,0.0731,4.4936,0.0719,7399,208,2015,38,0.0012,404,1790.203,4096
524,Qwen2.5-VL-3B,,616.70,213.29,829.99,0.854,121,4,125,0,100,6998,How many buildings are there?,4.93,5.36,11.57,58.1,9.26,0.0765,2.3151,0.0741,7403,204,2055,126,0.0038,404,1790.274,4096
525,Qwen2.5-VL-3B,,726.33,73.45,799.78,0.820,128,2,130,0,Yes,no,Is there a large road on the left of a  road?,5.02,5.40,11.83,58.2,9.44,0.0738,4.7213,0.0726,7400,207,2055,45,0.0014,405,1794.636,4096
526,Qwen2.5-VL-3B,,700.82,73.23,774.05,0.795,123,2,125,0,Yes,no,Are there more water areas than buildings?,5.03,5.48,11.77,58.2,8.23,0.0669,4.1157,0.0659,7399,208,2078,38,0.0012,406,1799.175,4096
527,Qwen2.5-VL-3B,,759.87,73.19,833.06,0.859,122,2,124,1,Yes,yes,Is a large commercial building present?,4.91,5.48,11.68,58.5,9.31,0.0763,4.6569,0.0751,7396,211,2199,37,0.0011,407,1803.537,4096
528,Qwen2.5-VL-3B,,810.72,99.11,909.82,0.942,129,2,131,1,No,no,Is the number of residential buildings equal to the number of village greens?,4.90,5.56,11.53,58.2,10.33,0.0801,5.1643,0.0788,7399,208,2199,44,0.0013,408,1807.865,4096
529,Qwen2.5-VL-3B,,772.95,73.25,846.20,0.869,123,2,125,1,Yes,yes,Are there less water areas than buildings?,4.77,5.36,11.44,58.2,9.10,0.0740,4.5508,0.0728,7389,218,2414,38,0.0012,409,1812.438,4096
530,Qwen2.5-VL-3B,,617.17,73.27,690.44,0.723,123,2,125,0,Yes,no,Are there less buildings than grass areas?,5.18,5.52,12.11,58.4,8.49,0.0690,4.2440,0.0679,7396,211,2417,126,0.0038,409,1812.438,4096
531,Qwen2.5-VL-3B,,700.87,73.18,774.05,0.797,124,2,126,0,Yes,no,Are there more square water areas than roads?,4.92,5.52,11.73,58.2,8.18,0.0659,4.0879,0.0649,7388,219,2553,39,0.0012,410,1816.801,4096
532,Qwen2.5-VL-3B,,796.33,73.19,869.52,0.891,122,2,124,1,Yes,yes,Is a square grass area present?,4.79,5.36,11.46,58.2,9.14,0.0749,4.5678,0.0737,7390,217,2552,37,0.0011,411,1821.199,4096
533,Qwen2.5-VL-3B,,778.22,110.08,888.29,0.910,129,2,131,1,No,no,Is the number of large buildings equal to the number of cemeterys?,5.04,5.36,11.85,58.3,10.66,0.0826,5.3287,0.0814,7397,210,2552,44,0.0013,412,1825.526,4096
534,Qwen2.5-VL-3B,,616.45,435.70,1052.15,1.084,123,5,128,0,1000,5,How many large commercial buildings are there?,4.64,5.24,11.12,58.0,11.13,0.0905,2.2252,0.0869,7398,209,2659,130,0.0040,412,1825.632,4096
535,Qwen2.5-VL-3B,,616.54,73.27,689.81,0.724,122,2,124,1,Yes,yes,Are there more roads than forests?,4.72,5.28,11.38,58.3,7.97,0.0654,3.9870,0.0643,7403,204,2655,128,0.0039,412,1825.772,4096
536,Qwen2.5-VL-3B,,616.46,73.28,689.73,0.722,120,2,122,1,Yes,yes,Is there a forest?,4.77,5.21,11.41,58.0,7.98,0.0665,3.9899,0.0654,7402,205,2666,123,0.0038,412,1825.843,4096
537,Qwen2.5-VL-3B,,767.16,73.92,841.08,0.864,127,2,129,0,Yes,no,Are there less residential buildings than grass areas in the image?,4.71,5.32,11.21,58.2,8.91,0.0702,4.4563,0.0691,7403,204,2661,42,0.0013,413,1830.100,4096
538,Qwen2.5-VL-3B,,616.72,73.25,689.96,0.728,122,2,124,1,Yes,yes,Is there a medium commercial building?,5.16,5.52,11.78,58.2,8.23,0.0674,4.1132,0.0663,7398,209,2722,125,0.0038,413,1830.276,4096
539,Qwen2.5-VL-3B,,616.31,73.18,689.49,0.753,123,2,125,1,Yes,yes,Are there less roads than residential buildings?,4.68,5.05,11.14,58.1,7.78,0.0633,3.8911,0.0623,7400,207,2761,126,0.0038,413,1830.240,4096
540,Qwen2.5-VL-3B,,815.26,214.01,1029.27,1.052,124,4,128,0,100,23,What is the number of medium residential buildings?,4.58,5.40,11.18,58.2,11.13,0.0897,2.7816,0.0869,7400,207,2756,129,0.0039,414,1834.603,4096
541,Qwen2.5-VL-3B,,616.82,73.16,689.98,0.726,120,2,122,1,Yes,yes,Is there a parking?,5.05,5.56,11.98,58.3,8.35,0.0696,4.1750,0.0684,7389,218,2825,125,0.0038,414,1834.814,4096
542,Qwen2.5-VL-3B,,616.68,73.48,690.16,0.724,122,2,124,1,Yes,yes,Is a small commercial building present?,4.90,5.44,11.55,58.2,8.07,0.0661,4.0331,0.0650,7397,210,2843,125,0.0038,414,1834.744,4096
543,Qwen2.5-VL-3B,,616.48,73.46,689.94,0.723,121,2,123,1,Yes,yes,Is a farmland present?,4.84,5.24,11.56,58.2,8.09,0.0668,4.0429,0.0657,7401,206,2847,124,0.0038,414,1834.779,4096
544,Qwen2.5-VL-3B,,861.89,73.33,935.23,0.958,124,2,126,0,No,yes,Is a rectangular building present in the image?,4.49,5.32,10.95,58.1,9.77,0.0788,4.8869,0.0776,7404,203,2840,125,0.0038,415,1839.071,4096
545,Qwen2.5-VL-3B,,616.41,73.29,689.71,0.722,121,2,123,1,Yes,yes,Is there a grass area?,4.84,5.28,11.46,58.2,8.00,0.0661,4.0001,0.0650,7393,214,2871,124,0.0038,415,1839.177,4096
546,Qwen2.5-VL-3B,,616.39,73.22,689.61,0.722,123,2,125,0,Yes,no,Are there more water areas than roads?,4.73,5.24,11.32,58.1,7.92,0.0644,3.9594,0.0634,7401,206,2867,126,0.0038,415,1839.106,4096
547,Qwen2.5-VL-3B,,616.67,73.22,689.88,0.724,122,2,124,1,Yes,yes,Are there more buildings than forests?,4.86,5.36,11.52,58.4,8.02,0.0658,4.0110,0.0647,7401,206,2862,125,0.0038,415,1839.141,4096
548,Qwen2.5-VL-3B,,616.36,73.22,689.57,0.723,124,2,126,1,Yes,yes,Are there more commercial buildings than water areas?,4.83,5.28,11.40,58.0,7.95,0.0641,3.9735,0.0631,7400,207,2869,127,0.0039,415,1839.071,4096
549,Qwen2.5-VL-3B,,616.51,73.10,689.62,0.723,121,2,123,0,No,yes,Is a large forest present?,4.81,5.21,11.29,58.2,7.90,0.0652,3.9475,0.0642,7401,206,2864,122,0.0037,415,1839.177,4096
550,Qwen2.5-VL-3B,,960.90,73.32,1034.22,1.057,129,2,131,1,No,no,Is the number of grass areas equal to the number of commercial buildings?,4.15,5.01,10.41,58.0,10.35,0.0802,5.1735,0.0790,7403,204,2859,130,0.0040,416,1843.469,4096
551,Qwen2.5-VL-3B,,616.91,73.48,690.39,0.722,122,2,124,0,2,0,How many large roads are there?,4.87,5.32,11.42,58.1,7.95,0.0652,3.9768,0.0641,7397,210,2874,125,0.0038,416,1843.715,4096
552,Qwen2.5-VL-3B,,816.43,73.36,889.79,0.913,129,2,131,1,No,no,Is the number of roads equal to the number of square grass areas?,4.63,5.20,11.21,58.2,10.05,0.0779,5.0261,0.0767,7403,204,2873,44,0.0013,417,1848.043,4096
553,Qwen2.5-VL-3B,,726.60,73.24,799.85,0.830,121,2,123,1,Yes,yes,Is a square building present?,4.79,5.32,11.35,58.2,9.04,0.0747,4.5184,0.0735,7406,201,2918,132,0.0040,418,1852.616,4096
554,Qwen2.5-VL-3B,,727.11,73.18,800.29,0.824,122,2,124,1,Yes,yes,Is a small grass area present?,4.82,5.36,11.48,58.1,9.16,0.0750,4.5775,0.0738,7415,192,2918,37,0.0011,419,1856.908,4096
555,Qwen2.5-VL-3B,,801.93,72.93,874.86,0.896,124,2,126,0,Yes,no,Are there more water areas than residential buildings?,4.52,4.90,11.07,57.8,8.83,0.0712,4.4150,0.0701,7409,198,2929,39,0.0012,420,1861.236,4096
556,Qwen2.5-VL-3B,,616.41,73.34,689.75,0.823,121,2,123,0,Yes,no,Is a rectangular road present?,4.65,5.24,11.27,58.0,8.97,0.0742,4.4867,0.0730,7413,194,2966,124,0.0038,420,1861.341,4096
557,Qwen2.5-VL-3B,,748.41,73.26,821.67,0.846,124,2,126,0,Yes,no,Are there less roads than square grass areas?,4.73,5.28,11.29,58.2,8.98,0.0724,4.4919,0.0713,7419,188,2962,125,0.0038,421,1865.634,4096
558,Qwen2.5-VL-3B,,617.14,369.69,986.84,1.019,123,4,127,0,100,0,What is the number of square roads?,4.89,5.48,11.53,58.1,11.55,0.0939,2.8885,0.0910,7414,193,2969,127,0.0039,421,1865.634,4096
